﻿<!-- Aeon MQ 4 -->

<window id="40">
    <defaultcontrol always="true">55</defaultcontrol>
    <allowoverlay>no</allowoverlay>
    <onload condition="!Skin.HasSetting(welcomedone)">Skin.SetString(colortexture,deepblue)</onload>
    <onload condition="!Skin.HasSetting(welcomedone)">Skin.SetString(colorheader,sky)</onload>
  <controls>
  <control type="image">
    <include>AnimatedBG</include>
    <texture background="true">$VAR[value_mainmenubg_addons]</texture>
  </control>
  <control type="image">
    <include>AnimatedBG</include>
    <texture background="true">$INFO[ListItem.Property(Fanart_Image)]</texture>
    <visible>!Skin.HasSetting(noAddonfanart)</visible>
  </control>
  <include>LiveBG</include>
  <control type="group">
    <include>Animation_OpenCloseWindow</include>
  <control type="image">
    <posx>23</posx>
    <posy>23</posy>
    <width>1233</width>
    <height>673</height>
    <texture background="true">settings_panelback.png</texture>
  </control>
  <control type="label">
    <include>SettingsSectionTitle</include>
    <label>31202</label>
  </control>
  <control type="label">
    <include>SettingsContentTitle</include>
    <label>31010</label>
  </control>
  
  <control type="list" id="9000">
    <posx>42.5</posx>
    <posy>120</posy>
    <height>600</height>
    <width>249</width>
    <onup>9000</onup>
    <ondown>9000</ondown>
    <onleft condition="Window.Previous(4)">ActivateWindow(4)</onleft>
    <onleft condition="Window.Previous(Home)">ActivateWindow(Home)</onleft>
    <onright condition="Container(9000).HasFocus(1)">55</onright>
    <onright condition="Container(9000).HasFocus(2)">9001</onright>
    <viewtype>list</viewtype>
    <orientation>vertical</orientation>
    <focusposition>5</focusposition>
    <scrolltime>450</scrolltime>
    <movement>2</movement>
  <itemlayout width="216" height="54">
  <control type="label">
    <include>SettingsButtonLabel</include>
    <label>$INFO[ListItem.Label]</label>
    <textcolor>FFf5f5f5</textcolor>
  </control>
  <control type="label">
    <include>SettingsButtonSubtitle</include>
    <label>$INFO[ListItem.Label2]</label>
    <textcolor>FFf5f5f5</textcolor>
  </control>
  </itemlayout>
  <focusedlayout width="216" height="54">
  <control type="image">
    <include>SettingsButtonImage</include>
    <animation effect="fade" start="100" end="50" time="0" condition="!Control.Hasfocus(9000)">conditional</animation>
  </control>
  <control type="label">
    <include>SettingsButtonLabel</include>
    <label>$INFO[ListItem.Label]</label>
    <textcolor>FF101010</textcolor>
  </control>
  <control type="label">
    <include>SettingsButtonSubtitle</include>
    <label>$INFO[ListItem.Label2]</label>
    <textcolor>FF101010</textcolor>
  </control>
  </focusedlayout>
  <content>
  <item id="1"><!-- Addons List -->
    <label>24001</label>
    <label2>31712</label2>
    <icon>-</icon>
    <onclick>SetFocus(55)</onclick>
  </item>
  <item id="2"><!-- Configure -->
    <label>31261</label>
    <label2>31262</label2>
    <icon>-</icon>
    <onclick>SetFocus(9001)</onclick>
  </item>
  </content>
  </control>
	<control type="image">
    <description>front pane for Settings panel</description>
    <posx>42</posx>
    <posy>28</posy>
    <width>1196</width>
    <height>651</height>
    <texture background="true">settings_panelfront.png</texture>
	</control>
  
  <!-- Settings List -->
  <control type="grouplist" id="9001">
    <animation effect="fade" reversible="true" time="150">VisibleChange</animation>
    <include>DefaultControlDimensions</include>
    <visible>Container(9000).HasFocus(2)</visible>
    <onleft>9000</onleft>
    <onright>9000</onright>
    <onup>9001</onup>
    <ondown>9001</ondown>
    <control type="radiobutton" id ="5"><!-- Enable add-ons auto-updates -->
    <label>31263</label>
  </control>
  <control type="radiobutton" id ="6"><!-- No notifications -->
    <label>31264</label>
  </control>
  <control type="radiobutton" id ="500"><!-- Add-on fanart -->
    <label>31265</label>
    <onclick>Skin.ToggleSetting(noaddonfanart)</onclick>
    <selected>!Skin.HasSetting(noaddonfanart)</selected>
  </control>
  </control>
  
  <control type="group"><!-- Browser -->
    <animation effect="fade" reversible="true" time="150">VisibleChange</animation>
    <visible>![Container(9000).HasFocus(2) | ControlGroup(9001).HasFocus]</visible>
  <control type="image">
    <posx>259</posx>
    <posy>404</posy>
    <width>977</width>
    <height>273</height>
    <texture background="true">settings_panelback_overlay.png</texture>
    <animation effect="fade" end="60" condition="true">Conditional</animation>
  </control>
  <control type="list" id="55">
    <posx>258</posx>
    <posy>120</posy>
    <width>936</width>
    <height>255</height>
    <onup>55</onup>
    <ondown>55</ondown>
    <onleft>9000</onleft>
    <onright>60</onright>
    <orientation>vertical</orientation>
    <pagecontrol>60</pagecontrol>
  <itemlayout width="936" height="49">
  <control type="image">
    <width>936</width>
    <height>49</height>
    <texture>settings_radiobuttonoff.png</texture>
  </control>
    <control type="label">
    <posx>50</posx>
    <posy>0</posy>
    <width>536</width>
    <height>49</height>
    <aligny>center</aligny>
    <font>Font_SettingsOptions</font>
    <textcolor>FF939597</textcolor>
    <label>$INFO[ListItem.Label]</label>
    <scroll>false</scroll>
  </control>
  <control type="label">
    <posx>910</posx>
    <posy>0</posy>
    <width>536</width>
    <height>49</height>
    <font>Font_SettingsOptions</font>
    <textcolor>FF939597</textcolor>
    <align>right</align>
    <aligny>center</aligny>
    <label>$INFO[ListItem.Label2]</label>
  </control>
  </itemlayout>
    <focusedlayout width="936" height="49">
  <control type="image">
    <width>936</width>
    <height>49</height>
    <texture>settings_radiobuttonoff.png</texture>
    <visible>!Control.HasFocus(55)</visible>
  </control>
  <control type="image">
    <width>936</width>
    <height>49</height>
    <texture>settings_radiobuttonofffocus.png</texture>
    <colordiffuse>$VAR[value_texturecolors]</colordiffuse>
    <visible>Control.HasFocus(55)</visible>
  </control>
  <control type="label">
    <posx>50</posx>
    <posy>0</posy>
    <width>536</width>
    <height>49</height>
    <font>Font_SettingsOptions</font>
    <aligny>center</aligny>
    <textcolor>FFFFFFFF</textcolor>
    <align>left</align>
    <aligny>center</aligny>
    <label>$INFO[ListItem.Label]</label>
    <animation effect="fade" start="100" end="50" time="0" condition="!Control.Hasfocus(55)">conditional</animation>
  </control>
  <control type="label">
    <posx>910</posx>
    <posy>0</posy>
    <width>536</width>
    <height>49</height>
    <font>Font_SettingsOptions</font>
    <aligny>center</aligny>
    <textcolor>FFFFFFFF</textcolor>
    <align>right</align>
    <aligny>center</aligny>
    <label>$INFO[ListItem.Label2]</label>
    <animation effect="fade" start="100" end="50" time="0" condition="!Control.Hasfocus(55)">conditional</animation>
    </control>
  </focusedlayout>
  </control>
  <control type="image">
    <posx>540</posx>
    <posy>438</posy>
    <width>25</width>
    <height>40</height>
    <texture>arrow_settings_left.png</texture>
    <visible>!IsEmpty(ListItem.property(Addon.Description))</visible>
  </control>
  <control type="image">
    <posx>280</posx>
    <posy>409</posy>
    <height>262</height>
    <width>273</width>
    <texture diffuse="thumb_cdmask_diffuse.png">thumb_nowplaying_back.png</texture>
    <aspectratio scalediffuse="false">stretch</aspectratio>
  </control>
  <control type="image">
    <posx>288</posx>
    <posy>418</posy>
    <height>245</height>
    <width>255</width>
    <fadetime>FanartCrossfadeTime</fadetime>
    <texture diffuse="thumb_cdmask_diffuse.png" background="true" fallback="DefaultAddon.png">$INFO[Container(55).ListItem.Icon]</texture>
    <aspectratio scalediffuse="false">scale</aspectratio>
  </control>
  <control type="textbox">
    <description>Description</description>
    <posx>575</posx>
    <posy>444</posy>
    <width>595</width>
    <height>200</height>
    <font>Font_MultiplexPlotTips</font>
    <align>justify</align>
    <textcolor>FFFFFFFF</textcolor>
    <label>$INFO[ListItem.Property(Addon.Description)]</label>
    <autoscroll delay="15000" time="2000" repeat="15000">!Skin.HasSetting(noallowscroll)</autoscroll>
  </control>
  </control>

  <!-- Scroll Bar -->
  <control type="scrollbar" id="60">
    <include>ScrollBar_Vertical</include>
    <posx>1195</posx>
    <posy>130</posy>
    <height>245</height>
    <onup>60</onup>
    <ondown>60</ondown>
    <onleft>55</onleft>
    <onright>55</onright>
    <visible>Control.HasFocus(55) | Control.HasFocus(60)</visible>
  </control>
    <include>BGBlack</include>
  </control>
	</controls>
</window>