﻿<!-- Aeon MQ 4 -->

<window id="621" type="dialog">
	<defaultcontrol always="true">149</defaultcontrol>
	<onload condition="System.HasAddon(script.artistslideshow)">RunScript(script.artistslideshow)</onload>
	<controls>
	
  <control type="group"><!-- default group -->
    <include>Animation_OpenCloseZoom</include>
    <animation effect="slide" start="0" end="-1280" time="400" tween="cubic" easing="inout" condition="StringCompare(Window.Property(script.metadata.actors.isactive),1)">Conditional</animation>
    
  <control type="button" id="9900"><!-- to menu/kiosk condition -->
    <include>InvisibleButton</include>
    <onfocus condition="![Skin.HasSetting(kiosk) | Skin.HasSetting(kiosksmart) + !SubString(skin.string(codestep),step3)]">SetFocus(9300)</onfocus>
    <onfocus condition="Skin.HasSetting(kiosk)">SetFocus(149)</onfocus>
    <onfocus condition="Skin.HasSetting(kiosksmart) + !SubString(skin.string(codestep),step3)">SetFocus(9100)</onfocus>
  </control>
  
  <control type="multiimage"><!-- Fanart -->
    <include>FullScreenDimensions</include>
		<timeperimage>6000</timeperimage>
		<imagepath background="true" fallback="special://skin/backgrounds/default.jpg">$INFO[MusicPlayer.property(fanart_image)]</imagepath>
		<randomize>true</randomize>
		<fadetime>FanartCrossFadeTime</fadetime>
		<animation effect="zoom" start="110" end="130" center="auto" time="10000" tween="cubic" easing="inout" pulse="true" condition="Skin.HasSetting(animation_videoinfopanscan)">Conditional</animation>
		<animation effect="slide" start="-10,-10" end="10,10" time="5000" tween="cubic" easing="inout" pulse="true" condition="Skin.HasSetting(animation_videoinfopanscan)">Conditional</animation>
  </control>
  <control type="multiimage" id="5020"><!-- Extra Fanart -->
    <include>InvisibleButton</include>
    <imagepath background="true">$INFO[MusicPlayer.Path]extrafanart/</imagepath>
    <animation effect="zoom" start="110" end="130" center="auto" time="10000" tween="cubic" easing="inout" pulse="true" condition="Skin.HasSetting(animation_videoinfopanscan)">Conditional</animation>
		<animation effect="slide" start="-10,-10" end="10,10" time="5000" tween="cubic" easing="inout" pulse="true" condition="Skin.HasSetting(animation_videoinfopanscan)">Conditional</animation>
    <visible>Container.Content(movies) + !Skin.HasSetting(trailers) + Skin.HasSetting(extrafanartvideoinfo) | Container.Content(tvshows) + Skin.HasSetting(extrafanartvideoinfo) | Container.Content(musicvideos) + Skin.HasSetting(extrafanartvideoinfo)</visible>
  </control>
  <control type="image">
    <include>FullScreenDimensions</include>
    <texture background="true">hive_back.png</texture>
    <colordiffuse>80FFFFFF</colordiffuse>
  </control>
  <control type="image">
    <include>FullScreenDimensions</include>
    <texture>common_black.png</texture>
    <colordiffuse>c3FFFFFF</colordiffuse>
  </control>
  
  <control type="group">
  <control type="label"><!-- Title -->
    <posx>30</posx>
    <posy>5</posy>
    <height>40</height>
    <width>1100</width>
    <font>Font_MenuVirtualClassic</font>
    <label>$INFO[MusicPlayer.Artist]$INFO[MusicPlayer.Album, | ]</label>
    <textcolor>FFececec</textcolor>
    <scroll>true</scroll>
    <scrollout>false</scrollout>
  </control>
  <control type="label">
    <posx>30</posx>
    <posy>55</posy>
    <width>1100</width>
    <height>25</height>
    <font>Font_Time</font>
    <label>$INFO[MusicPlayer.Tagline]</label>
		<scroll>true</scroll>
    <scrollout>false</scrollout>
  </control>
  <control type="image">
    <posx>0</posx>
    <posy>80</posy>
    <height>340</height>
    <width>1280</width>
    <texture>common_black.png</texture>
    <colordiffuse>90FFFFFF</colordiffuse>
  </control>
  <control type="image"><!-- Star -->
    <posx>1185</posx>
    <posy>10</posy>
    <height>60</height>
    <width>60</width>
    <align>center</align>
    <aligny>center</aligny>
    <texture>star_big.png</texture>
    <colordiffuse>FF7DDDDDD</colordiffuse>
  </control>
  <control type="label">
    <posx>1185</posx>
    <posy>13</posy>
    <height>60</height>
    <width>60</width>
    <align>center</align>
    <aligny>center</aligny>
    <font>Font_WeatherLabel</font>
    <label>[B]$INFO[MusicPlayer.Rating][/B]</label>
    <textcolor>FF101010</textcolor>
  </control>
  <control type="image">
    <posx>0</posx>
    <posy>0</posy>
    <height>80</height>
    <width>1280</width>
    <texture>multiplex_seasongradient.png</texture>
  </control>
  <control type="image">
    <posx>205</posx>
    <posy>80</posy>
    <height>170</height>
    <width>2</width>
    <texture>panel_vertical_separator.png</texture>
  </control>
  <control type="image">
    <posx>30</posx>
    <posy>136</posy>
    <height>2</height>
    <width>570</width>
    <texture>panel_horizontal_separator.png</texture>
  </control>
  <control type="image">
    <posx>30</posx>
    <posy>249</posy>
    <height>2</height>
    <width>570</width>
    <texture>panel_horizontal_separator.png</texture>
  </control>
  <control type="image"><!-- Certification -->
		<posx>30</posx>
		<posy>89</posy>
		<height>40</height>
		<width>158</width>
		<align>cemter</align>
		<aligny>center</aligny>
		<aspectratio>keep</aspectratio>
    <texture>$VAR[Furniture_VideoRatingInfo]</texture>
  </control>
  <control type="label"><!-- Year -->
    <posx>220</posx>
    <posy>89</posy>
		<height>40</height>
		<width>110</width>
		<align>left</align>
		<aligny>center</aligny>
		<font>Font_FSInfoYear</font>
		<label>$INFO[MusicPlayer.Year]</label>
		<textcolor>FF868686</textcolor>
  </control>
  <control type="image">
    <posx>310</posx>
    <posy>80</posy>
    <height>56</height>
    <width>2</width>
    <texture>panel_vertical_separator.png</texture>
  </control>
  <control type="label"><!-- Genre -->
    <posx>326</posx>
    <posy>89</posy>
		<height>40</height>
		<width>260</width>
		<align>left</align>
		<aligny>center</aligny>
		<textcolor>FFe5e5e5</textcolor>
		<font>Font_List</font>
		<label>$INFO[MusicPlayer.Genre]</label>
		<scroll>true</scroll>
    <scrollout>false</scrollout>
  </control>
  <control type="label"><!-- Mood -->
	  <posx>190</posx>
	  <posy>140</posy>
		<height>27</height>
		<width>200</width>
		<align>right</align>
		<aligny>center</aligny>
		<font>Font_MultiplexInfoLabel</font>
		<textcolor>FF868686</textcolor>
    <label>$LOCALIZE[175]:</label>
  </control>
  <control type="label">
		<posx>220</posx>
		<posy>140</posy>
		<height>27</height>
		<width>366</width>
		<align>left</align>
		<aligny>center</aligny>
		<font>Font_MultiplexInfoLabel</font>
		<textcolor>FFececec</textcolor>
    <label fallback="161">$INFO[MusicPlayer.Property(Artist_Mood)]$INFO[MusicPlayer.Property(Album_Mood)]</label>
  </control>
  <control type="label"><!-- Style -->
	  <posx>190</posx>
	  <posy>160</posy>
		<height>27</height>
		<width>200</width>
		<align>right</align>
		<aligny>center</aligny>
		<font>Font_MultiplexInfoLabel</font>
		<textcolor>FF868686</textcolor>
    <label>$LOCALIZE[176]:</label>
  </control>
  <control type="label">
		<posx>220</posx>
		<posy>160</posy>
		<height>27</height>
		<width>366</width>
		<align>left</align>
		<aligny>center</aligny>
		<font>Font_MultiplexInfoLabel</font>
		<textcolor>FFececec</textcolor>
    <label fallback="161">$INFO[MusicPlayer.Property(Artist_Style)]$INFO[MusicPlayer.Property(Album_Style)]</label>
  </control>
  <control type="label"><!-- Formed/artists  -->
	  <posx>190</posx>
	  <posy>180</posy>
		<height>27</height>
		<width>200</width>
		<align>right</align>
		<aligny>center</aligny>
		<font>Font_MultiplexInfoLabel</font>
		<textcolor>FF868686</textcolor>
    <label>$LOCALIZE[31339]:</label>
  </control>
  <control type="label">
		<posx>220</posx>
		<posy>180</posy>
		<height>27</height>
		<width>366</width>
		<align>left</align>
		<aligny>center</aligny>
		<font>Font_MultiplexInfoLabel</font>
		<textcolor>FFececec</textcolor>
    <label fallback="161">$INFO[MusicPlayer.Property(Artist_Formed)]</label>
  </control>
  <control type="label"><!-- YearsActive/Artists  -->
	  <posx>190</posx>
	  <posy>200</posy>
		<height>27</height>
		<width>200</width>
		<align>right</align>
		<aligny>center</aligny>
		<font>Font_MultiplexInfoLabel</font>
		<textcolor>FF868686</textcolor>
    <label>$LOCALIZE[21898]:</label>
  </control>
  <control type="label">
		<posx>220</posx>
		<posy>200</posy>
		<height>27</height>
		<width>366</width>
		<align>left</align>
		<aligny>center</aligny>
		<font>Font_MultiplexInfoLabel</font>
		<textcolor>FFececec</textcolor>
    <label fallback="161">$INFO[MusicPlayer.Property(Artist_YearsActive)]</label>
  </control>
  <control type="label"><!-- Born/Die -->
	  <posx>190</posx>
	  <posy>220</posy>
		<height>27</height>
		<width>200</width>
		<align>right</align>
		<aligny>center</aligny>
		<font>Font_MultiplexInfoLabel</font>
		<textcolor>FF868686</textcolor>
    <label>$LOCALIZE[21893]/$LOCALIZE[21897]:</label>
  </control>
  <control type="label">
		<posx>220</posx>
		<posy>220</posy>
		<height>27</height>
		<width>366</width>
		<align>left</align>
		<aligny>center</aligny>
		<font>Font_MultiplexInfoLabel</font>
		<textcolor>FFececec</textcolor>
    <label fallback="161">$INFO[MusicPlayer.Property(Artist_Born)]$INFO[MusicPlayer.Property(Artist_Die), | ]</label>
  </control>
  <control type="textbox"><!-- Plot -->
    <posx>30</posx>
    <posy>260</posy>
    <height>150</height>
    <width>555</width>
    <align>justify</align>
    <font>Font_MultiplexPlotSmall</font>
    <label>$VAR[value_songinfo_plot]</label>
    <textcolor>FFececec</textcolor>
    <autoscroll delay="8000" time="2000" repeat="8000">!Skin.HasSetting(noinfoplotscroll)</autoscroll>
  </control>
  <control type="image">
    <posx>600</posx>
    <posy>80</posy>
    <height>340</height>
    <width>70</width>
    <texture>common_grey.png</texture>
    <colordiffuse>55000000</colordiffuse>
  </control>
  <control type="image">
    <posx>600</posx>
    <posy>80</posy>
    <height>340</height>
    <width>2</width>
    <texture>panel_vertical_separator.png</texture>
  </control>
  <control type="image">
    <posx>670</posx>
    <posy>80</posy>
    <height>340</height>
    <width>2</width>
    <texture>panel_vertical_separator.png</texture>
  </control>
  <control type="grouplist">
  	<posx>605</posx>
		<posy>90</posy>
    <orientation>vertical</orientation>
    <itemgap>1</itemgap>
  <control type="image"><!-- Record -->
		<height>45</height>
		<width>60</width>
		<align>center</align>
		<aligny>center</aligny>
		<colordiffuse>FFDDDDDD</colordiffuse>
    <texture>$INFO[MusicPlayer.Property(Album_Label),flags/music/recordlabel/,.png]</texture>
    <visible>!IsEmpty(MusicPlayer.Property(Album_Label))</visible>
  </control>
  <control type="image"><!-- Audio Codec -->
		<height>45</height>
		<width>60</width>
		<align>center</align>
		<aligny>center</aligny>
		<colordiffuse>FFDDDDDD</colordiffuse>
    <texture>$VAR[Furniture_MusicCodec]</texture>
    <visible>!IsEmpty(MusicPlayer.AudioCodec)</visible>
  </control>
  <control type="image"><!-- Channels -->
		<height>45</height>
		<width>60</width>
		<align>center</align>
		<aligny>center</aligny>
		<colordiffuse>FFDDDDDD</colordiffuse>
    <texture>$INFO[MusicPlayer.AudioChannels,flags/audio/,ch.png]</texture>
    <visible>!IsEmpty(MusicPlayer.AudioChannels)</visible>
  </control>
  </control>
  <control type="image">
    <posx>600</posx>
    <posy>80</posy>
    <height>340</height>
    <width>70</width>
    <texture>flags_gradient.png</texture>
    <colordiffuse>90DDDDDD</colordiffuse>
  </control>
  <control type="image">
    <posx>670</posx>
    <posy>82</posy>
    <height>340</height>
    <width>17</width>
    <texture>panel_list_detailwide.png</texture>
  </control>
  <control type="image"><!-- Thumb -->
    <posx>687</posx>
    <posy>80</posy>
    <height>340</height>
    <width>563</width>
    <aspectratio align="left">keep</aspectratio>
    <texture background="true">$INFO[MusicPlayer.Cover]</texture>
    <visible>!IsEmpty(ListItem.Thumb)</visible>
  </control>
  <control type="multiimage"><!-- Artist -->
    <posx>687</posx>
    <posy>80</posy>
    <height>340</height>
    <width>563</width>
		<timeperimage>5000</timeperimage>
		<randomize>true</randomize>
		<fadetime>FanartCrossFadeTime</fadetime>
		<aspectratio align="left">keep</aspectratio>
    <imagepath fallback="DefaultAlbumCover.png" background="true">$VAR[value_artistslideshowimage]</imagepath>
    <visible>IsEmpty(ListItem.Thumb)</visible>
  </control>
  <control type="image">
    <posx>687</posx>
    <posy>80</posy>
    <height>340</height>
    <width>2</width>
    <texture>panel_vertical_separator.png</texture>
  </control>
  <control type="image">
    <posx>0</posx>
    <posy>80</posy>
    <height>2</height>
    <width>1280</width>
    <texture>panel_horizontal_separator.png</texture>
  </control>
  <control type="image">
    <posx>0</posx>
    <posy>420</posy>
    <height>2</height>
    <width>1280</width>
    <texture>panel_horizontal_separator.png</texture>
  </control>
  </control>
  
  <!-- Cast Music -->
  <control type="group">
  <control type="image">
    <posx>0</posx>
    <posy>467</posy>
    <height>195</height>
    <width>1280</width>
    <texture>common_black.png</texture>
    <animation effect="fade" end="80" condition="true">conditional</animation>
  </control>
  <control type="wraplist" id="50">
    <viewtype label="">List Info</viewtype>
    <posx>52</posx>
    <posy>476</posy>
    <width>1200</width>
    <height>220</height>
    <onup>149</onup>
    <ondown>Skin.Reset(artistzoom)</ondown>
    <ondown>SetFocus(160)</ondown>
    <ondown>Skin.SetBool(coverzoom)</ondown>
    <orientation>horizontal</orientation>
    <scrolltime>350</scrolltime>
    <focusposition>2</focusposition>
    <movement>2</movement>
  <itemlayout height="180" width="248">
   <control type="image">
    <posx>0</posx>
    <posy>0</posy>
    <width>180</width>
    <height>180</height>
    <aligny>center</aligny>
    <align>left</align>
    <aspectratio>scale</aspectratio>
    <texture fallback="DefaultAudio.png" background="true">$INFO[ListItem.Icon]</texture>
  </control>
  <control type="image">
    <posx>0</posx>
    <posy>0</posy>
    <width>180</width>
    <height>180</height>
    <aligny>center</aligny>
    <align>left</align>
    <aspectratio>stretch</aspectratio>
    <texture background="true">common_black.png</texture>
    <animation effect="fade" end="50" condition="true">Conditional</animation>
  </control>
  </itemlayout>
  <focusedlayout height="180" width="248">
  <control type="image">
    <posx>0</posx>
    <posy>0</posy>
    <width>180</width>
    <height>180</height>
    <aligny>center</aligny>
    <align>left</align>
    <aspectratio>scale</aspectratio>
    <texture fallback="DefaultAudio.png" background="true">$INFO[ListItem.Icon]</texture>
  </control>
  <control type="image">
    <posx>0</posx>
    <posy>0</posy>
    <width>180</width>
    <height>180</height>
    <aligny>center</aligny>
    <align>left</align>
    <aspectratio>stretch</aspectratio>
    <texture background="true">common_black.png</texture>
    <animation effect="fade" end="50" condition="true">Conditional</animation>
    <visible>!Control.Hasfocus(50)</visible>
  </control>
  </focusedlayout>
    <include condition="Player.HasAudio + System.HasAddon(script.artistslideshow)">AlbumContent</include>
  </control>
  <control type="label">
    <posx>0</posx>
    <posy>560</posy>
    <width>1280</width>
    <align>center</align>
    <aligny>center</aligny>
    <label>31939</label>
    <font>Font_Time</font>
    <textcolor>FFe5e5e5</textcolor>
    <visible>IsEmpty(Window(Visualisation).Property(ArtistSlideshow.1.AlbumName)) + !IsEmpty(Window.Property(ArtistSlideshowRunning))</visible>
  </control>
  <control type="image">
    <posx>0</posx>
    <posy>680</posy>
    <height>43</height>
    <width>1280</width>
    <texture>common_black.png</texture>
    <colordiffuse>90FFFFFF</colordiffuse>
  </control>
  <control type="image">
    <posx>-150</posx>
    <posy>677</posy>
    <width>450</width>
    <height>40</height>
    <texture flipy="true">osd_trailer_pause.png</texture>
    <colordiffuse>FF848484</colordiffuse>
  </control>
  <control type="label">
	  <posx>30</posx>
	  <posy>676</posy>
		<width>400</width>
		<height>27</height>
		<align>left</align>
		<aligny>center</aligny>
		<textcolor>FF303030</textcolor>
		<font>Font_MultiplexInfoLabel</font>
		<label>$LOCALIZE[21888]: $INFO[Container(50).NumItems] $LOCALIZE[31040]</label>
		<scroll>true</scroll>
    <scrollout>false</scrollout>
  </control>
  <control type="label">
	  <posx>30</posx>
	  <posy>694</posy>
		<width>400</width>
		<height>27</height>
		<align>left</align>
		<aligny>center</aligny>
    <textcolor>FF303030</textcolor>
    <font>Font_CommonLabelSmall</font>
		<label>$LOCALIZE[31941]: 50 $LOCALIZE[31040]</label>
  </control>
  <control type="image">
    <posx>0</posx>
    <posy>453</posy>
    <width>1280</width>
    <height>18</height>
    <texture>song_roll.png</texture>
    <colordiffuse>FF848484</colordiffuse>
  </control>
  <control type="image">
    <posx>0</posx>
    <posy>662</posy>
    <width>1280</width>
    <height>18</height>
    <texture>song_roll.png</texture>
    <colordiffuse>FF848484</colordiffuse>
  </control>
  <control type="label">
    <posx>315</posx>
    <posy>698</posy>
    <width>650</width>
    <align>center</align>
    <aligny>center</aligny>
    <label>$INFO[Container(50).ListItem.Label]</label>
    <font>Font_List</font>
    <textcolor>FFe5e5e5</textcolor>
    <scroll>true</scroll>
    <scrollout>false</scrollout>
    <visible>!IsEmpty(Window(Visualisation).Property(ArtistSlideshow.1.AlbumName)) + !IsEmpty(Window.Property(ArtistSlideshowRunning)) | IsEmpty(Window.Property(ArtistSlideshowRunning))</visible>
  </control>
  <control type="image">
    <posx>0</posx>
    <posy>678</posy>
    <height>43</height>
    <width>1280</width>
    <texture>multiplex_seasongradient.png</texture>
  </control>
  </control>
  
  <!-- Menu bar -->
  <control type="group">
    <posx>0</posx>
    <posy>405</posy>
  <control type="image">
    <posx>0</posx>
    <posy>0</posy>
    <height>66</height>
    <width>1280</width>
    <texture background="true">topmenu_bar.png</texture>
    <animation effect="fade" end="75" condition="true">Conditional</animation>
  </control>
    <control type="group">
    <posx>0</posx>
    <posy>19.5</posy>
  <control type="wraplist" id="149">
    <posx>0</posx>
    <posy>0</posy>
    <width>1280</width>
    <height>25</height>
    <onup>9900</onup>
    <ondown>50</ondown>
    <orientation>horizontal</orientation>
    <pagecontrol>-</pagecontrol>
    <scrolltime>300</scrolltime>
    <focusposition>3</focusposition>
  <itemlayout height="25" width="182.5">
  <control type="image">
    <posx>0</posx>
    <posy>0</posy>
    <width>1</width>
    <height>25</height>
    <texture>panel_vertical_separator.png</texture>
  </control>
  <control type="label">
    <posx>91</posx>
    <posy>0</posy>
    <height>25</height>
    <width>162</width>
    <align>center</align>
    <aligny>center</aligny>
		<font>Font_MultiplexPlotTips</font>
    <label>[UPPERCASE]$INFO[ListItem.Label][/UPPERCASE]</label>
    <textcolor>48FFFFFF</textcolor>
  </control>
  </itemlayout>
  <focusedlayout height="25" width="182.5">
  <control type="image">
    <posx>0</posx>
    <posy>0</posy>
    <width>182.5</width>
    <height>25</height>
    <texture background="true">settings_button_focus.png</texture>
    <visible>Control.Hasfocus(149)</visible>
  </control>
  <control type="image">
    <posx>0</posx>
    <posy>0</posy>
    <width>1</width>
    <height>25</height>
    <texture>panel_vertical_separator.png</texture>
  </control>
  <control type="label">
    <posx>91</posx>
    <posy>0</posy>
    <height>25</height>
    <width>162</width>
    <align>center</align>
    <aligny>center</aligny>
		<font>Font_MultiplexPlotTips</font>
    <label>[UPPERCASE]$INFO[ListItem.Label][/UPPERCASE]</label>
    <textcolor>FF101010</textcolor>
    <visible>Control.Hasfocus(149)</visible>
  </control>
  <control type="label">
    <posx>91</posx>
    <posy>0</posy>
    <height>25</height>
    <width>162</width>
    <align>center</align>
    <aligny>center</aligny>
		<font>Font_MultiplexPlotTips</font>
    <label>[UPPERCASE]$INFO[ListItem.Label][/UPPERCASE]</label>
    <textcolor>48FFFFFF</textcolor>
    <visible>!Control.Hasfocus(149)</visible>
  </control>
  </focusedlayout>
  <content>
  <item id="4"><!-- Artist Info -->
    <label>31885</label>
    <onclick>RunScript(script.metadata.actors,$INFO[MusicPlayer.Artist])</onclick>
    <visible>System.HasAddon(script.metadata.actors)</visible>
  </item>
  <item id="5"><!-- Artist Zoom -->
    <label>31944</label>
    <onclick>Skin.Reset(coverzoom)</onclick>
    <onclick>Skin.SetBool(artistzoom)</onclick>
    <onclick>SetFocus(160)</onclick>
  </item>
  <item id="6"><!-- Video Clips -->
    <label>31950</label>
    <onclick>Dialog.Close(621)</onclick>
    <onclick>Skin.SetBool(musictrailers)</onclick>
    <onclick>ActivateWindow(videos,plugin://plugin.video.youtube/?path=/root/search&amp;feed=search&amp;search=$INFO[MusicPlayer.Artist],return)</onclick>
  </item>
  <item id="7"><!-- Song Video Clip -->
    <label>31951</label>
    <onclick>Dialog.Close(621)</onclick>
    <onclick>Skin.SetBool(musictrailers)</onclick>
    <onclick>ActivateWindow(videos,plugin://plugin.video.youtube/?path=/root/search&amp;feed=search&amp;search=$INFO[MusicPlayer.Title],return)</onclick>
  </item>
  </content>
  </control>
  </control>
  </control>
  <control type="button" id="160">
    <include>InvisibleButton</include>
    <onup condition="Skin.HasSetting(artistzoom)">SetFocus(149)</onup>
    <onup condition="Skin.HasSetting(coverzoom)">SetFocus(50)</onup>
    <ondown condition="Skin.HasSetting(artistzoom)">SetFocus(149)</ondown>
    <ondown condition="Skin.HasSetting(coverzoom)">SetFocus(50)</ondown>
    <onleft condition="Skin.HasSetting(artistzoom)">SetFocus(149)</onleft>
    <onleft condition="Skin.HasSetting(coverzoom)">SetFocus(50)</onleft>
    <onright condition="Skin.HasSetting(artistzoom)">SetFocus(149)</onright>
    <onright condition="Skin.HasSetting(coverzoom)">SetFocus(50)</onright>
  </control>
  <control type="image">
    <include>FullScreenDimensions</include>
    <texture>common_grey.png</texture>
    <animation effect="fade" start="0" end="100" time="200">Visible</animation>
    <animation effect="fade" start="100" end="0" time="400">Hidden</animation>
    <visible>Control.HasFocus(160)</visible>
  </control>
  <control type="image">
    <include>FullScreenDimensions</include>
    <texture background="true">hive_back.png</texture>
    <animation effect="fade" start="0" end="100" time="200">Visible</animation>
    <animation effect="fade" start="100" end="0" time="400">Hidden</animation>
    <visible>Control.HasFocus(160)</visible>
  </control>
  <control type="group">
    <posx>-1280</posx>
    <posy>15</posy>
    <animation effect="slide" start="0,0" end="1280,0" time="400" tween="cubic" easing="inout" condition="Control.HasFocus(160)">Conditional</animation>
    <animation effect="slide" start="0,0" end="0,-25" time="600" delay="1000" tween="cubic" easing="inout" condition="Control.HasFocus(160)">Conditional</animation>
  <control type="image">
    <description>Cover image</description>
    <posx>35</posx>
    <posy>32</posy>
    <width>1280</width>
    <height>640</height>
    <aspectratio>keep</aspectratio>
    <texture diffuse="thumb_cdcover_mask.png" background="true">$INFO[Container(50).ListItem.Icon]</texture>
    <visible>Skin.HasSetting(coverzoom)</visible>
  </control>
  <control type="image"><!-- Thumb -->
    <posx>35</posx>
    <posy>32</posy>
    <width>1200</width>
    <height>640</height>
    <aspectratio align="center">keep</aspectratio>
    <texture background="true">$INFO[Listitem.Icon]</texture>
    <visible>!IsEmpty(ListItem.Thumb) + Skin.HasSetting(artistzoom)</visible>
  </control>
  <control type="multiimage"><!-- Artist -->
    <posx>35</posx>
    <posy>32</posy>
    <width>1200</width>
    <height>640</height>
		<timeperimage>5000</timeperimage>
		<randomize>true</randomize>
		<fadetime>FanartCrossFadeTime</fadetime>
		<aspectratio align="center">keep</aspectratio>
    <imagepath fallback="DefaultAlbumCover.png" background="true">$VAR[value_artistslideshowimage]</imagepath>
    <visible>IsEmpty(ListItem.Thumb) + Skin.HasSetting(artistzoom)</visible>
  </control>
  <control type="image">
    <description>CD Background</description>
    <posx>0</posx>
    <posy>0</posy>
    <width>1280</width>
    <height>720</height>
    <aspectratio>keep</aspectratio>
    <texture background="true">thumb_box_cd_shadow_light.png</texture>
    <visible>Skin.HasSetting(coverzoom)</visible>
  </control>
  <control type="image">
    <description>CD Glass Overlay</description>
    <posx>0</posx>
    <posy>0</posy>
    <width>1280</width>
    <height>720</height>
    <aspectratio>keep</aspectratio>
    <texture background="true">thumb_box_cd_glass.png</texture>
    <visible>Skin.HasSetting(coverzoom)</visible>
  </control>
  </control>
  
  <control type="group">
    <visible>Control.HasFocus(160)</visible>
    <animation effect="slide" start="0,0" end="0,-80" time="600" delay="1000" tween="cubic" easing="inout" condition="Control.HasFocus(160)">Conditional</animation>
  <control type="image">
    <posx>0</posx>
    <posy>760</posy>
    <height>40</height>
    <width>1280</width>
    <texture>common_black.png</texture>
    <colordiffuse>95000000</colordiffuse>
  </control>
  <control type="label">
    <posx>0</posx>
    <posy>760</posy>
    <height>40</height>
    <width>1280</width>
    <align>center</align>
    <aligny>center</aligny>
    <label>$VAR[value_artistinfo_zoomlabel]</label>
    <font>Font_List</font>
    <textcolor>FFe5e5e5</textcolor>
    <scroll>true</scroll>
    <scrollout>false</scrollout>
  </control>
  <control type="image">
    <posx>0</posx>
    <posy>760</posy>
    <height>40</height>
    <width>1280</width>
    <texture>multiplex_seasongradient.png</texture>
  </control>
  </control>
  <include>TopMenu_BGBlack</include>
  <include>TopMenu_AudioInfo</include>
  </control>
  <include>BGBlack</include>
	</controls>
</window>