﻿<!-- Aeon MQ 4 -->

<window id="624" type="dialog">
    <defaultcontrol>-</defaultcontrol>
	<controls>
  <control type="image">
    <include>FullScreenDimensions</include>
    <texture>common_black.png</texture>
    <colordiffuse>c3FFFFFF</colordiffuse>
    <include>Animation_CommonFade</include>
  </control>
  <control type="group" id="446">
  <animation type="WindowOpen" reversible="false">
    <effect type="slide" start="0,0" end="-505,0" time="500" easing="inout" tween="sine"/>
    <effect type="fade" start="0" end="100" time="500" />
  </animation>
  <animation type="WindowClose" reversible="false">
    <effect type="slide" start="-505,0" end="0,0" time="300" easing="inout" tween="cubic"/>
    <effect type="fade" start="100" end="0" time="300" />
  </animation>
    <posx>1280</posx>
    <posy>90</posy>
	<control type="image">
    <posx>0</posx>
    <posy>-26</posy>
    <width>540</width>
    <height>26</height>
    <texture>help_top.png</texture>
  </control>
  <control type="image">
    <posx>0</posx>
    <posy>0</posy>
    <width>540</width>
    <height>600</height>
    <texture>help_middle.png</texture>
  </control>
  <control type="image">
    <posx>0</posx>
    <posy>600</posy>
    <width>540</width>
    <height>27</height>
    <texture>help_bottom.png</texture>
  </control>
  <control type="label">
    <posx>40</posx>
    <posy>20</posy>
    <width>450</width>
    <height>30</height>
    <label>31911</label>
		<font>Font_SettingsSectionTitle</font>
		<textcolor>FF101010</textcolor>
    <align>left</align>
    <aligny>center</aligny>
    <include>Animation_CommonFade</include>
  </control>
  <control type="image">
    <description>separator</description>
    <posx>40</posx>
    <posy>70</posy>
    <width>450</width>
    <height>2</height>
    <texture>panel_horizontal_separator.png</texture>
  </control>
  <control type="textbox">
    <posx>40</posx>
    <posy>90</posy>
    <width>450</width>
    <height>500</height>
    <align>justify</align>
    <aligny>top</aligny>
    <font>Font_RSS</font>
    <textcolor>FF101010</textcolor>
    <label>31257</label>
    <animation effect="fade" reversible="true" time="300">VisibleChange</animation>
  </control>
  </control>
  </controls>
</window>