﻿<!-- Aeon MQ 4 -->

<includes>
	<default type="image">
		<posx>0</posx>
		<posy>0</posy>
		<texture/>
	</default>
	<default type="label">
		<posx>80</posx>
		<posy>60</posy>
		<label/>
		<font>Font_SettingsOptions</font>
		<textcolor>d0FFFFFF</textcolor>
	</default>
	<default type="button">
    <posx>0</posx>
    <posy>0</posy>
    <width>936</width>
    <height>49</height>
    <font>Font_SettingsOptions</font>
	  <texturefocus>settings_radiobuttonofffocus.png</texturefocus>
    <texturenofocus>settings_radiobuttonoff.png</texturenofocus>
    <textcolor>FFbbbbbb</textcolor>
    <focusedcolor>FFFFFFFF</focusedcolor>
    <disabledcolor>FF505050</disabledcolor>
    <pulseonselect>false</pulseonselect>
    <textoffsetx>50</textoffsetx>
    <aligny>center</aligny>
	</default>
	<default type="togglebutton">
    <posx>0</posx>
    <posy>0</posy>
    <width>936</width>
    <height>49</height>
    <font>Font_SettingsOptions</font>
    <texturefocus>settings_radiobuttonofffocus.png</texturefocus>
    <texturenofocus>settings_radiobuttonoff.png</texturenofocus>
    <alttexturefocus>settings_radiobuttonofffocus.png</alttexturefocus>
    <pulseonselect>false</pulseonselect>
    <aligny>center</aligny>
    <textcolor>FFbbbbbb</textcolor>
    <focusedcolor>FFFFFFFF</focusedcolor>
    <disabledcolor>FF505050</disabledcolor>
		<textoffsetx>50</textoffsetx>
	</default>
	<default type="radiobutton">
    <posx>0</posx>
    <posy>0</posy>
    <width>936</width>
    <height>49</height>
    <font>Font_SettingsOptions</font>
    <texturefocus>settings_radiobuttonofffocus.png</texturefocus>
    <texturenofocus>settings_radiobuttonoff.png</texturenofocus>
    <textcolor>FFbbbbbb</textcolor>
    <focusedcolor>FFFFFFFF</focusedcolor>
    <disabledcolor>FF505050</disabledcolor>
    <pulseonselect>false</pulseonselect>
    <textwidth>800</textwidth>
    <radiowidth>94</radiowidth>
    <radioposx>850</radioposx>
    <radioheight>65</radioheight>
    <textoffsetx>50</textoffsetx>
    <aligny>center</aligny>
    <textureradiofocus>settings_radiobuttononfocus.png</textureradiofocus>
    <textureradionofocus>settings_radiobuttonon.png</textureradionofocus>
	</default>
	<default type="progress">
		<texturebg>osd_progress_back.png</texturebg>
		<lefttexture>-</lefttexture>
		<midtexture>osd_progress_mid.png</midtexture>
		<righttexture>-</righttexture>
		<overlaytexture>-</overlaytexture>
		<colordiffuse>$VAR[value_texturecolors]</colordiffuse>
	</default>
	<default type="selectbutton">
    <height>25</height>
    <width>260</width>
    <align>center</align>
    <aligny>center</aligny>
    <pulseonselect>true</pulseonselect>
    <label>-</label>
    <texturefocus>settings_button_focus.png</texturefocus>
    <alttexturefocus>settings_button_focus.png</alttexturefocus>
    <font>Font_OSDOptions</font>
    <textcolor>A0FFFFFF</textcolor>
    <focusedcolor>d0000000</focusedcolor>
    <textoffsetx>10</textoffsetx>
    <textureleft>multiplex_arrow2.png</textureleft>
    <textureright>multiplex_arrow.png</textureright>
    <textureleftfocus>multiplex_arrowfocus2.png</textureleftfocus>
    <texturerightfocus>multiplex_arrowfocus.png</texturerightfocus>
    <include>Animation_CommonFade</include>
	</default>
	<default type="listcontrolex">
		<posx>274</posx>
		<posy>220</posy>
		<width>440</width>
		<height>260</height>
		<spinwidth>12</spinwidth>
		<spinheight>16</spinheight>
		<spinposx>718</spinposx>
		<spinposy>237</spinposy>
		<spinfont>-</spinfont>
		<spincolor>-</spincolor>
		<textureup>-</textureup>
		<texturedown>-</texturedown>
		<textureupfocus>-</textureupfocus>
		<texturedownfocus>-</texturedownfocus>
		<texturefocus>-</texturefocus>
		<texturenofocus>-</texturenofocus>
		<textureheight>26</textureheight>
		<image>DefaultFolder.png</image>
		<font>-</font>
		<selectedcolor>FFFFFFFF</selectedcolor>
		<textcolor>d0ffffff</textcolor>
		<colordiffuse>FFffffff</colordiffuse>
		<suffix> | </suffix>
		<aligny>center</aligny>
	</default>
	<default type="fadelabel">
		<posx>55</posx>
		<posY>530</posY>
		<width>180</width>
		<align>left</align>
		<font>Font_SettingsOptions</font>
		<textcolor>d0ffffff</textcolor>
	</default>
	<default type="textbox">
		<posx>220</posx>
		<posy>220</posy>
		<width>410</width>
		<height>270</height>
		<spinwidth>16</spinwidth>
		<spinheight>16</spinheight>
		<spinposx>640</spinposx>
		<spinposy>520</spinposy>
		<align>justify</align>
		<spinfont/>
		<spincolor>d0ffffff</spincolor>
		<textureup>-</textureup>
		<texturedown>-</texturedown>
		<textureupfocus>-</textureupfocus>
		<texturedownfocus>-</texturedownfocus>
		<image>-</image>
		<textcolor>d0ffffff</textcolor>
		<colordiffuse>ffffffff</colordiffuse>
	</default>
	<default type="spincontrol">
		<pulseonselect>false</pulseonselect>
	</default>
	<default type="spincontrolex">
    <posx>0</posx>
    <posy>0</posy>
    <width>936</width>
    <height>49</height>
    <font>Font_SettingsOptions</font>
    <textcolor>FFbbbbbb</textcolor>
    <focusedcolor>FFFFFFFF</focusedcolor>
    <disabledcolor>FF505050</disabledcolor>
    <texturefocus>settings_radiobuttonofffocus.png</texturefocus>
    <texturenofocus>settings_radiobuttonoff.png</texturenofocus>
    <textureup>settings_spinup.png</textureup>
    <texturedown>settings_spindown.png</texturedown>
    <textureupfocus>settings_spinup_focus.png</textureupfocus>
    <texturedownfocus>settings_spindown_focus.png</texturedownfocus>
    <spinposx>-2</spinposx>
    <spinwidth>40</spinwidth>
    <spinheight>65</spinheight>
    <textoffsetx>50</textoffsetx>
    <include>Animations_SettingsButtonFade</include>
		<aligny>center</aligny>
		<reverse>yes</reverse>
	</default>
	<default type="sliderex">
	  <posx>0</posx>
    <posy>0</posy>
		<height>49</height>
		<texturefocus>settings_button_focus.png</texturefocus>
		<texturenofocus>-</texturenofocus>
		<sliderwidth>150</sliderwidth>
		<sliderheight>49</sliderheight>
		<texturesliderbar>osd_sliderback.png</texturesliderbar>
		<textureslidernib>osd_slidernub.png</textureslidernib>
		<textureslidernibfocus>osd_slidernubf.png</textureslidernibfocus>
		<font>Font_SettingsOptions</font>
    <textcolor>FFbbbbbb</textcolor>
    <focusedcolor>FFFFFFFF</focusedcolor>
		<colordiffuse>ffffffff</colordiffuse>
		<disabledcolor>FF505050</disabledcolor>
		<textoffsetx>7</textoffsetx>
		<aligny>center</aligny>
	</default>
	<default type="checkmark">
		<posx>208</posx>
		<posy>166</posy>
		<textcolor>d0FFFFFF</textcolor>
		<disabledcolor>FF505050</disabledcolor>
		<font>Font_SettingsOptions</font>
		<label>167</label>
		<texturecheckmark>-</texturecheckmark>
		<texturecheckmarknofocus>-</texturecheckmarknofocus>
		<markwidth>15</markwidth>
		<markheight>20</markheight>
		<align>left</align>
		<shadow>no</shadow>
	</default>
	<default type="edit">
		<posx>0</posx>
		<posy>0</posy>
		<width>300</width>
		<height>35</height>
    <texturefocus>settings_button_focus.png</texturefocus>
    <texturenofocus>settings_button_focus.png</texturenofocus>
		<font>Font_SettingsOptions</font>
    <textcolor>FFbbbbbb</textcolor>
    <focusedcolor>FFFFFFFF</focusedcolor>
		<disabledcolor>FF505050</disabledcolor>
		<textoffsetx>7</textoffsetx>
		<aligny>center</aligny>
		<pulseonselect>no</pulseonselect>
	</default>
	<default type="slider">
		<controloffsetx>75</controloffsetx>
		<controloffsety>0</controloffsety>
	</default>
	<default type="mover">
		<pulseonselect>false</pulseonselect>
	</default>
	<default type="resize">
		<pulseonselect>false</pulseonselect>
	</default>
</includes>