﻿<!-- Aeon MQ 4 -->

<window id="146">
	<defaultcontrol always="true">9000</defaultcontrol>
  <controls>
  <control type="image">
    <include>AnimatedBG</include>
    <texture background="true">$VAR[value_addonsbg]</texture>
    <info background="true">Skin.String(CustomAddons_Background)</info>
  </control>
  <control type="group">
    <visible>!Window.IsActive(TextViewer)</visible>
    <include>Animation_OpenCloseWindow</include>
  <control type="image">
    <posx>23</posx>
    <posy>23</posy>
    <width>1233</width>
    <height>673</height>
    <texture background="true">settings_panelback.png</texture>
  </control>
  <control type="label">
    <include>SettingsSectionTitle</include>
    <label>31202</label>
  </control>
  <control type="label">
    <include>SettingsContentTitle</include>
    <label>$INFO[ListItem.Property(Addon.Name)]</label>
  </control>
  <control type="group" id="9000">
  <include>ButtonGroupSkinDimensions</include>
  <control type="button" id="6">
    <posy>54</posy>
    <label>24022</label>
    <include>SettingsAddonSectionButton</include>
    <onup>10</onup>
    <ondown>7</ondown>
  </control>
	<control type="button" id="7">
    <description>Disable Addon</description>
    <posy>108</posy>
    <label>24021</label>
    <include>SettingsAddonSectionButton</include>
    <onup>6</onup>
    <ondown>9</ondown>
  </control>
	<control type="button" id="9">
    <description>Addon Settings</description>
    <posy>162</posy>
    <label>24020</label>
    <include>SettingsAddonSectionButton</include>
    <onup>7</onup>
    <ondown>8</ondown>
  </control>
	<control type="button" id="8">
    <description>Update Addon</description>
    <posy>216</posy>
    <label>24069</label>
    <include>SettingsAddonSectionButton</include>
    <onup>9</onup>
    <ondown>11</ondown>
  </control>
  <control type="button" id="11">
    <description>Rollback button</description>
    <posy>270</posy>
    <label>24048</label>
    <include>SettingsAddonSectionButton</include>
    <onup>8</onup>
    <ondown>10</ondown>
  </control>
  <control type="button" id="10">
    <description>Changelog button</description>
    <posy>324</posy>
    <label>24036</label>
    <include>SettingsAddonSectionButton</include>
    <onup>11</onup>
    <ondown>6</ondown>
  </control>
  </control>
	<control type="image">
    <description>front pane for Settings panel</description>
    <posx>42</posx>
    <posy>28</posy>
    <width>1196</width>
    <height>651</height>
    <texture background="true">settings_panelfront.png</texture>
	</control>
  <control type="image">
    <posx>305</posx>
    <posy>125</posy>
    <width>150</width>
    <height>150</height>
    <texture diffuse="thumb_cdmask_diffuse.png">thumb_nowplaying_back.png</texture>
    <aspectratio scalediffuse="false">stretch</aspectratio>
  </control>
  <control type="image">
    <posx>310</posx>
    <posy>130</posy>
    <width>140</width>
    <height>140</height>
    <texture diffuse="thumb_cdmask_diffuse.png" background="true" fallback="DefaultAddon.png">$INFO[ListItem.Icon]</texture>
    <aspectratio scalediffuse="false">stretch</aspectratio>
  </control>
  <control type="group">
  <posx>370</posx>
  <posy>130</posy>
  <control type="label">
    <description>Type txt</description>
    <posx>250</posx>
    <posy>0</posy>
    <width>140</width>
    <height>25</height>
    <label>$LOCALIZE[146]</label>
    <align>right</align>
    <aligny>center</aligny>
    <font>Font_SettingsOptions</font>
    <textcolor>$VAR[value_headercolors]</textcolor>
  </control>
  <control type="label">
    <description>Type Value</description>
    <posx>260</posx>
    <posy>0</posy>
    <width>550</width>
    <height>25</height>
    <label fallback="416">$INFO[ListItem.Property(Addon.Type)]</label>
    <align>left</align>
    <aligny>center</aligny>
    <font>Font_SettingsOptions</font>
    <scroll>true</scroll>
  </control>
  <control type="label">
    <description>Author txt</description>
    <posx>250</posx>
    <posy>30</posy>
    <width>140</width>
    <height>25</height>
    <label>$LOCALIZE[21863]:</label>
    <align>right</align>
    <aligny>center</aligny>
    <font>Font_SettingsOptions</font>
    <textcolor>$VAR[value_headercolors]</textcolor>
  </control>
  <control type="label">
    <description>Author Value</description>
    <posx>260</posx>
    <posy>30</posy>
    <width>550</width>
    <height>25</height>
    <label fallback="416">$INFO[ListItem.Property(Addon.Creator)]</label>
    <align>left</align>
    <aligny>center</aligny>
    <font>Font_SettingsOptions</font>
    <scroll>true</scroll>
  </control>
  <control type="label">
    <description>Version txt</description>
    <posx>250</posx>
    <posy>60</posy>
    <width>140</width>
    <height>25</height>
    <label>$LOCALIZE[24051]</label>
    <align>right</align>
    <aligny>center</aligny>
    <font>Font_SettingsOptions</font>
    <textcolor>$VAR[value_headercolors]</textcolor>
  </control>
  <control type="label">
    <description>Version Value</description>
    <posx>260</posx>
    <posy>60</posy>
    <width>550</width>
    <height>25</height>
    <label fallback="416">$INFO[ListItem.Property(Addon.Version)]</label>
    <align>left</align>
    <aligny>center</aligny>
    <font>Font_SettingsOptions</font>
    <scroll>true</scroll>
  </control>
  <control type="label">
    <description>Rating txt</description>
    <posx>250</posx>
    <posy>90</posy>
    <width>140</width>
    <height>25</height>
    <label>$LOCALIZE[563]:</label>
    <align>right</align>
    <aligny>center</aligny>
    <font>Font_SettingsOptions</font>
    <textcolor>$VAR[value_headercolors]</textcolor>
  </control>
  <control type="image">
    <description>Rating value</description>
    <posx>260</posx>
    <posy>90</posy>
    <width>160</width>
    <height>32</height>
    <texture>$INFO[ListItem.Property(Addon.Rating)]</texture>
  </control>
  <control type="label">
    <description>Summary txt</description>
    <posx>250</posx>
    <posy>120</posy>
    <width>140</width>
    <height>25</height>
    <label>$LOCALIZE[20037]:</label>
    <align>right</align>
    <aligny>center</aligny>
    <font>Font_SettingsOptions</font>
    <textcolor>$VAR[value_headercolors]</textcolor>
  </control>
  <control type="fadelabel">
    <description>Summary Value</description>
    <posx>260</posx>
    <posy>120</posy>
    <width>550</width>
    <height>25</height>
    <label fallback="416">$INFO[ListItem.Property(Addon.Summary)]</label>
    <align>left</align>
    <aligny>center</aligny>
    <font>Font_SettingsOptions</font>
    <scrollout>false</scrollout>
    <pauseatend>2000</pauseatend>
  </control>
  <control type="label">
    <description>Description txt</description>
    <posx>-60</posx>
    <posy>170</posy>
    <width>300</width>
    <height>25</height>
    <label>$LOCALIZE[21821]:</label>
    <align>left</align>
    <aligny>center</aligny>
    <font>Font_SettingsOptions</font>
    <textcolor>$VAR[value_headercolors]</textcolor>
  </control>
  <control type="group">
  <visible>!IsEmpty(ListItem.Property(Addon.Disclaimer))</visible>
  <control type="label">
    <description>Description Page Count</description>
    <posx>816</posx>
    <posy>170</posy>
    <width>300</width>
    <height>25</height>
    <label>$INFO[Container(400).CurrentPage, [COLOR=$VAR[value_headercolors]]$LOCALIZE[31432] ([/COLOR]]$INFO[Container(400).NumPages,/,[COLOR=$VAR[value_headercolors]])[/COLOR]]</label>
    <align>right</align>
    <aligny>center</aligny>
    <font>font12</font>
  </control>
  <control type="textbox" id="400">
    <description>Description</description>
    <posx>-60</posx>
    <posy>195</posy>
    <width>875</width>
    <height>160</height>
    <align>justify</align>
    <font>Font_SettingsOptions</font>
    <label>$INFO[ListItem.Property(Addon.Description)]</label>
    <autoscroll time="2000" delay="20000" repeat="10000">true</autoscroll>
  </control>
  <control type="label">
    <description>Disclaimer txt</description>
    <posx>-60</posx>
    <posy>370</posy>
    <width>600</width>
    <height>25</height>
    <label>$LOCALIZE[24052]</label>
    <align>left</align>
    <aligny>center</aligny>
    <font>Font_SettingsOptions</font>
    <textcolor>$VAR[value_headercolors]</textcolor>
  </control>
  <control type="textbox">
    <description>Disclaimer</description>
    <posx>-60</posx>
    <posy>395</posy>
    <width>875</width>
    <height>40</height>
    <align>justify</align>
    <font>Font_SettingsOptions</font>
    <label>$INFO[ListItem.Property(Addon.Disclaimer)]</label>
    <autoscroll time="2000" delay="3000" repeat="5000">true</autoscroll>
  </control>
  </control>
  <control type="group">
  <visible>IsEmpty(ListItem.Property(Addon.Disclaimer))</visible>
  <control type="label">
    <description>Description Page Count</description>
    <posx>816</posx>
    <posy>170</posy>
    <width>300</width>
    <height>25</height>
    <label>$INFO[Container(401).CurrentPage, [COLOR=$VAR[value_headercolors]]$LOCALIZE[31432] ([/COLOR]]$INFO[Container(401).NumPages,/,[COLOR=$VAR[value_headercolors]])[/COLOR]]</label>
    <align>right</align>
    <aligny>center</aligny>
    <font>font13</font>
  </control>
  <control type="textbox" id="401">
    <description>Description</description>
    <posx>-60</posx>
    <posy>195</posy>
    <width>875</width>
    <height>250</height>
    <align>justify</align>
    <font>Font_SettingsOptions</font>
    <label>$INFO[ListItem.Property(Addon.Description)]</label>
    <autoscroll delay="8000" time="2000" repeat="8000">!Skin.HasSetting(noallowscroll)</autoscroll>
  </control>
  </control>
  </control>
  </control>
    <include>BGBlack</include>
	</controls>
</window>
