﻿<!-- Aeon MQ 4 -->

<window id="605">
	<defaultcontrol always="true">20</defaultcontrol>
	<coordinates>
		<system>1</system>
		<posx>190</posx>
		<posy>70</posy>
	</coordinates>
    <include>Animation_DialogPopup</include>
	<controls>
  <control type="image">
    <description>background image</description>
    <posx>0</posx>
    <posy>0</posy>
    <width>900</width>
    <height>590</height>
    <texture background="true">osd_settings_back.png</texture>
    <animation effect="fade" end="98" condition="true">Conditional</animation>
  </control>
  <control type="label"><!-- Heading label -->
    <posx>40</posx>
    <posy>32</posy>
    <width>820</width>
    <height>40</height>
    <align>center</align>
    <aligny>center</aligny>
    <label>$LOCALIZE[19199] - $LOCALIZE[19023]</label>
		<font>Font_SettingsSectionTitle</font>
		<textcolor>FFbec0c2</textcolor>
		<visible>IsEmpty(Window.Property(IsRadio))</visible>
  </control>
  <control type="label"><!-- Heading label -->
    <posx>40</posx>
    <posy>32</posy>
    <width>820</width>
    <height>40</height>
    <align>center</align>
    <aligny>center</aligny>
    <label>$LOCALIZE[19199] - $LOCALIZE[19024]</label>
		<font>Font_SettingsSectionTitle</font>
		<textcolor>FFbec0c2</textcolor>
		<visible>!IsEmpty(Window.Property(IsRadio))</visible>
  </control>
  <control type="image">
    <posx>15</posx>
    <posy>82</posy>
    <width>870</width>
    <height>2</height>
    <texture>panel_horizontal_separator.png</texture>
  </control>
  <control type="list" id="20">
    <posx>13</posx>
    <posy>84</posy>
    <width>440</width>
    <height>390</height>
    <onup>20</onup>
    <ondown>20</ondown>
    <onleft>4</onleft>
    <onright>9002</onright>
    <scrolltime>200</scrolltime>
    <itemgap>0</itemgap>
  <itemlayout height="40" width="420">
  <control type="image">
    <posx>0</posx>
    <posy>0</posy>
    <width>440</width>
    <height>40</height>
    <texture>settings_button_nofocus.png</texture>
  </control>
  <control type="image">
    <posx>5</posx>
    <posy>5</posy>
    <width>30</width>
    <height>30</height>
    <texture>$INFO[ListItem.Property(Icon)]</texture>
    <visible>ListItem.Property(ActiveChannel)</visible>
  </control>
  <control type="image">
    <posx>5</posx>
    <posy>5</posy>
    <width>30</width>
    <height>30</height>
    <colordiffuse>77FFFFFF</colordiffuse>
    <texture>$INFO[ListItem.Property(Icon)]</texture>
    <visible>!ListItem.Property(ActiveChannel)</visible>
  </control>
  <control type="label">
    <posx>45</posx>
    <posy>0</posy>
    <width>355</width>
    <height>40</height>
    <font>Font_SettingsOptions</font>
    <align>left</align>
    <aligny>center</aligny>
    <textcolor>FFf5f5f5</textcolor>
    <selectedcolor>9b3cd2fd</selectedcolor>
    <label>$INFO[ListItem.Property(Number),(,) - ]$INFO[ListItem.Property(Name)]</label>
    <visible>ListItem.Property(ActiveChannel)</visible>
  </control>
  <control type="label">
    <posx>45</posx>
    <posy>0</posy>
    <width>355</width>
    <height>40</height>
    <font>Font_SettingsOptions</font>
    <align>left</align>
    <aligny>center</aligny>
    <textcolor>FFf5f5f5</textcolor>
    <selectedcolor>9b3cd2fd</selectedcolor>
    <label>$INFO[ListItem.Property(Number),(,) - ]$INFO[ListItem.Property(Name)]</label>
    <visible>!ListItem.Property(ActiveChannel)</visible>
  </control>
  <control type="image">
    <posx>390</posx>
    <posy>10</posy>
    <width>20</width>
    <height>20</height>
    <texture>OverlayWatched.png</texture>
    <visible>ListItem.Property(Changed)</visible>
  </control>
  </itemlayout>
  <focusedlayout height="65" width="420">
  <control type="image">
    <posx>0</posx>
    <posy>0</posy>
    <width>440</width>
    <height>65</height>
    <texture>settings_button_focus.png</texture>
    <animation effect="fade" start="100" end="30" time="0" condition="!Control.HasFocus(20)">conditional</animation>
  </control>
  <control type="image">
    <posx>0</posx>
    <posy>0</posy>
    <width>40</width>
    <height>65</height>
    <texture>common_black.png</texture>
    <animation effect="fade" end="70" condition="true">Conditional</animation>
  </control>
  <control type="image">
    <posx>6</posx>
    <posy>5</posy>
    <width>30</width>
    <height>30</height>
    <texture>$INFO[ListItem.Property(Icon)]</texture>
    <visible>ListItem.Property(ActiveChannel)</visible>
  </control>
  <control type="image">
    <posx>6</posx>
    <posy>5</posy>
    <width>30</width>
    <height>30</height>
    <colordiffuse>77FFFFFF</colordiffuse>
    <texture>$INFO[ListItem.Property(Icon)]</texture>
    <visible>!ListItem.Property(ActiveChannel)</visible>
  </control>
  <control type="label">
    <posx>45</posx>
    <posy>0</posy>
    <width>355</width>
    <height>40</height>
    <font>Font_SettingsOptions</font>
    <align>left</align>
    <aligny>center</aligny>
    <textcolor>FF101010</textcolor>
    <selectedcolor>9b3cd2fd</selectedcolor>
    <label>$INFO[ListItem.Property(Number),(,) - ]$INFO[ListItem.Property(Name)]</label>
    <visible>ListItem.Property(ActiveChannel)</visible>
  </control>
  <control type="label">
    <posx>45</posx>
    <posy>0</posy>
    <width>355</width>
    <height>40</height>
    <font>Font_SettingsOptions</font>
    <align>left</align>
    <aligny>center</aligny>
    <textcolor>FF101010</textcolor>
    <selectedcolor>9b3cd2fd</selectedcolor>
    <label>$INFO[ListItem.Property(Number),(,) - ]$INFO[ListItem.Property(Name)]</label>
    <visible>!ListItem.Property(ActiveChannel)</visible>
  </control>
  <control type="image">
    <posx>6</posx>
    <posy>32</posy>
    <width>30</width>
    <height>30</height>
    <texture>OverlayWatched.png</texture>
    <visible>ListItem.Property(Changed)</visible>
  </control>
  <control type="label">
    <posx>45</posx>
    <posy>30</posy>
    <width>380</width>
    <height>30</height>
    <font>Font_SettingsOptions</font>
    <align>left</align>
    <aligny>center</aligny>
    <textcolor>FF101010</textcolor>
    <selectedcolor>9b3cd2fd</selectedcolor>
    <label>$LOCALIZE[19210]: $INFO[ListItem.Property(ClientName)]</label>
  </control>
  </focusedlayout>
  </control>
  <control type="label">
    <posx>60</posx>
    <posy>485</posy>
    <width>440</width>
    <height>20</height>
		<font>Font_ListObjects</font>
		<align>left</align>
		<aligny>center</aligny>
		<textcolor>$VAR[value_headercolors]</textcolor>
    <label>$LOCALIZE[31756]: $INFO[Container(20).NumItems] - $LOCALIZE[31757] $INFO[Container(20).CurrentPage]/$INFO[Container(20).NumPages]</label>
  </control>

  <control type="group" id="9002">
  <control type="group">
    <posx>453</posx>
    <posy>84</posy>
  <control type="label">
    <posx>10</posx>
    <posy>10</posy>
    <width>380</width>
    <height>20</height>
    <font>Font_SettingsOptions</font>
    <textcolor>$VAR[value_headercolors]</textcolor>
    <label>$LOCALIZE[31763] - $LOCALIZE[31011]</label>
  </control>
  <control type="radiobutton" id="7">
    <posx>0</posx>
    <posy>35</posy>
    <width>433</width>
    <height>30</height>
    <textoffsetx>20</textoffsetx>
    <textcolor>FFbbbbbb</textcolor>
    <focusedcolor>FF101010</focusedcolor>
    <texturefocus>settings_button_focus.png</texturefocus>
    <texturenofocus>settings_button_nofocus.png</texturenofocus>
    <textwidth>350</textwidth>
    <radiowidth>94</radiowidth>
    <radioposx>348</radioposx>
    <radioheight>65</radioheight>
    <textoffsetx>50</textoffsetx>
    <aligny>center</aligny>
    <textureradiofocus>settings_radiobuttononfocus.png</textureradiofocus>
    <textureradionofocus>settings_radiobuttonon.png</textureradionofocus>
    <label>19074</label>
    <onleft>20</onleft>
    <onright>4</onright>
    <onup>9000</onup>
    <ondown>8</ondown>
  </control>
  <control type="edit" id="8">
    <posx>0</posx>
    <posy>65</posy>
    <width>433</width>
    <height>30</height>
    <textoffsetx>20</textoffsetx>
    <textcolor>FFbbbbbb</textcolor>
    <focusedcolor>FF101010</focusedcolor>
    <texturefocus>settings_button_focus.png</texturefocus>
    <texturenofocus>settings_button_nofocus.png</texturenofocus>
    <label>19201</label>
    <onright>4</onright>
    <onleft>20</onleft>
    <onup>7</onup>
    <ondown>9</ondown>
  </control>
  <control type="button" id="9">
    <posx>0</posx>
    <posy>95</posy>
    <width>433</width>
    <height>30</height>
    <textoffsetx>20</textoffsetx>
    <textcolor>FFbbbbbb</textcolor>
    <focusedcolor>FF101010</focusedcolor>
    <texturefocus>settings_button_focus.png</texturefocus>
    <texturenofocus>settings_button_nofocus.png</texturenofocus>
    <label>19202</label>
    <onleft>20</onleft>
    <onright>4</onright>
    <onup>8</onup>
    <ondown>12</ondown>
  </control>
  <control type="image">
    <posx>360</posx>
    <posy>95</posy>
    <width>73</width>
    <height>30</height>
    <texture>common_black.png</texture>
    <animation effect="fade" end="70" condition="true">Conditional</animation>
    <visible>Control.HasFocus(9)</visible>
  </control>
  <control type="image" id="10">
    <posx>380</posx>
    <posy>95</posy>
    <width>30</width>
    <height>30</height>
    <aspectratio>keep</aspectratio>
    <info>ListItem.Property(Icon)</info>
  </control>
  <control type="radiobutton" id="12">
    <posx>0</posx>
    <posy>125</posy>
    <width>433</width>
    <height>30</height>
    <textoffsetx>20</textoffsetx>
    <textcolor>FFbbbbbb</textcolor>
    <focusedcolor>FF101010</focusedcolor>
    <texturefocus>settings_button_focus.png</texturefocus>
    <texturenofocus>settings_button_nofocus.png</texturenofocus>
    <textwidth>350</textwidth>
    <radiowidth>94</radiowidth>
    <radioposx>348</radioposx>
    <radioheight>65</radioheight>
    <textoffsetx>50</textoffsetx>
    <aligny>center</aligny>
    <textureradiofocus>settings_radiobuttononfocus.png</textureradiofocus>
    <textureradionofocus>settings_radiobuttonon.png</textureradionofocus>
    <label>19206</label>
    <onleft>20</onleft>
    <onright>4</onright>
    <onup>9</onup>
    <ondown>13</ondown>
  </control>
  <control type="spincontrolex" id="13">
    <posx>0</posx>
    <posy>155</posy>
    <width>433</width>
    <height>30</height>
    <textoffsetx>20</textoffsetx>
    <textcolor>FFbbbbbb</textcolor>
    <focusedcolor>FF101010</focusedcolor>
    <texturefocus>settings_button_focus.png</texturefocus>
    <texturenofocus>settings_button_nofocus.png</texturenofocus>
    <label>19200</label>
    <onright>4</onright>
    <onleft>20</onleft>
    <onup>12</onup>
    <ondown>30</ondown>
  </control>
  </control>
  <control type="group">
    <posx>453</posx>
    <posy>300</posy>
  <control type="label">
    <posx>10</posx>
    <posy>5</posy>
    <width>380</width>
    <height>20</height>
    <font>Font_SettingsOptions</font>
    <textcolor>$VAR[value_headercolors]</textcolor>
    <label>$LOCALIZE[31375]</label>
  </control>
  <control type="button" id="30">
    <posx>0</posx>
    <posy>30</posy>
    <width>223</width>
    <height>30</height>
    <textoffsetx>20</textoffsetx>
    <textcolor>FFbbbbbb</textcolor>
    <focusedcolor>FF101010</focusedcolor>
    <texturefocus>settings_button_focus.png</texturefocus>
    <texturenofocus>settings_button_nofocus.png</texturenofocus>
    <label>19205</label>
    <onleft>20</onleft>
    <onright>34</onright>
    <onup>13</onup>
    <ondown>31</ondown>
  </control>
  <control type="button" id="34">
    <posx>223</posx>
    <posy>30</posy>
    <width>210</width>
    <height>30</height>
    <textoffsetx>20</textoffsetx>
    <textcolor>FFbbbbbb</textcolor>
    <focusedcolor>FF101010</focusedcolor>
    <texturefocus>settings_button_focus.png</texturefocus>
    <texturenofocus>settings_button_nofocus.png</texturenofocus>
    <label>19024</label>
    <onleft>30</onleft>
    <onright>4</onright>
    <onup>13</onup>
    <ondown>31</ondown>
    <visible>IsEmpty(Window.Property(IsRadio))</visible>
  </control>
  <control type="button" id="34">
    <posx>223</posx>
    <posy>30</posy>
    <width>210</width>
    <height>30</height>
    <textoffsetx>20</textoffsetx>
    <textcolor>FFbbbbbb</textcolor>
    <focusedcolor>FF101010</focusedcolor>
    <texturefocus>settings_button_focus.png</texturefocus>
    <texturenofocus>settings_button_nofocus.png</texturenofocus>
    <label>19023</label>
    <onleft>30</onleft>
    <onright>4</onright>
    <onup>13</onup>
    <ondown>31</ondown>
    <visible>!IsEmpty(Window.Property(IsRadio))</visible>
  </control>
  <control type="button" id="31">
    <posx>0</posx>
    <posy>60</posy>
    <width>433</width>
    <height>30</height>
    <textoffsetx>20</textoffsetx>
    <textcolor>FFbbbbbb</textcolor>
    <focusedcolor>FF101010</focusedcolor>
    <texturefocus>settings_button_focus.png</texturefocus>
    <texturenofocus>settings_button_nofocus.png</texturenofocus>
    <label>19203</label>
    <onleft>20</onleft>
    <onright>4</onright>
    <onup>30</onup>
    <ondown>32</ondown>
  </control>
  <control type="button" id="32">
    <posx>0</posx>
    <posy>90</posy>
    <width>433</width>
    <height>30</height>
    <textoffsetx>20</textoffsetx>
    <textcolor>FFbbbbbb</textcolor>
    <focusedcolor>FF101010</focusedcolor>
    <texturefocus>settings_button_focus.png</texturefocus>
    <texturenofocus>settings_button_nofocus.png</texturenofocus>
    <label>19211</label>
    <onleft>20</onleft>
    <onright>4</onright>
    <onup>31</onup>
    <ondown>33</ondown>
  </control>
  <control type="button" id="33">
    <posx>0</posx>
    <posy>120</posy>
    <width>433</width>
    <height>30</height>
    <textoffsetx>20</textoffsetx>
    <textcolor>FFbbbbbb</textcolor>
    <focusedcolor>FF101010</focusedcolor>
    <texturefocus>settings_button_focus.png</texturefocus>
    <texturenofocus>settings_button_nofocus.png</texturenofocus>
    <label>19204</label>
    <onleft>20</onleft>
    <onright>4</onright>
    <onup>32</onup>
    <ondown>9000</ondown>
  </control>
  </control>
  </control>
  <control type="image">
    <posx>452</posx>
    <posy>82</posy>
    <width>2</width>
    <height>430</height>
    <texture>panel_vertical_separator.png</texture>
    <visible>Control.IsVisible(11) | Control.IsVisible(12)</visible>
  </control>
	<control type="group" id="9000">
    <posx>-55</posx>
    <posy>536</posy>
  <control type="button" id="4">
    <description>OK button</description>
    <posx>150</posx>
    <align>center</align>
    <aligny>center</aligny>
    <height>35</height>
    <include>SettingsAddonSectionButton</include>
    <label>186</label>
    <onleft>6</onleft>
    <onright>5</onright>
    <onup>33</onup>
    <ondown>7</ondown>
  </control>
  <control type="button" id="5">
    <description>Apply Button</description>
    <posx>350</posx>
    <align>center</align>
    <aligny>center</aligny>
    <height>35</height>
    <width>315</width>
    <include>SettingsAddonSectionButton</include>
    <label>14070</label>
    <onleft>4</onleft>
    <onright>6</onright>
    <onup>33</onup>
    <ondown>7</ondown>
  </control>
  <control type="button" id="6">
    <description>Cancel button</description>
    <posx>650</posx>
    <align>center</align>
    <aligny>center</aligny>
    <height>35</height>
    <include>SettingsAddonSectionButton</include>
    <label>222</label>
    <onleft>5</onleft>
    <onright>4</onright>
    <onup>33</onup>
    <ondown>7</ondown>
  </control>
	</control>
  <control type="image">
    <description>front glass</description>
    <posx>-10</posx>
    <posy>-20</posy>
    <width>869</width>
    <height>643</height>
    <texture flipx="true">dialogs_setcontent_front.png</texture>
  </control>
  <control type="image">
    <description>front glass</description>
    <posx>40.5</posx>
    <posy>-20</posy>
    <width>869</width>
    <height>643</height>
    <texture>dialogs_setcontent_front.png</texture>
  </control>
  </controls>
  </window>