﻿<!-- Aeon MQ 4 -->

<window id="111" type="dialog">
	<defaultcontrol always="true">4112</defaultcontrol>
	<coordinates>
		<system>1</system>
		<posx>0</posx>
		<posy>0</posy>
	</coordinates>
	<controls>
  <control type="group">
    <animation type="WindowOpen" reversible="false">
    <effect type="fade" start="0" end="100" time="600" />
    <effect type="slide" start="0,768" end="0,0" time="600" tween="cubic" easing="inout" />
  </animation>
  <animation type="WindowClose" reversible="false">
    <effect type="fade" start="100" end="0" time="600" />
    <effect type="slide" start="0,0" end="0,768" time="600" tween="cubic" easing="inout" />
  </animation>
  
  <control type="group">
    <animation effect="slide" start="0,0" end="0,-76" time="400" tween="cubic" easing="inout" condition="Control.Hasfocus(4112) + Container(4112).HasFocus(1)">Conditional</animation>
    <animation effect="slide" start="0,0" end="0,-48" time="400" tween="cubic" easing="inout" condition="Control.Hasfocus(4111)">Conditional</animation>
  <control type="image">
    <posx>0</posx>
    <posy>723</posy>
    <height>66</height>
    <width>1280</width>
    <aligny>top</aligny>
    <texture background="true">topmenu_bar.png</texture>
    <colordiffuse>$VAR[value_texturecolors]</colordiffuse>
    <animation effect="fade" end="85" condition="true">Conditional</animation>
  </control>
  <control type="list" id="4111">
    <posx>0</posx>
    <posy>742</posy>
    <width>1280</width>
    <height>25</height>
    <onup>Dialog.Close(111)</onup>
    <ondown>4112</ondown>
    <orientation>horizontal</orientation>
    <pagecontrol>-</pagecontrol>
    <scrolltime>300</scrolltime>
    <focusposition>0</focusposition>
  <itemlayout height="25" width="160">
  <control type="image">
    <posx>0</posx>
    <posy>0</posy>
    <width>1</width>
    <height>25</height>
    <texture>panel_vertical_separator.png</texture>
  </control>
  <control type="label">
    <posx>80</posx>
    <posy>0</posy>
    <height>25</height>
    <width>140</width>
    <align>center</align>
    <aligny>center</aligny>
		<font>Font_MultiplexPlotTips</font>
    <label>[UPPERCASE]$INFO[ListItem.Label][/UPPERCASE]</label>
    <textcolor>48FFFFFF</textcolor>
  </control>
  </itemlayout>
  <focusedlayout height="25" width="160">
  <control type="image">
    <posx>0</posx>
    <posy>0</posy>
    <width>160</width>
    <height>25</height>
    <texture background="true">settings_button_focus.png</texture>
    <colordiffuse>$VAR[value_texturecolors]</colordiffuse>
    <visible>Control.Hasfocus(4111)</visible>
  </control>
  <control type="image">
    <posx>0</posx>
    <posy>0</posy>
    <width>1</width>
    <height>25</height>
    <texture>panel_vertical_separator.png</texture>
  </control>
  <control type="label">
    <posx>80</posx>
    <posy>0</posy>
    <height>25</height>
    <width>140</width>
    <align>center</align>
    <aligny>center</aligny>
		<font>Font_MultiplexPlotTips</font>
    <label>[UPPERCASE]$INFO[ListItem.Label][/UPPERCASE]</label>
    <textcolor>$VAR[value_buttonmenucolorfocus_2]</textcolor>
  </control>
  </focusedlayout>
  <content>
  <item id="1"><!-- PowerDown -->
    <label>31058</label>
    <onclick>Powerdown</onclick>
    <visible>Container(4112).HasFocus(1)</visible>
  </item>
  <item id="2"><!-- Restart -->
    <label>31059</label>
    <onclick>Reboot</onclick>
    <visible>Container(4112).HasFocus(1)</visible>
  </item>
  <item id="3"><!-- Suspend -->
    <label>31060</label>
    <onclick>Suspend</onclick>
    <visible>Container(4112).HasFocus(1)</visible>
  </item>
  <item id="4"><!-- Hibernate-->
    <label>31061</label>
    <onclick>Hibernate</onclick>
    <visible>Container(4112).HasFocus(1)</visible>
  </item>
  <item id="5"><!-- Refresh -->
    <label>31335</label>
    <onclick>ReloadSkin</onclick>
    <visible>Container(4112).HasFocus(1)</visible>
  </item>
  <item id="6"><!-- Timer -->
    <label>31055</label>
    <onclick>XBMC.AlarmClock(shutdowntimer,XBMC.Powerdown())</onclick>
    <visible>Container(4112).HasFocus(1)</visible>
  </item>
  <item id="7"><!-- Cancel Timer -->
    <label>31056</label>
    <onclick>XBMC.CancelAlarm(shutdowntimer)</onclick>
    <visible>Container(4112).HasFocus(1)</visible>
  </item>
  <item id="8"><!-- Logout -->
    <label>31062</label>
    <onclick>System.LogOff</onclick>
    <visible>Container(4112).HasFocus(1)</visible>
  </item>
  </content>
  </control>
  </control>
  
  <control type="group">
    <animation effect="slide" start="0,0" end="0,-48" time="400" tween="cubic" easing="inout" condition="Control.Hasfocus(4112)">Conditional</animation>
  <control type="image">
    <posx>0</posx>
    <posy>723</posy>
    <height>66</height>
    <width>1280</width>
    <aligny>top</aligny>
    <texture background="true">topmenu_bar.png</texture>
    <colordiffuse>$VAR[value_texturecolors]</colordiffuse>
    <animation effect="fade" end="85" condition="true">Conditional</animation>
  </control>
  <control type="list" id="4112">
    <posx>0</posx>
    <posy>742</posy>
    <width>1280</width>
    <height>25</height>
    <onup condition="!Container(4112).HasFocus(1)">Dialog.Close(111)</onup>
    <onup condition="Container(4112).HasFocus(1)">SetFocus(4111)</onup>
    <ondown>Dialog.Close(111)</ondown>
    <orientation>horizontal</orientation>
    <pagecontrol>-</pagecontrol>
    <scrolltime>300</scrolltime>
    <focusposition>0</focusposition>
  <itemlayout height="25" width="160">
  <control type="image">
    <posx>0</posx>
    <posy>0</posy>
    <width>1</width>
    <height>25</height>
    <texture>panel_vertical_separator.png</texture>
  </control>
  <control type="label">
    <posx>80</posx>
    <posy>0</posy>
    <height>25</height>
    <width>140</width>
    <align>center</align>
    <aligny>center</aligny>
		<font>Font_MultiplexPlotTips</font>
    <label>[UPPERCASE]$INFO[ListItem.Label][/UPPERCASE]</label>
    <textcolor>48FFFFFF</textcolor>
  </control>
  </itemlayout>
  <focusedlayout height="25" width="160">
  <control type="image">
    <posx>0</posx>
    <posy>0</posy>
    <width>160</width>
    <height>25</height>
    <texture background="true">settings_button_focus.png</texture>
    <colordiffuse>$VAR[value_texturecolors]</colordiffuse>
    <animation effect="fade" start="100" end="30" time="0" condition="!Control.Hasfocus(4112)">conditional</animation>
  </control>
  <control type="image">
    <posx>0</posx>
    <posy>0</posy>
    <width>1</width>
    <height>25</height>
    <texture>panel_vertical_separator.png</texture>
  </control>
  <control type="label">
    <posx>80</posx>
    <posy>0</posy>
    <height>25</height>
    <width>140</width>
    <align>center</align>
    <aligny>center</aligny>
		<font>Font_MultiplexPlotTips</font>
    <label>[UPPERCASE]$INFO[ListItem.Label][/UPPERCASE]</label>
    <textcolor>$VAR[value_buttonmenucolorfocus]</textcolor>
  </control>
  </focusedlayout>
  <content>
  <item id="1"><!-- Shutdown menu -->
    <label>31012</label>
    <onclick>Quit</onclick>
  </item>
  <item id="2"><!-- Settings -->
    <label>31011</label>
    <onclick>Dialog.Close(111)</onclick>
    <onclick>ActivateWindow(4)</onclick>
  </item>
  <item id="3"><!-- Home Visualiser Video -->
    <label>$VAR[value_buttonmenu_video]</label>
    <onclick>Skin.Togglesetting(homevisvideo)</onclick>
  </item>
  <item id="4"><!-- Home Visualiser Audio -->
    <label>$VAR[value_buttonmenu_audio]</label>
    <onclick>Skin.Togglesetting(homevisaudio)</onclick>
  </item>
  <item id="5"><!-- Now Playing - Playlist -->
    <label>31035</label>
    <icon>icon_button_nowplaying.png</icon>
    <onclick>ActivateWindow(500)</onclick>
  </item>
  <item id="12"><!-- Eject Tray -->
    <label>31742</label>
    <onclick>EjectTray</onclick>
  </item>
  <item id="13"><!-- File Manager -->
    <label>10003</label>
    <onclick>Dialog.Close(111)</onclick>
    <onclick>ActivateWindow(3)</onclick>
  </item>
  <item id="14"><!-- Favourites -->
    <label>1036</label>
    <onclick>Dialog.Close(111)</onclick>
    <onclick>ActivateWindow(Favourites)</onclick>
  </item>
  </content>
  </control>
  </control>
  </control>
	</controls>
</window>