﻿<!-- Aeon MQ 4 -->

<window id="145">
	<defaultcontrol>11</defaultcontrol>
	<controls>
  <control type="group">
    <include>Animation_DialogTopPopup</include>
    <posx>1280</posx>
    <posy>0</posy>
    <include>Dialogs_Group</include>
    <include>Dialogs_Settings</include>
  <control type="label" id="10">
    <description>Dialog header</description>
    <include>Dialogs_Label1</include>
  </control>
  <control type="label" id="12">
    <description>Slider Value</description>
    <include>Dialogs_Label2</include>
  </control>
  <control type="image">
    <posx>225</posx>
    <posy>40</posy>
    <width>320</width>
    <height>15</height>
    <texture>common_grey.png</texture>
    <colordiffuse>60FFFFFF</colordiffuse>
  </control>
  <control type="slider" id="11">
    <description>Slider</description>
    <posx>225</posx>
    <posy>40</posy>
    <width>320</width>
    <height>180</height>
    <align>center</align>
    <texturesliderbar>osd_progress_clear.png</texturesliderbar>
    <textureslidernib>common_black.png</textureslidernib>
    <textureslidernibfocus>osd_progress_mid.png</textureslidernibfocus>
    <onup>11</onup>
    <ondown>11</ondown>
    <onleft>11</onleft>
    <onright>11</onright>
  </control>
  </control>
	</controls>
</window>