﻿<!-- Aeon MQ 4 -->

<window id="139">
	<defaultcontrol always="true">5</defaultcontrol>
	<coordinates>
		<system>1</system>
		<posx>0</posx>
		<posy>48</posy>
	</coordinates>
	<controls>
  <control type="group">
  <animation effect="slide" start="0,-326" end="0,0" time="500" tween="cubic" easing="out" delay="200">WindowOpen</animation>
  <control type="image">
    <posx>0</posx>
    <posy>0</posy>
    <width>1280</width>
    <height>320</height>
    <texture>common_black.png</texture>
    <colordiffuse>c3FFFFFF</colordiffuse>
    <animation effect="fade" time="200">WindowClose</animation>
    <animation effect="fade" end="80" condition="true">Conditional</animation>
  </control>
  <control type="image">
    <posx>0</posx>
    <posy>-5</posy>
    <texture>osd_largebar_top.png</texture>
    <animation effect="fade" time="200">WindowClose</animation>
  </control>
    <control type="image">
    <posx>0</posx>
    <posy>-49</posy>
    <width>1280</width>
    <height>50</height>
    <texture>common_black.png</texture>
    <animation effect="slide" start="0,-49" end="0,0" time="300" tween="cubic" easing="out" delay="0">WindowOpen</animation>
    <animation effect="fade" time="200">WindowClose</animation>
  </control>
  <control type="label">
    <description>header label</description>
    <posx>55</posx>
    <posy>-38</posy>
    <width>1169</width>
    <height>30</height>
    <font>Font_OSDMusicTitle</font>
    <label>13406</label>
    <align>center</align>
    <aligny>center</aligny>
    <animation effect="fade" time="1000">WindowOpen</animation>
    <animation effect="fade" time="200">WindowClose</animation>
  </control>
  <control type="list" id="5">
    <posx>0</posx>
    <posy>0</posy>
    <width>1280</width>
    <height>319</height>
    <onleft>60</onleft>
    <onright>60</onright>
    <onup>5</onup>
    <ondown>5</ondown>
    <pagecontrol>60</pagecontrol>
    <scrolltime>200</scrolltime>
    <itemlayout height="35">
  <control type="image">
    <posx>0</posx>
    <posy>0</posy>
    <width>1280</width>
    <height>35</height>
    <texture>dialogs_setcontent_scraper_nofocus.png</texture>
  </control>
  <control type="label">
    <posx>640</posx>
    <posy>0</posy>
    <width>390</width>
    <height>35</height>
    <aligny>center</aligny>
    <textcolor>FF929191</textcolor>
    <align>right</align>
    <label>[COLOR=header]$INFO[ListItem.Label] : [/COLOR]</label>
  </control>
  <control type="label">
    <posx>640</posx>
    <posy>0</posy>
    <width>390</width>
    <height>35</height>
    <aligny>center</aligny>
    <textcolor>FF929191</textcolor>
    <align>left</align>
    <info>ListItem.Label2</info>
  </control>
    </itemlayout>
    <focusedlayout height="35">
  <control type="image">
    <posx>0</posx>
    <posy>0</posy>
    <width>1280</width>
    <height>35</height>
    <visible>!Control.HasFocus(5)</visible>
    <texture>dialogs_setcontent_scraper_nofocus.png</texture>
  </control>
  <control type="image">
    <posx>0</posx>
    <posy>0</posy>
    <width>1280</width>
    <height>35</height>
    <visible>Control.HasFocus(5)</visible>
    <texture>settings_button_focus.png</texture>
  </control>
  <control type="label">
    <posx>640</posx>
    <posy>0</posy>
    <width>390</width>
    <height>35</height>
    <aligny>center</aligny>
    <textcolor>FFFFFFFF</textcolor>
    <align>right</align>
    <label>[COLOR=header]$INFO[ListItem.Label] : [/COLOR]</label>
  </control>
  <control type="label">
    <posx>640</posx>
    <posy>0</posy>
    <width>390</width>
    <height>35</height>
    <aligny>center</aligny>
    <textcolor>FFFFFFFF</textcolor>
    <align>left</align>
    <info>ListItem.Label2</info>
  </control>
  </focusedlayout>
  </control>
  </control>
  
  <control type="scrollbar" id="60">
    <include>ScrollBar_Vertical</include>
    <posx>1227</posx>
    <posy>20</posy>
    <height>290</height>
    <onup>60</onup>
    <ondown>60</ondown>
    <onleft>5</onleft>
    <onright>5</onright>
  </control>
	</controls>
</window>