﻿<!-- Aeon MQ 4 -->

<window id="109">
	<defaultcontrol>10</defaultcontrol>
	<zorder>5</zorder>
  <animation type="WindowOpen" reversible="false">
    <effect type="zoom" start="80" end="100" center="640,360" delay="200" easing="out" tween="back" time="300" />
    <effect type="fade" delay="200" start="0" end="100" time="300" />
  </animation>
  <animation type="WindowClose" reversible="false">
    <effect type="zoom" start="100" end="80" center="640,360" easing="in" tween="back" time="300" />
    <effect type="fade" start="100" end="0" time="300" />
  </animation>
  <animation type="Visible" reversible="false">
    <effect type="zoom" start="80" end="100" center="640,360" delay="200" easing="out" tween="back" time="300" />
    <effect type="fade" delay="200" start="0" end="100" time="300" />
  </animation>
  <animation type="Hidden" reversible="false">
    <effect type="zoom" start="100" end="80" center="640,360" easing="in" tween="back" time="300" />
    <effect type="fade" start="100" end="0" time="300" />
  </animation>
	<controls>
	<control type="image">
    <include>FullScreenDimensions</include>
    <texture>common_black.png</texture>
    <colordiffuse>c3FFFFFF</colordiffuse>
    <include>Animation_CommonFade</include>
  </control>
		<control type="group">
    <posx>546</posx>
    <posy>242</posy>
    <width>189</width>
    <height>263</height>
  <control type="image" id="0">
    <description>Panel</description>
    <texture>keyboard_numeric_back.png</texture>
    <posx>0</posx>
    <posy>0</posy>
    <width>189</width>
    <height>263</height>
  </control>
  <control type="label" id="4">
    <description>Edit Text</description>
    <posx>17</posx>
    <posy>208</posy>
    <width>155</width>
    <height>31</height>
    <font>Font_KeyboardEdit</font>
    <align>center</align>
    <aligny>center</aligny>
    <onup>49</onup>
  </control>
  <control type="group">
    <posx>18</posx>
    <posy>11</posy>
  <control type="group">
    <posy>0</posy>
  <control type="button" id="11">
    <description>'1' button</description>
    <include>Objects_KeyboardSingle</include>
    <posx>-8</posx>
    <width>73</width>
    <height>73</height>
    <onleft>13</onleft>
    <onright>12</onright>
    <onup>20</onup>
    <ondown>14</ondown>
    <label>12311</label>
  </control>
  <control type="button" id="12">
    <description>'2' button</description>
    <include>Objects_KeyboardSingle</include>
    <posx>39</posx>
    <width>73</width>
    <height>73</height>
    <onleft>11</onleft>
    <onright>13</onright>
    <onup>10</onup>
    <ondown>15</ondown>
    <label>12312</label>
  </control>
  <control type="button" id="13">
    <description>'3' button</description>
    <include>Objects_KeyboardSingle</include>
    <posx>86</posx>
    <width>73</width>
    <height>73</height>
    <onleft>12</onleft>
    <onright>11</onright>
    <onup>21</onup>
    <ondown>16</ondown>
    <label>12313</label>
  </control>
  </control>
  <control type="group">
    <posy>45</posy>
  <control type="button" id="14">
    <description>'4' button</description>
    <include>Objects_KeyboardSingle</include>
    <posx>-8</posx>
    <width>73</width>
    <height>73</height>
    <onleft>16</onleft>
    <onright>15</onright>
    <onup>11</onup>
    <ondown>17</ondown>
    <label>12314</label>
  </control>
  <control type="button" id="15">
    <description>'5' button</description>
    <include>Objects_KeyboardSingle</include>
    <posx>39</posx>
    <width>73</width>
    <height>73</height>
    <onleft>14</onleft>
    <onright>16</onright>
    <onup>12</onup>
    <ondown>18</ondown>
    <label>12315</label>
  </control>
  <control type="button" id="16">
    <description>'6' button</description>
    <include>Objects_KeyboardSingle</include>
    <posx>86</posx>
    <width>73</width>
    <height>73</height>
    <onleft>15</onleft>
    <onright>14</onright>
    <onup>13</onup>
    <ondown>19</ondown>
    <label>12316</label>
  </control>
  </control>
  <control type="group">
    <posy>90</posy>
  <control type="button" id="17">
    <description>'7' button</description>
    <include>Objects_KeyboardSingle</include>
    <posx>-8</posx>
    <width>73</width>
    <height>73</height>
    <onleft>19</onleft>
    <onright>18</onright>
    <onup>14</onup>
    <ondown>20</ondown>
    <label>12317</label>
  </control>
  <control type="button" id="18">
    <description>'8' button</description>
    <include>Objects_KeyboardSingle</include>
    <posx>39</posx>
    <width>73</width>
    <height>73</height>
    <onleft>17</onleft>
    <onright>19</onright>
    <onup>15</onup>
    <ondown>10</ondown>
    <label>12318</label>
  </control>
  <control type="button" id="19">
    <description>'9' button</description>
    <include>Objects_KeyboardSingle</include>
    <posx>86</posx>
    <width>73</width>
    <height>73</height>
    <onleft>18</onleft>
    <onright>17</onright>
    <onup>16</onup>
    <ondown>21</ondown>
    <label>12319</label>
  </control>
  </control>
  <control type="group">
    <posy>135</posy>
  <control type="button" id="20">
    <description>'C' button</description>
    <include>Objects_KeyboardSingle</include>
    <posx>-8</posx>
    <width>73</width>
    <height>73</height>
    <onleft>21</onleft>
    <onright>10</onright>
    <onup>17</onup>
    <ondown>11</ondown>
    <label>C</label>
  </control>
  <control type="button" id="10">
    <description>'0' button</description>
    <include>Objects_KeyboardSingle</include>
    <posx>39</posx>
    <width>73</width>
    <height>73</height>
    <onleft>20</onleft>
    <onright>21</onright>
    <onup>18</onup>
    <ondown>12</ondown>
    <label>12310</label>
  </control>
  <control type="button" id="21">
    <description>'OK' button</description>
    <include>Objects_KeyboardSingle</include>
    <posx>86</posx>
    <width>73</width>
    <height>73</height>
    <onleft>10</onleft>
    <onright>20</onright>
    <onup>18</onup>
    <ondown>12</ondown>
    <label>E</label>
  </control>
  </control>
  </control>
	</control>
	</controls>
</window>