﻿<!-- Aeon MQ 4 -->

<window id="604">
	<defaultcontrol always="true">29</defaultcontrol>
	  <include>Animation_DialogPopup</include>
	<controls>
  <control type="largeimage">
    <posx>0</posx>
    <posy>0</posy>
    <width>1280</width>
    <height>720</height>
    <texture>osd_settings_back.png</texture>
  </control>
  <control type="label" id="2">
    <description>heading label</description>
    <posx>40</posx>
    <posy>35</posy>
    <width>1200</width>
    <height>40</height>
    <align>center</align>
    <aligny>center</aligny>
    <label>19143</label>
  </control>
  <control type="label">
    <description>Groups header label</description>
    <posx>40</posx>
    <posy>100</posy>
    <width>400</width>
    <height>45</height>
    <label>31526</label>
    <align>center</align>
    <aligny>center</aligny>
  </control>
  <control type="label">
    <description>Channels header label</description>
    <posx>440</posx>
    <posy>100</posy>
    <width>400</width>
    <height>45</height>
    <label>31527</label>
    <align>center</align>
    <aligny>center</aligny>
  </control>
  <control type="label">
    <description>Current Group header label</description>
    <posx>840</posx>
    <posy>100</posy>
    <width>400</width>
    <height>45</height>
    <label>$LOCALIZE[31528][CR]"$INFO[Control.GetLabel(20)]"</label>
    <align>center</align>
    <aligny>center</aligny>
  </control>
  <control type="group">
    <posx>45</posx>
    <posy>155</posy>
  <control type="list" id="13">
    <posx>0</posx>
    <posy>0</posy>
    <width>360</width>
    <height>450</height>
    <onup>13</onup>
    <ondown>13</ondown>
    <onleft>29</onleft>
    <onright>73</onright>
    <pagecontrol>73</pagecontrol>
    <scrolltime>200</scrolltime>
    <animation effect="slide" start="0,0" end="15,0" time="0" condition="!Control.IsVisible(73)">Conditional</animation>
    <itemlayout height="40">
  <control type="image">
    <posx>0</posx>
    <posy>0</posy>
    <width>360</width>
    <height>35</height>
    <texture border="5">button-nofocus.png</texture>
  </control>
  <control type="label">
    <posx>10</posx>
    <posy>0</posy>
    <width>340</width>
    <height>35</height>
    <align>left</align>
    <aligny>center</aligny>
    <info>ListItem.Label</info>
  </control>
  </itemlayout>
  <focusedlayout height="40">
  <control type="image">
    <posx>0</posx>
    <posy>0</posy>
    <width>360</width>
    <height>35</height>
    <texture border="5">button-nofocus.png</texture>
    <visible>!Control.HasFocus(13)</visible>
  </control>
  <control type="image">
    <posx>0</posx>
    <posy>0</posy>
    <width>360</width>
    <height>35</height>
    <texture border="5">button-focus.png</texture>
    <visible>Control.HasFocus(13)</visible>
  </control>
  <control type="label">
    <posx>10</posx>
    <posy>0</posy>
    <width>340</width>
    <height>35</height>
    <align>left</align>
    <aligny>center</aligny>
    <info>ListItem.Label</info>
  </control>
  </focusedlayout>
  </control>
  <control type="scrollbar" id="73">
    <include>ScrollBar_Vertical</include>
    <posx>1195</posx>
    <posy>108</posy>
    <height>530</height>
    <onleft>13</onleft>
    <onright>11</onright>
    <ondown>73</ondown>
    <onup>73</onup>
  </control>
  </control>
  <control type="group">
    <posx>445</posx>
    <posy>155</posy>
  <control type="list" id="11">
    <posx>0</posx>
    <posy>0</posy>
    <width>360</width>
    <height>450</height>
    <onup>11</onup>
    <ondown>11</ondown>
    <onleft>73</onleft>
    <onright>71</onright>
    <pagecontrol>71</pagecontrol>
    <scrolltime>200</scrolltime>
    <animation effect="slide" start="0,0" end="15,0" time="0" condition="!Control.IsVisible(71)">Conditional</animation>
    <itemlayout height="40">
  <control type="image">
    <posx>0</posx>
    <posy>0</posy>
    <width>360</width>
    <height>35</height>
    <texture>settings_button_nofocus.png</texture>
  </control>
  <control type="image">
    <width>32</width>
    <height>29</height>
    <posx>5</posx>
    <posy>4</posy>
    <texture>$INFO[ListItem.Icon]</texture>
  </control>
  <control type="label">
    <posx>40</posx>
    <posy>0</posy>
    <width>310</width>
    <height>35</height>
    <align>left</align>
    <aligny>center</aligny>
    <label>$INFO[ListItem.ChannelNumber,(,) - ]$INFO[ListItem.ChannelName]</label>
  </control>
  </itemlayout>
  <focusedlayout height="40">
  <control type="image">
    <posx>0</posx>
    <posy>0</posy>
    <width>360</width>
    <height>35</height>
    <texture>settings_button_nofocus.png</texture>
    <visible>!Control.HasFocus(11)</visible>
  </control>
  <control type="image">
    <posx>0</posx>
    <posy>0</posy>
    <width>360</width>
    <height>35</height>
    <texture>settings_button_focus.png</texture>
    <visible>Control.HasFocus(11)</visible>
  </control>
  <control type="image">
    <width>32</width>
    <height>29</height>
    <posx>5</posx>
    <posy>4</posy>
    <texture>$INFO[ListItem.Icon]</texture>
  </control>
  <control type="label">
    <posx>40</posx>
    <posy>0</posy>
    <width>310</width>
    <height>35</height>
    <align>left</align>
    <aligny>center</aligny>
    <label>$INFO[ListItem.ChannelNumber,(,) - ]$INFO[ListItem.ChannelName]</label>
  </control>
  </focusedlayout>
  </control>
  <control type="scrollbar" id="71">
    <include>ScrollBar_Vertical</include>
    <posx>1195</posx>
    <posy>108</posy>
    <height>530</height>
    <onleft>11</onleft>
    <onright>12</onright>
    <ondown>71</ondown>
    <onup>71</onup>
  </control>
  </control>
  <control type="group">
    <posx>845</posx>
    <posy>155</posy>
  <control type="list" id="12">
    <posx>0</posx>
    <posy>0</posy>
    <width>360</width>
    <height>450</height>
    <onup>12</onup>
    <ondown>12</ondown>
    <onleft>71</onleft>
    <onright>72</onright>
    <pagecontrol>72</pagecontrol>
    <scrolltime>200</scrolltime>
    <animation effect="slide" start="0,0" end="15,0" time="0" condition="!Control.IsVisible(72)">Conditional</animation>
    <itemlayout height="40">
  <control type="image">
    <posx>0</posx>
    <posy>0</posy>
    <width>360</width>
    <height>35</height>
    <texture>settings_button_nofocus.png</texture>
  </control>
  <control type="image">
    <width>32</width>
    <height>29</height>
    <posx>5</posx>
    <posy>4</posy>
    <texture>$INFO[ListItem.Icon]</texture>
  </control>
  <control type="label">
    <posx>40</posx>
    <posy>0</posy>
    <width>310</width>
    <height>35</height>
    <align>left</align>
    <aligny>center</aligny>
    <label>$INFO[ListItem.ChannelNumber,(,) - ]$INFO[ListItem.ChannelName]</label>
  </control>
  </itemlayout>
  <focusedlayout height="40">
  <control type="image">
    <posx>0</posx>
    <posy>0</posy>
    <width>360</width>
    <height>35</height>
    <texture>settings_button_nofocus.png</texture>
    <visible>!Control.HasFocus(12)</visible>
  </control>
  <control type="image">
    <posx>0</posx>
    <posy>0</posy>
    <width>360</width>
    <height>35</height>
    <texture>settings_button_focus.png</texture>
    <visible>Control.HasFocus(12)</visible>
  </control>
  <control type="image">
    <width>32</width>
    <height>29</height>
    <posx>5</posx>
    <posy>4</posy>
    <texture>$INFO[ListItem.Icon]</texture>
  </control>
  <control type="label">
    <posx>40</posx>
    <posy>0</posy>
    <width>310</width>
    <height>35</height>
    <align>left</align>
    <aligny>center</aligny>
    <label>$INFO[ListItem.ChannelNumber,(,) - ]$INFO[ListItem.ChannelName]</label>
  </control>
  </focusedlayout>
  </control>
  <control type="scrollbar" id="72">
    <include>ScrollBar_Vertical</include>
    <posx>1195</posx>
    <posy>108</posy>
    <height>530</height>
    <onleft>12</onleft>
    <onright>26</onright>
    <ondown>72</ondown>
    <onup>72</onup>
  </control>
  </control>
  <control type="grouplist">
    <posx>40</posx>
    <posy>630</posy>
    <width>1200</width>
    <height>40</height>
    <itemgap>10</itemgap>
    <align>center</align>
    <orientation>horizontal</orientation>
    <onleft>72</onleft>
    <onright>13</onright>
    <onup>9000</onup>
    <ondown>9000</ondown>
  <control type="button" id="26">
    <description>Add button</description>
    <width>250</width>
    <height>35</height>
    <label>31528</label>
    <align>center</align>
    <aligny>center</aligny>
    <include>SettingsAddonSectionButton</include>
  </control>
  <control type="button" id="27">
    <description>Rename button</description>
    <width>250</width>
    <height>35</height>
    <label>31529</label>
    <align>center</align>
    <aligny>center</aligny>
    <include>SettingsAddonSectionButton</include>
  </control>
  <control type="button" id="28">
    <description>Delete button</description>
    <width>250</width>
    <height>35</height>
    <label>31530</label>
    <align>center</align>
    <aligny>center</aligny>
    <include>SettingsAddonSectionButton</include>
  </control>
  <control type="button" id ="29">
    <description>Ok button</description>
    <width>250</width>
    <height>35</height>
    <label>186</label>
    <align>center</align>
    <aligny>center</aligny>
    <include>SettingsAddonSectionButton</include>
  </control>
  </control>
  <control type="label" id="20">
    <description>Fake Label used to pass on name label</description>
    <visible>false</visible>
  </control>
  </controls>
  </window>
