﻿<!-- Aeon MQ 4 -->

<window id="140">
	<defaultcontrol always="true">2</defaultcontrol>
	<coordinates>
		<system>1</system>
		<posx>0</posx>
		<posy>0</posy>
	</coordinates>
  <controls>
  <control type="image">
    <include>AnimatedBG</include>
    <texture background="true">$VAR[value_addonsbg]</texture>
    <info background="true">Skin.String(CustomAddons_Background)</info>
  </control>
  <control type="group">
    <visible>!Window.IsActive(TextViewer)</visible>
    <include>Animation_OpenCloseWindow</include>
  <control type="image">
    <posx>23</posx>
    <posy>23</posy>
    <width>1233</width>
    <height>673</height>
    <texture background="true">settings_panelback.png</texture>
  </control>
  <control type="label">
    <include>SettingsSectionTitle</include>
    <label>31202</label>
  </control>
  <control type="label" id="20">
    <include>SettingsContentTitle</include>
    <label></label>
  </control>
  <control type="grouplist" id="9"><!-- Button Section -->
    <include>ButtonGroupXBMCDimensions</include>
    <orientation>vertical</orientation>
    <itemgap>0</itemgap>
    <onup>9</onup>
    <ondown>9</ondown>
    <onleft>10</onleft>
    <onright>2</onright>
  </control>
	<control type="image">
    <description>front pane for Settings panel</description>
    <posx>42</posx>
    <posy>28</posy>
    <width>1196</width>
    <height>651</height>
    <texture background="true">settings_panelfront.png</texture>
	</control>
  <control type="grouplist" id="2"><!-- Settings Section -->
  	<posx>258</posx>
		<posy>120</posy>
		<width>936</width>
		<height>425</height>
		<itemgap>-1</itemgap>
    <pagecontrol>61</pagecontrol>
    <onup>10</onup>
    <ondown>10</ondown>
    <onleft>9</onleft>
    <onright>61</onright>
  </control>
  <control type="scrollbar" id="61">
    <include>ScrollBar_Vertical</include>
    <posx>1190</posx>
    <posy>120</posy>
    <height>420</height>
    <onleft>2</onleft>
    <onright>10</onright>
  </control>
  <control type="button" id="13">
    <description>Default Section Button</description>
  </control>
  <control type="button" id="3">
    <description>Default Settings Button</description>
  </control>
  <control type="radiobutton" id="4">
    <description>Default RadioButton</description>
  </control>
  <control type="spincontrolex" id="5">
    <description>Default spincontrolex</description>
    <subtype>text</subtype>
  </control>
  <control type="image" id="6">
    <description>Default Seperator</description>
    <texture>-</texture>
  </control>
  <control type="label" id="7">
    <textoffsetx>50</textoffsetx>
    <height>40</height>
    <font>Font_SettingsOptions</font>
    <label>-</label>
    <textcolor>white</textcolor>
    <align>left</align>
    <aligny>center</aligny>
  </control>
  <control type="sliderex" id="8">
    <textoffsetx>50</textoffsetx>
  </control>
  <control type="image">
    <posx>258</posx>
    <posy>574</posy>
    <width>936</width>
    <height>49</height>
    <texture>settings_radiobuttonoff.png</texture>
  </control>
  <control type="group" id="9001">
    <posx>200</posx>
    <posy>622</posy>
  <control type="button" id="10">
    <description>OK Button</description>
    <posx>200</posx>
    <align>center</align>
    <aligny>center</aligny>
    <include>SettingsAddonSectionButton</include>
    <label>186</label>
    <onleft>12</onleft>
    <onright>11</onright>
    <onup>2</onup>
    <ondown>2</ondown>
  </control>
  <control type="button" id="11">
    <description>Cancel Button</description>
    <posx>400</posx>
    <align>center</align>
    <aligny>center</aligny>
    <include>SettingsAddonSectionButton</include>
    <label>222</label>
    <onleft>10</onleft>
    <onright>12</onright>
    <onup>2</onup>
    <ondown>2</ondown>
  </control>
  <control type="button" id="12">
    <description>Defaults Button</description>
    <posx>600</posx>
    <align>center</align>
    <aligny>center</aligny>
    <include>SettingsAddonSectionButton</include>
    <label>409</label>
    <onleft>11</onleft>
    <onright>10</onright>
    <onup>2</onup>
    <ondown>2</ondown>
  </control>
	</control>
	</control>
	</controls>
</window>
