﻿<!-- Aeon MQ 4 -->

<window id="107">
	<controls>
  <control type="group">
    <posx>1280</posx>
    <posy>0</posy>
    <include>Dialogs_Group</include>
    <include condition="!Skin.HasSetting(popupvoxcommando)">Animation_DialogTopPopup</include>
    <include condition="Skin.HasSetting(popupvoxcommando)">Animation_DialogPopup</include>
    <visible>Skin.HasSetting(welcomedone)</visible>
  <control type="image">
    <posx>-1002</posx>
    <posy>200</posy>
    <width>724</width>
    <height>230</height>
    <texture>dialogs_back_vc.png</texture>
    <visible>Skin.HasSetting(popupvoxcommando)</visible>
  </control>
  <control type="image" id="400">
    <include condition="Skin.HasSetting(popupvoxcommando)">DialogKaiToast_Icon_Vox</include>
    <include condition="!Skin.HasSetting(popupvoxcommando)">DialogKaiToast_Icon</include>
  </control>
  <control type="label" id="401">
    <include condition="Skin.HasSetting(popupvoxcommando)">Dialogs_Label1_Vox</include>
    <include condition="!Skin.HasSetting(popupvoxcommando)">Dialogs_Label1</include>
  </control>
  <control type="label" id="402">
    <include condition="Skin.HasSetting(popupvoxcommando)">Dialogs_Label2_Vox</include>
    <include condition="!Skin.HasSetting(popupvoxcommando)">Dialogs_Label2</include>
  </control>
  </control>
	</controls>
</window>