﻿<!-- Aeon MQ 4 -->

<window id="128">
	<defaultcontrol>10</defaultcontrol>
	<coordinates>
		<system>1</system>
		<posx>0</posx>
		<posy>0</posy>
	</coordinates>
	<zorder>4</zorder>
	  <include>Animation_DialogPopup</include>
	<controls>
	<control type="image">
    <include>FullScreenDimensions</include>
    <texture>common_black.png</texture>
    <colordiffuse>c3FFFFFF</colordiffuse>
    <include>Animation_CommonFade</include>
    <animation effect="fade" start="100" end="0" time="200" condition="Window.IsVisible(SliderDialog)">conditional</animation>
  </control>
  <control type="group">
    <posx>206</posx>
    <posy>202</posy>
    <width>869</width>
    <height>317</height>
  <control type="image">
    <description>background image</description>
    <posx>0</posx>
    <posy>0</posy>
    <width>869</width>
    <height>317</height>
    <texture>dialogs_scrapersettings_back.png</texture>
  </control>
  <control type="spincontrolex" id="10">
    <description>protocol spincontrol</description>
    <posx>13</posx>
    <posy>35</posy>
    <width>676</width>
    <height>41</height>
    <font>Font_SettingsOptions</font>
    <textcolor>FFf5f5f5</textcolor>
    <focusedcolor>FF101010</focusedcolor>
    <selectedcolor>FFf5f5f5</selectedcolor>
    <texturefocus>settings_button_focus.png</texturefocus>
    <texturenofocus>dialogs_setcontent_button_nofocus.png</texturenofocus>
    <pulseonselect>false</pulseonselect>
    <spinposx>-4</spinposx>
    <spinwidth>40</spinwidth>
    <spinheight>65</spinheight>
    <textoffsetx>20</textoffsetx>
    <aligny>center</aligny>
    <reverse>yes</reverse>
    <onup>18</onup>
    <ondown>11</ondown>
    <onleft>-</onleft>
    <onright>12</onright>
  </control>
  <control type="button" id="11">
    <description>Server Address Button</description>
    <posx>13</posx>
    <posy>76</posy>
    <width>676</width>
    <height>41</height>
    <label>-</label>
    <font>Font_SettingsOptions</font>
    <textcolor>FFf5f5f5</textcolor>
    <focusedcolor>FF101010</focusedcolor>
    <selectedcolor>FFf5f5f5</selectedcolor>
    <textoffsetx>20</textoffsetx>
    <aligny>center</aligny>
    <texturefocus>settings_button_focus.png</texturefocus>
    <texturenofocus>dialogs_setcontent_button_nofocus.png</texturenofocus>
    <onup>10</onup>
    <onleft>12</onleft>
    <onright>12</onright>
    <ondown>16</ondown>
  </control>
  <control type="button" id="16">
    <description>Remote Path Button</description>
    <posx>13</posx>
    <posy>117</posy>
    <width>676</width>
    <height>41</height>
    <font>Font_SettingsOptions</font>
    <textcolor>FFf5f5f5</textcolor>
    <focusedcolor>FF101010</focusedcolor>
    <selectedcolor>FFf5f5f5</selectedcolor>
    <textoffsetx>20</textoffsetx>
    <aligny>center</aligny>
    <texturefocus>settings_button_focus.png</texturefocus>
    <texturenofocus>dialogs_setcontent_button_nofocus.png</texturenofocus>
    <onup>11</onup>
    <onleft>16</onleft>
    <onright>16</onright>
    <ondown>13</ondown>
  </control>
  <control type="button" id="13">
    <description>Port Button</description>
    <posx>13</posx>
    <posy>158</posy>
    <width>676</width>
    <height>41</height>
    <label>1013</label>
    <font>Font_SettingsOptions</font>
    <textcolor>FFf5f5f5</textcolor>
    <focusedcolor>FF101010</focusedcolor>
    <selectedcolor>FFf5f5f5</selectedcolor>
    <textoffsetx>20</textoffsetx>
    <aligny>center</aligny>
    <texturefocus>settings_button_focus.png</texturefocus>
    <texturenofocus>dialogs_setcontent_button_nofocus.png</texturenofocus>
    <onup>16</onup>
    <onleft>13</onleft>
    <onright>13</onright>
    <ondown>14</ondown>
  </control>
  <control type="button" id="14">
    <description>Username Button</description>
    <posx>13</posx>
    <posy>199</posy>
    <width>676</width>
    <height>41</height>
    <label>1014</label>
    <font>Font_SettingsOptions</font>
    <textcolor>FFf5f5f5</textcolor>
    <focusedcolor>FF101010</focusedcolor>
    <selectedcolor>FFf5f5f5</selectedcolor>
    <textoffsetx>20</textoffsetx>
    <aligny>center</aligny>
    <texturefocus>settings_button_focus.png</texturefocus>
    <texturenofocus>dialogs_setcontent_button_nofocus.png</texturenofocus>
    <onup>13</onup>
    <onleft>14</onleft>
    <onright>14</onright>
    <ondown>15</ondown>
  </control>
  <control type="button" id="15">
    <description>Username Button</description>
    <posx>13</posx>
    <posy>240</posy>
    <width>676</width>
    <height>41</height>
    <label>15052</label>
    <font>Font_SettingsOptions</font>
    <textcolor>FFf5f5f5</textcolor>
    <focusedcolor>FF101010</focusedcolor>
    <selectedcolor>FFf5f5f5</selectedcolor>
    <textoffsetx>20</textoffsetx>
    <aligny>center</aligny>
    <texturefocus>settings_button_focus.png</texturefocus>
    <texturenofocus>dialogs_setcontent_button_nofocus.png</texturenofocus>
    <onup>14</onup>
    <onleft>15</onleft>
    <onright>15</onright>
    <ondown>18</ondown>
  </control>
  <control type="button" id="12">
    <description>browse button</description>
    <posx>689</posx>
    <posy>158</posy>
    <width>156</width>
    <height>41</height>
    <font>Font_SetContentMenu</font>
    <label>1024</label>
    <align>left</align>
    <textcolor>FFf5f5f5</textcolor>
    <focusedcolor>FF101010</focusedcolor>
    <selectedcolor>FFf5f5f5</selectedcolor>
    <textoffsetx>20</textoffsetx>
    <texturenofocus>-</texturenofocus>
    <texturefocus>settings_button_focus.png</texturefocus>
    <onup>-</onup>
    <onleft>10</onleft>
    <onright>11</onright>
    <ondown>19</ondown>
  </control>
  <control type="button" id="19">
    <description>cancel button</description>
    <posx>689</posx>
    <posy>199</posy>
    <width>156</width>
    <height>41</height>
    <font>Font_SetContentMenu</font>
    <label>222</label>
    <align>left</align>
    <textcolor>FFf5f5f5</textcolor>
    <focusedcolor>FF101010</focusedcolor>
    <selectedcolor>FFf5f5f5</selectedcolor>
    <textoffsetx>20</textoffsetx>
    <texturenofocus>-</texturenofocus>
    <texturefocus>settings_button_focus.png</texturefocus>
    <onup>12</onup>
    <onleft>10</onleft>
    <onright>11</onright>
    <ondown>18</ondown>
  </control>
  <control type="button" id="18">
    <description>ok button</description>
    <posx>689</posx>
    <posy>240</posy>
    <width>156</width>
    <height>41</height>
    <font>Font_SetContentMenu</font>
    <label>186</label>
    <align>left</align>
    <textcolor>FFf5f5f5</textcolor>
    <focusedcolor>FF101010</focusedcolor>
    <selectedcolor>FFf5f5f5</selectedcolor>
    <textoffsetx>20</textoffsetx>
    <texturenofocus>-</texturenofocus>
    <texturefocus>settings_button_focus.png</texturefocus>
    <onup>19</onup>
    <onleft>10</onleft>
    <onright>11</onright>
    <ondown>-</ondown>
  </control>
  </control>
  <control type="image">
    <description>foreground image</description>
    <posx>196</posx>
    <posy>200</posy>
    <width>869</width>
    <height>317</height>
    <texture flipx="true">dialogs_setcontent_front.png</texture>
  </control>
  <control type="image">
    <description>foreground image</description>
    <posx>205.5</posx>
    <posy>200</posy>
    <width>869</width>
    <height>317</height>
    <texture>dialogs_setcontent_front.png</texture>
  </control>
	</controls>
</window>