﻿<!-- Aeon MQ 4 -->

<window id="2003">
	<defaultcontrol always="true">149</defaultcontrol>
	  <onload>ClearProperty(script.metadata.actors.isactive)</onload>
	<controls>
	
  <control type="group"><!-- default group -->
    <include>Animation_OpenCloseZoom</include>
    <animation effect="fade" start="100" end="0" time="300" condition="StringCompare(Window.Property(script.metadata.actors.isactive),1)">Conditional</animation>
    
  <control type="button" id="9900"><!-- to menu/kiosk condition -->
    <include>InvisibleButton</include>
    <onfocus condition="![Skin.HasSetting(kiosk) | Skin.HasSetting(kiosksmart) + !SubString(skin.string(codestep),step3)]">SetFocus(9300)</onfocus>
    <onfocus condition="Skin.HasSetting(kiosk)">SetFocus(149)</onfocus>
    <onfocus condition="Skin.HasSetting(kiosksmart) + !SubString(skin.string(codestep),step3)">SetFocus(9100)</onfocus>
  </control>
 
  <control type="multiimage"><!-- Multi Fanart -->
    <include>FullScreenDimensions</include>
		<timeperimage>6000</timeperimage>
		<randomize>true</randomize>
		<fadetime>FanartCrossFadeTime</fadetime>
		<animation effect="zoom" start="110" end="130" center="auto" time="10000" tween="cubic" easing="inout" pulse="true" condition="Skin.HasSetting(animation_videoinfopanscan)">Conditional</animation>
		<animation effect="slide" start="-10,-10" end="10,10" time="5000" tween="cubic" easing="inout" pulse="true" condition="Skin.HasSetting(animation_videoinfopanscan)">Conditional</animation>
		<imagepath background="true" fallback="special://skin/backgrounds/default.jpg">$VAR[value_videoinfofanart]</imagepath>
  </control>
  <control type="image"><!-- Single Fanart -->
    <include>FullScreenDimensions</include>
		<fadetime>FanartCrossFadeTime</fadetime>
		<animation effect="zoom" start="110" end="130" center="auto" time="10000" tween="cubic" easing="inout" pulse="true" condition="Skin.HasSetting(animation_videoinfopanscan)">Conditional</animation>
		<animation effect="slide" start="-10,-10" end="10,10" time="5000" tween="cubic" easing="inout" pulse="true" condition="Skin.HasSetting(animation_videoinfopanscan)">Conditional</animation>
    <texture background="true">$VAR[value_defaultvideofanart]</texture>
  </control>
  <control type="multiimage" id="5020"><!-- Extra Fanart Movies/TvShows/MusicVideos -->
    <include>InvisibleButton</include>
    <imagepath background="true">$INFO[ListItem.Path]extrafanart/</imagepath>
    <animation effect="zoom" start="110" end="130" center="auto" time="10000" tween="cubic" easing="inout" pulse="true" condition="Skin.HasSetting(animation_videoinfopanscan)">Conditional</animation>
		<animation effect="slide" start="-10,-10" end="10,10" time="5000" tween="cubic" easing="inout" pulse="true" condition="Skin.HasSetting(animation_videoinfopanscan)">Conditional</animation>
    <visible>Container.Content(movies) + !Skin.HasSetting(trailers) + Skin.HasSetting(extrafanartvideoinfo) | Container.Content(tvshows) + Skin.HasSetting(extrafanartvideoinfo) | Container.Content(musicvideos) + Skin.HasSetting(extrafanartvideoinfo)</visible>
  </control>
  <control type="multiimage" id="5021"><!-- Extra Fanart Seasons -->
    <include>InvisibleButton</include>
    <imagepath background="true">$INFO[ListItem.Path,,extrafanart/]</imagepath>
    <animation effect="zoom" start="110" end="130" center="auto" time="10000" tween="cubic" easing="inout" pulse="true" condition="Skin.HasSetting(animation_videoinfopanscan)">Conditional</animation>
		<animation effect="slide" start="-10,-10" end="10,10" time="5000" tween="cubic" easing="inout" pulse="true" condition="Skin.HasSetting(animation_videoinfopanscan)">Conditional</animation>
    <visible>Container.Content(Seasons) + Skin.HasSetting(extrafanartvideoinfo)</visible>
  </control>
  <control type="multiimage" id="5022"><!-- Extra Fanart Episodes -->
    <include>InvisibleButton</include>
    <imagepath background="true">$INFO[ListItem.Path,,../extrafanart/]</imagepath>
    <animation effect="zoom" start="110" end="130" center="auto" time="10000" tween="cubic" easing="inout" pulse="true" condition="Skin.HasSetting(animation_videoinfopanscan)">Conditional</animation>
		<animation effect="slide" start="-10,-10" end="10,10" time="5000" tween="cubic" easing="inout" pulse="true" condition="Skin.HasSetting(animation_videoinfopanscan)">Conditional</animation>
    <visible>Container.Content(Episodes) + Skin.HasSetting(extrafanartvideoinfo)</visible>
  </control>
  <control type="image">
    <include>FullScreenDimensions</include>
    <texture background="true">hive_back.png</texture>
    <colordiffuse>80FFFFFF</colordiffuse>
  </control>
  <control type="image">
    <include>FullScreenDimensions</include>
    <texture>common_black.png</texture>
    <colordiffuse>c3FFFFFF</colordiffuse>
  </control>
  
  <control type="group">
  <control type="label"><!-- Title -->
    <posx>30</posx>
    <posy>5</posy>
    <height>40</height>
    <width>1100</width>
    <font>Font_MenuVirtualClassic</font>
    <label>$VAR[value_videoinfotitle]</label>
    <textcolor>FFececec</textcolor>
    <scroll>true</scroll>
    <scrollout>false</scrollout>
  </control>
  <control type="label">
    <posx>30</posx>
    <posy>55</posy>
    <width>1100</width>
    <height>25</height>
    <font>Font_Time</font>
    <label>$INFO[ListItem.Tagline]</label>
		<scroll>true</scroll>
    <scrollout>false</scrollout>
  </control>
  <control type="image">
    <posx>0</posx>
    <posy>80</posy>
    <height>340</height>
    <width>1280</width>
    <texture>common_black.png</texture>
    <colordiffuse>90FFFFFF</colordiffuse>
  </control>
  <control type="image"><!-- Star -->
    <posx>1185</posx>
    <posy>10</posy>
    <height>60</height>
    <width>60</width>
    <align>center</align>
    <aligny>center</aligny>
    <texture>star_big.png</texture>
    <colordiffuse>FF7DDDDDD</colordiffuse>
  </control>
  <control type="label">
    <posx>1185</posx>
    <posy>13</posy>
    <height>60</height>
    <width>60</width>
    <align>center</align>
    <aligny>center</aligny>
    <font>Font_WeatherLabel</font>
    <label>[B]$INFO[ListItem.Rating][/B]</label>
    <textcolor>FF101010</textcolor>
  </control>
  <control type="image">
    <posx>0</posx>
    <posy>0</posy>
    <height>80</height>
    <width>1280</width>
    <texture>multiplex_seasongradient.png</texture>
  </control>
  <control type="image">
    <posx>205</posx>
    <posy>80</posy>
    <height>190</height>
    <width>2</width>
    <texture>panel_vertical_separator.png</texture>
  </control>
  <control type="image">
    <posx>30</posx>
    <posy>136</posy>
    <height>2</height>
    <width>570</width>
    <texture>panel_horizontal_separator.png</texture>
  </control>
  <control type="image"><!-- Certification -->
		<posx>30</posx>
		<posy>89</posy>
		<height>40</height>
		<width>158</width>
		<align>cemter</align>
		<aligny>center</aligny>
		<aspectratio>keep</aspectratio>
    <texture>$VAR[Furniture_VideoRatingInfo]</texture>
  </control>
  <control type="label"><!-- Year -->
    <posx>220</posx>
    <posy>89</posy>
		<height>40</height>
		<width>110</width>
		<align>left</align>
		<aligny>center</aligny>
		<font>Font_FSInfoYear</font>
		<label>$INFO[ListItem.Year]</label>
		<textcolor>FF868686</textcolor>
  </control>
  <control type="image">
    <posx>310</posx>
    <posy>80</posy>
    <height>56</height>
    <width>2</width>
    <texture>panel_vertical_separator.png</texture>
  </control>
  <control type="label"><!-- Genre -->
    <posx>326</posx>
    <posy>89</posy>
		<height>40</height>
		<width>260</width>
		<align>left</align>
		<aligny>center</aligny>
		<textcolor>FFe5e5e5</textcolor>
		<font>Font_List</font>
		<label>$INFO[ListItem.Genre]</label>
		<scroll>true</scroll>
    <scrollout>false</scrollout>
  </control>
  <control type="label"><!-- Original Title/Movies - Premiered/TvShows -->
	  <posx>190</posx>
	  <posy>140</posy>
		<height>27</height>
		<width>200</width>
		<align>right</align>
		<aligny>center</aligny>
		<font>Font_MultiplexInfoLabel</font>
		<textcolor>FF868686</textcolor>
    <label>$VAR[value_videoinfo_label1]</label>
  </control>
  <control type="label">
		<posx>220</posx>
		<posy>140</posy>
		<height>27</height>
		<width>366</width>
		<align>left</align>
		<aligny>center</aligny>
		<font>Font_MultiplexInfoLabel</font>
		<textcolor>FFececec</textcolor>
    <label fallback="161">$VAR[value_videoinfo_value1]</label>
    <scroll>true</scroll>
    <scrollout>false</scrollout>
  </control>
  <control type="label"><!-- Country -->
	  <posx>190</posx>
	  <posy>160</posy>
		<height>27</height>
		<width>200</width>
		<align>right</align>
		<aligny>center</aligny>
		<font>Font_MultiplexInfoLabel</font>
		<textcolor>FF868686</textcolor>
    <label>$LOCALIZE[574]:</label>
  </control>
  <control type="label">
		<posx>220</posx>
		<posy>160</posy>
		<height>27</height>
		<width>366</width>
		<align>left</align>
		<aligny>center</aligny>
		<font>Font_MultiplexInfoLabel</font>
		<textcolor>FFececec</textcolor>
    <label fallback="161">$INFO[ListItem.Country]</label>
    <scroll>true</scroll>
    <scrollout>false</scrollout>
  </control>
  <control type="label"><!-- Directed by -->
	  <posx>190</posx>
	  <posy>180</posy>
		<height>27</height>
		<width>200</width>
		<align>right</align>
		<aligny>center</aligny>
		<font>Font_MultiplexInfoLabel</font>
		<textcolor>FF868686</textcolor>
    <label>$LOCALIZE[31046]:</label>
  </control>
  <control type="label">
		<posx>220</posx>
		<posy>180</posy>
		<height>27</height>
		<width>366</width>
		<align>left</align>
		<aligny>center</aligny>
		<font>Font_MultiplexInfoLabel</font>
		<textcolor>FFececec</textcolor>
    <label fallback="161">$INFO[ListItem.Director]</label>
    <scroll>true</scroll>
    <scrollout>false</scrollout>
  </control>
  <control type="label"><!-- Written by -->
	  <posx>190</posx>
	  <posy>200</posy>
		<height>27</height>
		<width>200</width>
		<align>right</align>
		<aligny>center</aligny>
		<font>Font_MultiplexInfoLabel</font>
		<textcolor>FF868686</textcolor>
    <label>$LOCALIZE[31521]:</label>
  </control>
  <control type="label">
		<posx>220</posx>
		<posy>200</posy>
		<height>27</height>
		<width>366</width>
		<align>left</align>
		<aligny>center</aligny>
		<font>Font_MultiplexInfoLabel</font>
		<textcolor>FFececec</textcolor>
    <label fallback="161">$INFO[ListItem.Writer]</label>
    <scroll>true</scroll>
    <scrollout>false</scrollout>
  </control>
  <control type="label"><!-- Duration -->
	  <posx>190</posx>
	  <posy>220</posy>
		<height>27</height>
		<width>200</width>
		<align>right</align>
		<aligny>center</aligny>
		<font>Font_MultiplexInfoLabel</font>
		<textcolor>FF868686</textcolor>
    <label>$LOCALIZE[31522]:</label>
  </control>
  <control type="label">
		<posx>220</posx>
		<posy>220</posy>
		<height>27</height>
		<width>366</width>
		<align>left</align>
		<aligny>center</aligny>
		<font>Font_MultiplexInfoLabel</font>
		<textcolor>FFececec</textcolor>
    <label fallback="161">$VAR[value_videoinfo_value5]</label>
    <scroll>true</scroll>
    <scrollout>false</scrollout>
  </control>
  <control type="label"><!-- Path -->
	  <posx>190</posx>
	  <posy>240</posy>
		<height>27</height>
		<width>200</width>
		<align>right</align>
		<aligny>center</aligny>
		<font>Font_MultiplexInfoLabel</font>
		<textcolor>FF868686</textcolor>
    <label>$LOCALIZE[15311]</label>
  </control>
  <control type="label">
		<posx>220</posx>
		<posy>240</posy>
		<height>27</height>
		<width>366</width>
		<align>left</align>
		<aligny>center</aligny>
		<font>Font_MultiplexInfoLabel</font>
		<textcolor>FFececec</textcolor>
    <label fallback="161">$INFO[ListItem.FilenameAndPath]</label>
    <scroll>true</scroll>
    <scrollout>false</scrollout>
  </control>
  <control type="image">
    <posx>30</posx>
    <posy>270</posy>
    <height>2</height>
    <width>570</width>
    <texture>panel_horizontal_separator.png</texture>
  </control>
  <control type="textbox"><!-- Plot -->
    <posx>30</posx>
    <posy>280</posy>
    <height>135</height>
    <width>555</width>
    <align>justify</align>
    <font>Font_MultiplexPlotSmall</font>
    <label>$INFO[ListItem.Plot]</label>
    <textcolor>FFececec</textcolor>
    <autoscroll delay="8000" time="2000" repeat="8000">!Skin.HasSetting(noinfoplotscroll)</autoscroll>
  </control>
  
  <control type="image">
    <posx>600</posx>
    <posy>80</posy>
    <height>340</height>
    <width>70</width>
    <texture>common_grey.png</texture>
    <colordiffuse>55000000</colordiffuse>
  </control>
  <control type="image">
    <posx>600</posx>
    <posy>80</posy>
    <height>340</height>
    <width>2</width>
    <texture>panel_vertical_separator.png</texture>
  </control>
  <control type="image">
    <posx>670</posx>
    <posy>80</posy>
    <height>340</height>
    <width>2</width>
    <texture>panel_vertical_separator.png</texture>
  </control>
  <control type="grouplist">
  	<posx>605</posx>
		<posy>90</posy>
    <orientation>vertical</orientation>
    <itemgap>1</itemgap>
  <control type="image"><!-- Video Codec -->
		<height>45</height>
		<width>60</width>
		<align>center</align>
		<aligny>center</aligny>
		<colordiffuse>FFDDDDDD</colordiffuse>
    <texture>$VAR[Furniture_VideoCodec]</texture>
    <visible>!IsEmpty(ListItem.VideoCodec)</visible>
  </control>
  <control type="image"><!-- Resolution -->
		<height>45</height>
		<width>60</width>
		<align>center</align>
		<aligny>center</aligny>
		<colordiffuse>FFDDDDDD</colordiffuse>
    <texture>$INFO[ListItem.VideoResolution,flags/resolution/,.png]</texture>
    <visible>!IsEmpty(ListItem.VideoResolution)</visible>
  </control>
  <control type="image"><!-- Aspect Ratio -->
		<height>45</height>
		<width>60</width>
		<align>center</align>
		<aligny>center</aligny>
		<colordiffuse>FFDDDDDD</colordiffuse>
    <texture>$INFO[ListItem.VideoAspect,flags/aspectratio/,.png]</texture>
    <visible>!IsEmpty(ListItem.VideoAspect)</visible>
  </control>
  <control type="image"><!-- Studios -->
		<height>45</height>
		<width>60</width>
		<align>center</align>
		<aligny>center</aligny>
		<colordiffuse>FFDDDDDD</colordiffuse>
    <include condition="!Skin.HasSetting(nostudiosbuiltin)">Furniture_VideoStudiosBuiltIn</include>
    <include condition="Skin.HasSetting(nostudiosbuiltin)">Furniture_VideoStudios</include>
    <visible>!IsEmpty(ListItem.Studio)</visible>
  </control>
  <control type="label"><!-- Audio Language -->
		<height>45</height>
		<width>60</width>
		<align>center</align>
		<aligny>center</aligny>
		<colordiffuse>FFDDDDDD</colordiffuse>
    <font>Sml_Text_small</font>
    <label>$VAR[Furniture_AudioLanguage]</label>
    <visible>!IsEmpty(ListItem.AudioLanguage)</visible>
  </control>
  <control type="image"><!-- Audio Codec -->
		<height>45</height>
		<width>60</width>
		<align>center</align>
		<aligny>center</aligny>
		<colordiffuse>FFDDDDDD</colordiffuse>
    <texture>$INFO[ListItem.AudioCodec,flags/audio/,.png]</texture>
    <visible>!IsEmpty(ListItem.AudioCodec)</visible>
  </control>
  <control type="image"><!-- Channels -->
		<height>40</height>
		<width>60</width>
		<align>center</align>
		<aligny>center</aligny>
		<colordiffuse>FFDDDDDD</colordiffuse>
    <texture>$INFO[ListItem.AudioChannels,flags/audio/,ch.png]</texture>
    <visible>!IsEmpty(ListItem.AudioChannels)</visible>
  </control>
  </control>
  <control type="image">
    <posx>600</posx>
    <posy>80</posy>
    <height>340</height>
    <width>70</width>
    <texture>flags_gradient.png</texture>
    <colordiffuse>90DDDDDD</colordiffuse>
  </control>
  <control type="image">
    <posx>670</posx>
    <posy>82</posy>
    <height>340</height>
    <width>17</width>
    <texture>panel_list_detailwide.png</texture>
  </control>
  
  <control type="image">
    <posx>687</posx>
    <posy>82</posy>
    <height>340</height>
    <width>563</width>
    <texture>common_grey.png</texture>
    <colordiffuse>55000000</colordiffuse>
  </control>
  <control type="image"><!-- Thumb -->
    <posx>687</posx>
    <posy>80</posy>
    <height>340</height>
    <width>563</width>
    <aspectratio align="left">keep</aspectratio>
    <texture background="true">$VAR[value_poster]</texture>
  </control>
  <control type="image"><!-- Logo -->
    <posx>1000</posx>
    <posy>80</posy>
    <height>145</height>
    <width>190</width>
    <aspectratio>keep</aspectratio>
    <texture background="true">$INFO[ListItem.Art(clearlogo)]</texture>
  </control>
  <control type="image"><!-- ClearArt -->
    <posx>1000</posx>
    <posy>285</posy>
    <height>165</height>
    <width>190</width>
    <aspectratio>keep</aspectratio>
    <texture background="true">$INFO[ListItem.Art(clearart)]</texture>
  </control>
  <control type="image">
    <posx>687</posx>
    <posy>80</posy>
    <height>340</height>
    <width>2</width>
    <texture>panel_vertical_separator.png</texture>
  </control>
  <control type="image">
    <posx>0</posx>
    <posy>80</posy>
    <height>2</height>
    <width>1280</width>
    <texture>panel_horizontal_separator.png</texture>
  </control>
  <control type="image">
    <posx>0</posx>
    <posy>420</posy>
    <height>2</height>
    <width>1280</width>
    <texture>panel_horizontal_separator.png</texture>
  </control>
  
  <!-- Cast -->
  <control type="image">
    <posx>0</posx>
    <posy>467</posy>
    <height>195</height>
    <width>1280</width>
    <texture>common_black.png</texture>
    <animation effect="fade" end="80" condition="true">conditional</animation>
  </control>
  <control type="wraplist" id="50">
    <viewtype label="">List Info</viewtype>
    <posx>30</posx>
    <posy>471.5</posy>
    <width>1220</width>
    <height>220</height>
    <onup>149</onup>
    <ondown>Skin.Reset(coverzoom)</ondown>
    <ondown>SetFocus(160)</ondown>
    <ondown>Skin.SetBool(artistzoom)</ondown>
    <orientation>horizontal</orientation>
    <scrolltime>350</scrolltime>
    <focusposition>3</focusposition>
    <movement>2</movement>
  <itemlayout height="170" width="181">
   <control type="image">
    <posx>0</posx>
    <posy>5</posy>
    <width>130</width>
    <height>180</height>
    <aligny>center</aligny>
    <align>center</align>
    <aspectratio>stretch</aspectratio>
    <texture background="true">$INFO[ListItem.Icon]</texture>
  </control>
  <control type="image">
    <posx>0</posx>
    <posy>5</posy>
    <width>130</width>
    <height>180</height>
    <aligny>center</aligny>
    <align>center</align>
    <aspectratio>stretch</aspectratio>
    <texture>common_black.png</texture>
    <colordiffuse>50FFFFFF</colordiffuse>
  </control>
  </itemlayout>
  <focusedlayout height="170" width="181">
  <control type="image">
    <posx>-15</posx>
    <posy>-10</posy>
    <width>160</width>
    <height>210</height>
    <aligny>center</aligny>
    <align>center</align>
    <aspectratio>stretch</aspectratio>
    <texture>thumb_multiplex_iconframe.png</texture>
    <visible>Control.Hasfocus(50)</visible>
  </control>
  <control type="image">
    <posx>0</posx>
    <posy>5</posy>
    <width>130</width>
    <height>180</height>
    <aligny>center</aligny>
    <align>center</align>
    <aspectratio>stretch</aspectratio>
    <texture background="true">$INFO[ListItem.Icon]</texture>
  </control>
  </focusedlayout>
  </control>
  <control type="image">
    <posx>0</posx>
    <posy>680</posy>
    <height>43</height>
    <width>1280</width>
    <texture>common_black.png</texture>
    <colordiffuse>90FFFFFF</colordiffuse>
  </control>
  <control type="image">
    <posx>-150</posx>
    <posy>677</posy>
    <width>350</width>
    <height>23</height>
    <texture flipy="true">osd_trailer_pause.png</texture>
    <colordiffuse>FF848484</colordiffuse>
  </control>
  <control type="label">
	  <posx>30</posx>
	  <posy>675</posy>
		<width>400</width>
		<height>27</height>
		<align>left</align>
		<aligny>center</aligny>
		<textcolor>FF404040</textcolor>
		<font>Font_MultiplexInfoLabel</font>
		<label>31703</label>
		<textcolor>FF868686</textcolor>
  </control>
  <control type="image">
    <posx>0</posx>
    <posy>453</posy>
    <width>1280</width>
    <height>18</height>
    <texture>film_roll.png</texture>
    <colordiffuse>FF848484</colordiffuse>
  </control>
  <control type="image">
    <posx>0</posx>
    <posy>662</posy>
    <width>1280</width>
    <height>18</height>
    <texture>film_roll.png</texture>
    <colordiffuse>FF848484</colordiffuse>
  </control>
  <control type="label">
    <posx>315</posx>
    <posy>700</posy>
    <width>650</width>
    <align>center</align>
    <aligny>center</aligny>
    <label>$INFO[Container(50).ListItem.Label]</label>
    <font>Font_List</font>
    <textcolor>FFe5e5e5</textcolor>
    <scroll>true</scroll>
    <scrollout>false</scrollout>
  </control>
  <control type="image">
    <posx>0</posx>
    <posy>680</posy>
    <height>43</height>
    <width>1280</width>
    <texture>multiplex_seasongradient.png</texture>
  </control>
  </control>
  
  <!-- Menu bar -->
  <control type="group">
    <posx>0</posx>
    <posy>405</posy>
  <control type="image">
    <posx>0</posx>
    <posy>0</posy>
    <height>66</height>
    <width>1280</width>
    <texture background="true">topmenu_bar.png</texture>
    <animation effect="fade" end="75" condition="true">Conditional</animation>
  </control>
  <control type="wraplist" id="149">
    <posx>0</posx>
    <posy>19.5</posy>
    <width>1280</width>
    <height>25</height>
    <onup>9900</onup>
    <ondown>50</ondown>
    <orientation>horizontal</orientation>
    <pagecontrol>-</pagecontrol>
    <scrolltime>300</scrolltime>
    <focusposition>3</focusposition>
  <itemlayout height="25" width="182.5">
  <control type="image">
    <posx>0</posx>
    <posy>0</posy>
    <width>1</width>
    <height>25</height>
    <texture>panel_vertical_separator.png</texture>
  </control>
  <control type="label">
    <posx>91</posx>
    <posy>0</posy>
    <height>25</height>
    <width>162</width>
    <align>center</align>
    <aligny>center</aligny>
		<font>Font_MultiplexPlotTips</font>
    <label>[UPPERCASE]$INFO[ListItem.Label][/UPPERCASE]</label>
    <textcolor>48FFFFFF</textcolor>
  </control>
  </itemlayout>
  <focusedlayout height="25" width="182.5">
  <control type="image">
    <posx>0</posx>
    <posy>0</posy>
    <width>182.5</width>
    <height>25</height>
    <texture background="true">settings_button_focus.png</texture>
    <visible>Control.Hasfocus(149)</visible>
  </control>
  <control type="image">
    <posx>0</posx>
    <posy>0</posy>
    <width>1</width>
    <height>25</height>
    <texture>panel_vertical_separator.png</texture>
  </control>
  <control type="label">
    <posx>91</posx>
    <posy>0</posy>
    <height>25</height>
    <width>162</width>
    <align>center</align>
    <aligny>center</aligny>
		<font>Font_MultiplexPlotTips</font>
    <label>[UPPERCASE]$INFO[ListItem.Label][/UPPERCASE]</label>
    <textcolor>FF101010</textcolor>
    <visible>Control.Hasfocus(149)</visible>
  </control>
  <control type="label">
    <posx>91</posx>
    <posy>0</posy>
    <height>25</height>
    <width>162</width>
    <align>center</align>
    <aligny>center</aligny>
		<font>Font_MultiplexPlotTips</font>
    <label>[UPPERCASE]$INFO[ListItem.Label][/UPPERCASE]</label>
    <textcolor>48FFFFFF</textcolor>
    <visible>!Control.Hasfocus(149)</visible>
  </control>
  </focusedlayout>
  <content>
  <item id="1"><!-- Refresh -->
    <label>31695</label>
    <onclick>SendClick(2003,6)</onclick>
  </item>
  <item id="2"><!-- Resume -->
    <label>13404</label>
    <onclick>SendClick(2003,9)</onclick>
  </item>
  <item id="3"><!-- Start -->
    <label>31700</label>
    <onclick>SendClick(2003,8)</onclick>
  </item>
  <item id="4"><!-- Cinema Ex -->
    <label>31066</label>
    <onclick>Dialog.Close(MovieInformation)</onclick>
    <onclick>RunScript(script.cinema.experience)</onclick>
    <visible>Container.Content(Movies) + !Skin.HasSetting(trailers) + system.hasaddon(script.cinema.experience)</visible>
  </item>
  <item id="5"><!-- Trailer Window -->
    <label>31701</label>
    <onclick>Close</onclick>
    <onclick>SetFocus(90000)</onclick>
    <visible>!IsEmpty(ListItem.Trailer) + !Skin.HasSetting(fullscreentrailer)</visible>
  </item>
  <item id="6"><!-- Trailer -->
    <label>31701</label>
    <onclick>SendClick(2003,11)</onclick>
    <visible>!IsEmpty(ListItem.Trailer) + Skin.HasSetting(fullscreentrailer)</visible>
  </item>
  <item id="7"><!-- Get Thumb -->
    <label>13405</label>
    <onclick>SendClick(2003,10)</onclick>
    <visible>![Skin.HasSetting(tvposter) + [Container.Content(tvshows) | Container.Content(seasons)]]</visible>
  </item>
  <item id="8"><!-- Get Fanart -->
    <label>20413</label>
    <onclick>SendClick(2003,12)</onclick>
    <visible>![Container.Content(episodes) | Container.Content(seasons)]</visible>
  </item>
  <item id="9"><!-- Actor Info -->
    <label>31798</label>
    <onclick>RunScript(script.metadata.actors,$INFO[Container(50).Listitem.Label])</onclick>
    <visible>System.HasAddon(script.metadata.actors)</visible>
  </item>
  <item id="10"><!-- Director Info -->
    <label>31883</label>
    <onclick>RunScript(script.metadata.actors,$INFO[ListItem.Director])</onclick>
    <visible>System.HasAddon(script.metadata.actors)</visible>
  </item>
  <item id="11"><!-- Writer Info -->
    <label>31884</label>
    <onclick>RunScript(script.metadata.actors,$INFO[ListItem.Writer])</onclick>
    <visible>System.HasAddon(script.metadata.actors)</visible>
  </item>
  <item id="12"><!-- Cover Zoom -->
    <label>31944</label>
    <onclick>Skin.Reset(artistzoom)</onclick>
    <onclick>Skin.SetBool(coverzoom)</onclick>
    <onclick>SetFocus(160)</onclick>
  </item>
  </content>
  </control>
  </control>
  <control type="button" id="160">
    <include>InvisibleButton</include>
    <onup condition="Skin.HasSetting(artistzoom)">SetFocus(50)</onup>
    <onup condition="Skin.HasSetting(coverzoom)">SetFocus(149)</onup>
    <ondown condition="Skin.HasSetting(artistzoom)">SetFocus(50)</ondown>
    <ondown condition="Skin.HasSetting(coverzoom)">SetFocus(149)</ondown>
    <onleft condition="Skin.HasSetting(artistzoom)">SetFocus(50)</onleft>
    <onleft condition="Skin.HasSetting(coverzoom)">SetFocus(149)</onleft>
    <onright condition="Skin.HasSetting(artistzoom)">SetFocus(50)</onright>
    <onright condition="Skin.HasSetting(coverzoom)">SetFocus(149)</onright>
  </control>
  <control type="image">
    <include>FullScreenDimensions</include>
    <texture>common_grey.png</texture>
    <animation effect="fade" start="0" end="100" time="200">Visible</animation>
    <animation effect="fade" start="100" end="0" time="400">Hidden</animation>
    <visible>Control.HasFocus(160)</visible>
  </control>
  <control type="image">
    <include>FullScreenDimensions</include>
    <texture background="true">hive_back.png</texture>
    <animation effect="fade" start="0" end="100" time="200">Visible</animation>
    <animation effect="fade" start="100" end="0" time="400">Hidden</animation>
    <visible>Control.HasFocus(160)</visible>
  </control>
  <control type="group">
    <posx>-1280</posx>
    <posy>15</posy>
    <animation effect="slide" start="0,0" end="1280,0" time="400" tween="cubic" easing="inout" condition="Control.HasFocus(160)">Conditional</animation>
    <animation effect="slide" start="0,0" end="0,-25" time="600" delay="1000" tween="cubic" easing="inout" condition="Control.HasFocus(160)">Conditional</animation>
  <control type="image">
    <posx>360</posx>
    <posy>0</posy>
    <width>560</width>
    <height>700</height>
    <align>center</align>
    <texture background="true">artist_border.png</texture>
    <animation effect="rotate" start="0,0" end="-2.0.0" center="auto" delay="1000" easing="out" tween="back" time="600" condition="Control.HasFocus(160)">Conditional</animation>
    <visible>Control.HasFocus(160) + Skin.HasSetting(artistzoom)</visible>
  </control>
  <control type="image">
    <description>Cover image</description>
    <posx>390</posx>
    <posy>32</posy>
    <width>500</width>
    <height>640</height>
    <aspectratio>scale</aspectratio>
    <texture background="true">$INFO[Container(50).ListItem.Icon]</texture>
    <visible>Skin.HasSetting(artistzoom)</visible>
  </control>
  <control type="image">
    <description>Cover image</description>
    <posx>-1240</posx>
    <posy>47</posy>
    <width>1200</width>
    <height>640</height>
    <texture background="true">$VAR[value_thumbvideoinfo]</texture>
    <aspectratio>keep</aspectratio>
    <fadetime>FanartCrossFadeTime</fadetime>
    <animation effect="slide" start="0,0" end="1280,0" time="400" tween="cubic" easing="inout" condition="Control.HasFocus(160)">Conditional</animation>
    <animation effect="slide" start="0,0" end="0,-25" time="600" delay="1000" tween="cubic" easing="inout" condition="Control.HasFocus(160)">Conditional</animation>
    <visible>Skin.HasSetting(coverzoom)</visible>
  </control>
  <control type="image">
    <posx>360</posx>
    <posy>0</posy>
    <width>560</width>
    <height>700</height>
    <align>center</align>
    <texture background="true">artist_border.png</texture>
    <visible>Skin.HasSetting(artistzoom)</visible>
  </control>
  </control>
  <control type="group">
    <visible>Control.HasFocus(160)</visible>
    <animation effect="slide" start="0,0" end="0,-80" time="600" delay="1000" tween="cubic" easing="inout" condition="Control.HasFocus(160)">Conditional</animation>
  <control type="image">
    <posx>0</posx>
    <posy>760</posy>
    <height>40</height>
    <width>1280</width>
    <texture>common_black.png</texture>
    <colordiffuse>95000000</colordiffuse>
  </control>
  <control type="label">
    <posx>0</posx>
    <posy>760</posy>
    <height>40</height>
    <width>1280</width>
    <align>center</align>
    <aligny>center</aligny>
    <label>$VAR[value_videoinfo_zoomlabel]</label>
    <font>Font_List</font>
    <textcolor>FFe5e5e5</textcolor>
    <scroll>true</scroll>
    <scrollout>false</scrollout>
  </control>
  <control type="image">
    <posx>0</posx>
    <posy>760</posy>
    <height>40</height>
    <width>1280</width>
    <texture>multiplex_seasongradient.png</texture>
  </control>
  </control>
  <include>TopMenu_BGBlack</include>
  <include>TopMenu_VideoInfo</include>
  </control>
  <include>BGBlack</include>
	</controls>
</window>