﻿<!-- Aeon MQ 4 -->

<window id="2002">
	<defaultcontrol>10</defaultcontrol>
	<controls>
  <control type="group">
    <include>Animation_DialogTopPopup</include>
    <posx>1280</posx>
    <posy>0</posy>
    <include>Dialogs_Group</include>
    <include>Dialogs_Exclamation</include>
  <control type="label" id="1">
    <include>Dialogs_Label1</include>
  </control>
  <control type="label" id="2">
    <include>Dialogs_Label2</include>
  </control>
  <control type="label" id="3">
    <include>Dialogs_Label3</include>
  </control>
  <control type="label" id="4">
    <include>Dialogs_Label4</include>
 </control>
 <control type="button" id="10">
    <description>Invisible OK button</description>
    <include>InvisibleButton</include>
    <onleft>10</onleft>
    <onright>10</onright>
    <onup>10</onup>
    <ondown>10</ondown>
  </control>
 </control>
	</controls>
</window>