﻿<!-- Aeon MQ 4 -->

<window type="dialog" id="134">
<defaultcontrol always="true">450</defaultcontrol>
  <zorder>3</zorder>
	<coordinates>
		<posx>0</posx>
		<posy>0</posy>
    </coordinates>
    <include>Animation_OpenCloseWindow</include>
  <controls>
  <control type="image">
    <include>FullScreenDimensions</include>
    <texture>common_black.png</texture>
    <animation effect="fade" start="0" end="20" time="200">Visible</animation>
    <animation effect="fade" start="20" end="0" time="400">Hidden</animation>
  </control>
  <control type="image">
    <include>FullScreenDimensions</include>
    <texture background="true">hive_back.png</texture>
    <include>Animation_CommonFade</include>
  </control>
  <control type="image">
    <posx>0</posx>
    <posy>335</posy>
    <width>1280</width>
    <height>405</height>
    <texture background="true">$VAR[value_listfloor]</texture>
    <include>Animation_CommonFade</include>
    <include>Animation_HideShowcase</include>
  </control>
  <control type="image">
    <width>587</width>
    <height>137</height>
    <posx>693</posx>
    <posy>603</posy>
    <texture background="true">$VAR[value_listspot]</texture>
    <animation effect="slide" time="1000" start="800,0" end="0,0" tween="cubic" easing="out">Visible</animation>
    <animation effect="slide" start="0,0" end="17,0" time="0" condition="Skin.HasSetting(videomediacase)">Conditional</animation>
    <include>Animation_HideShowcase</include>
  </control>
  <control type="image">
    <posx>60</posx>
    <posy>63</posy>
    <width>759</width>
    <height>647</height>
    <texture background="true">panel_list_back_noreflect.png</texture>
  </control>
  <control type="label" id="1"><!-- header label -->
    <posx>105</posx>
    <posy>86</posy>
    <width>771</width>
    <label>1036</label>
    <font>Font_FSInfoArtist</font>
    <textcolor>60FFFFFF</textcolor>
  </control>
 <control type="group">
    <posy>-10</posy>
  <control type="group">
    <width>406</width>
    <height>556</height>
    <animation effect="slide" start="-410,0" end="0,0" time="400" delay="500" tween="cubic" easing="out">WindowOpen</animation>
  <control type="image">
    <posx>809</posx>
    <posy>103</posy>
    <width>406</width>
    <height>556</height>
    <texture background="true">list_filebrowser_sidecar.png</texture>
  </control>
  <control type="image">
    <posx>848</posx>
    <posy>123</posy>
    <width>330</width>
    <height>330</height>
    <fadetime>FanartCrossFadeTime</fadetime>
    <texture fallback="DefaultPicture.png" background="true">$INFO[Container(450).ListItem.Icon]</texture>
    <aspectratio aligny="bottom">keep</aspectratio>
  </control>
  <control type="image">
    <posx>848</posx>
    <posy>453</posy>
    <width>330</width>
    <height>330</height>
    <fadetime>FanartCrossFadeTime</fadetime>
    <texture flipy="true" fallback="DefaultPicture.png" diffuse="thumb_poster_mask_reflect1.png" background="true">$INFO[Container(450).ListItem.Icon]</texture>
    <aspectratio aligny="top">keep</aspectratio>
  </control>
  <control type="textbox">
    <posx>860</posx>
    <posy>463</posy>
    <width>310</width>
    <height>175</height>
    <font>Font_MultiplexPlotSmall</font>
    <label>$VAR[value_videoplot]</label>
    <autoscroll delay="8000" time="2000" repeat="8000">!Skin.HasSetting(noallowscroll)</autoscroll>
  </control>
  </control>
  
  <control type="list" id="450"><!-- Common List -->
    <viewtype label="31801">list</viewtype>
    <posx>60</posx>
    <posy>138</posy>
    <width>771</width>
    <height>500</height>
    <pagecontrol>61</pagecontrol>
    <onleft>Close</onleft>
    <onright>61</onright>
    <onup>450</onup>
    <ondown>450</ondown>
    <orientation>vertical</orientation>
    <scrolltime>450</scrolltime>
    <movement>2</movement>
    <preloaditems>2</preloaditems>
    <animation effect="fade" start="100" end="50" time="200" condition="!Control.HasFocus(450)">Conditional</animation>
  <itemlayout height="40">
  <control type="image">
    <posx>12</posx>
    <posy>39</posy>
    <height>1</height>
    <width>739</width>
    <texture>common_line.png</texture>
  </control>
  <control type="label">
		<posx>45</posx>
		<posy>0</posy>
		<height>39</height>
		<width>670</width>
		<font>Font_List</font>
		<aligny>center</aligny>
    <include>listcolornofocus</include>
		<selectedcolor>9b3cd2fd</selectedcolor>
    <info>ListItem.Label</info>
  </control>
  </itemlayout>
  <focusedlayout height="40">
  <control type="image">
    <posx>12</posx>
    <posy>39</posy>
    <height>1</height>
    <width>739</width>
    <texture>common_line.png</texture>
  </control>
  <control type="image">
    <posx>8</posx>
    <posy>1</posy>
    <width>743</width>
    <height>39</height>
    <colordiffuse>$VAR[value_texturecolors]</colordiffuse>
    <texture>settings_button_focus.png</texture>
  </control>
  <control type="label">
		<posx>45</posx>
		<posy>0</posy>
		<height>39</height>
		<width>670</width>
		<font>Font_List</font>
		<aligny>center</aligny>
    <include>listcolorfocus</include>
		<selectedcolor>FFe5e5e5</selectedcolor>
    <info>ListItem.Label</info>
  </control>
  </focusedlayout>
  </control>
  </control>
  
  <!-- ScrollBar -->
  <control type="scrollbar" id="61">
    <include>ScrollBar_Vertical</include>
    <posx>215</posx>
    <posy>140</posy>
    <height>318</height>
    <onleft>450</onleft>
    <onright>450</onright>
    <ondown>61</ondown>
    <onup>61</onup>
    <visible allowhiddenfocus="true">Control.HasFocus(61)</visible>
  </control>
  <control type="label">
    <posx>105</posx>
    <posy>630</posy>
    <width>300</width>
    <height>35</height>
    <align>left</align>
    <aligny>center</aligny>
    <textcolor>FF505050</textcolor>
    <font>Font_OSDOptions</font>
    <label>$LOCALIZE[31756]: $INFO[Container(450).NumItems] - $LOCALIZE[31757] $INFO[Container(450).CurrentPage]/$INFO[Container(450).NumPages]</label>
  </control>
  <control type="image">
    <description>front glass</description>
    <posx>-34.5</posx>
    <posy>30</posy>
    <width>869</width>
    <height>690</height>
    <texture>dialogs_setcontent_front.png</texture>
  </control>
  <control type="image">
    <description>front glass</description>
    <posx>44.5</posx>
    <posy>30</posy>
    <width>869</width>
    <height>690</height>
    <texture flipx="true">dialogs_setcontent_front.png</texture>
  </control>
  </controls>
  </window>