﻿<!-- Aeon MQ 4 -->

<window id="101">
	<controls>
  <control type="group">
    <include>Animation_DialogTopPopup</include>
    <posx>1280</posx>
    <posy>0</posy>
    <include>Dialogs_Group</include>
    <include>Dialogs_HardDrive</include>
  <control type="progress" id="404">
    <include>Dialogs_Progress</include>
    <info>System.Progressbar</info>
  </control>
  <control type="label">
    <posx>78</posx>
    <posy>13</posy>
    <width>200</width>
    <height>35</height>
    <align>center</align>
    <aligny>center</aligny>
    <font>Font_WeatherTitle</font>
    <textcolor>c0FFFFFF</textcolor>
    <label>$INFO[System.Progressbar,,%]</label>
  </control>
  <control type="label" id="1">
    <include>Dialogs_Label1</include>
  </control>
  <control type="label" id="2">
    <include>Dialogs_Label2</include>
  </control>
  <control type="label" id="3">
    <include>Dialogs_Label3</include>
  </control>
  <control type="label" id="4">
    <include>Dialogs_Label4</include>
  </control>
  </control>
	</controls>
</window>