﻿<!-- Aeon MQ 4 -->

<window id="606">
	<defaultcontrol always="true">9</defaultcontrol>
	<coordinates>
		<system>1</system>
		<posx>190</posx>
		<posy>70</posy>
	</coordinates>
    <include>Animation_DialogPopup</include>
	<controls>
  <control type="image">
    <description>background image</description>
    <posx>0</posx>
    <posy>0</posy>
    <width>900</width>
    <height>590</height>
    <texture background="true">osd_settings_back.png</texture>
    <animation effect="fade" end="98" condition="true">Conditional</animation>
  </control>
  <control type="label"><!-- Heading label -->
    <posx>40</posx>
    <posy>32</posy>
    <width>820</width>
    <height>40</height>
    <align>center</align>
    <aligny>center</aligny>
    <label>19142</label>
		<font>Font_SettingsSectionTitle</font>
		<textcolor>FFbec0c2</textcolor>
  </control>
  <control type="image">
    <posx>15</posx>
    <posy>82</posy>
    <width>870</width>
    <height>2</height>
    <texture>panel_horizontal_separator.png</texture>
  </control>
  <control type="label"><!-- Search string -->
    <posx>60</posx>
    <posy>100</posy>
    <width>180</width>
    <height>25</height>
    <align>left</align>
    <aligny>center</aligny>
    <font>Font_OSDOptions</font>
    <textcolor>FFf5f5f5</textcolor>
    <label>$LOCALIZE[19133]:</label>
  </control>
  <control type="image"><!-- Heading Background -->
    <posx>50</posx>
    <posy>130</posy>
    <width>800</width>
    <height>40</height>
    <texture>dialogs_addsource_highlight.png</texture>
    <colordiffuse>$VAR[value_texturecolors]</colordiffuse>
  </control>
  <control type="edit" id="9"><!-- Search string -->
    <posx>60</posx>
    <posy>129</posy>
    <width>780</width>
    <height>40</height>
    <align>left</align>
    <aligny>center</aligny>
    <font>Font_KeyboardEdit</font>
    <textcolor>FFe5e5e5</textcolor>
    <focusedcolor>FFe5e5e5</focusedcolor>
    <onleft>25</onleft>
    <onright>26</onright>
    <onup>26</onup>
    <ondown>10</ondown>
  </control>
  <control type="textbox"><!-- Search help -->
    <posx>60</posx>
    <posy>180</posy>
    <width>780</width>
    <height>120</height>
    <font>Font_OSDOptions</font>
    <textcolor>FF808080</textcolor>
    <label>$LOCALIZE[19001] $LOCALIZE[19002]</label>
  </control>
  <control type="radiobutton" id="10"><!-- Include Description -->
    <include>PVRSearchButton</include>
    <posx>50</posx>
    <posy>240</posy>
    <label>19134</label>
    <onleft>12</onleft>
    <onright>12</onright>
    <onup>9</onup>
    <ondown>11</ondown>
  </control>
  <control type="radiobutton" id="11"><!-- No repeat -->
    <include>PVRSearchButton</include>
    <posx>50</posx>
    <posy>270</posy>
    <label>19135</label>
    <onleft>13</onleft>
    <onright>13</onright>
    <onup>10</onup>
    <ondown>14</ondown>
  </control>
  <control type="spincontrolex" id="12"><!-- Min Duration -->
    <include>PVRSearchButton</include>
    <posx>450</posx>
    <posy>240</posy>
    <label>19130</label>
    <onright>10</onright>
    <onleft>10</onleft>
    <onup>9</onup>
    <ondown>13</ondown>
  </control>
  <control type="spincontrolex" id="13"><!-- Max Duration -->
    <include>PVRSearchButton</include>
    <posx>450</posx>
    <posy>270</posy>
    <label>19131</label>
    <onright>11</onright>
    <onleft>11</onleft>
    <onup>12</onup>
    <ondown>16</ondown>
  </control>
  <control type="edit" id="14"><!-- Start Date -->
    <include>PVRSearchButton</include>
    <posx>50</posx>
    <posy>300</posy>
    <label>19128</label>
    <onright>16</onright>
    <onleft>16</onleft>
    <onup>11</onup>
    <ondown>15</ondown>
  </control>
  <control type="edit" id="15"><!-- Stop Date -->
    <include>PVRSearchButton</include>
    <posx>50</posx>
    <posy>330</posy>
    <label>19129</label>
    <onright>17</onright>
    <onleft>17</onleft>
    <onup>14</onup>
    <ondown>18</ondown>
  </control>
  <control type="edit" id="16"><!-- Start time -->
    <include>PVRSearchButton</include>
    <posx>450</posx>
    <posy>300</posy>
    <label>19126</label>
    <onright>14</onright>
    <onleft>14</onleft>
    <onup>13</onup>
    <ondown>17</ondown>
  </control>
  <control type="edit" id="17"><!-- Stop time -->
    <include>PVRSearchButton</include>
    <posx>450</posx>
    <posy>330</posy>
    <label>19127</label>
    <onright>15</onright>
    <onleft>15</onleft>
    <onup>16</onup>
    <ondown>19</ondown>
  </control>
  <control type="spincontrolex" id="18"><!-- Genre -->
    <include>PVRSearchButton</include>
    <posx>50</posx>
    <posy>360</posy>
    <label>515</label>
    <onright>19</onright>
    <onleft>19</onleft>
    <onup>15</onup>
    <ondown>20</ondown>
  </control>
  <control type="radiobutton" id="19"><!-- Avoid repeats -->
    <include>PVRSearchButton</include>
    <posx>450</posx>
    <posy>360</posy>
    <label>19121</label>
    <onright>18</onright>
    <onleft>18</onleft>
    <onup>17</onup>
    <ondown>21</ondown>
  </control>
  <control type="radiobutton" id="20"><!-- Include unknown Genres -->
    <include>PVRSearchButton</include>
    <posx>50</posx>
    <posy>390</posy>
    <label>19132</label>
    <onleft>21</onleft>
    <onright>21</onright>
    <onup>18</onup>
    <ondown>22</ondown>
  </control>
  <control type="spincontrolex" id="21"><!-- Groups -->
    <include>PVRSearchButton</include>
    <posx>450</posx>
    <posy>390</posy>
    <label>19146</label>
    <onright>20</onright>
    <onleft>20</onleft>
    <onup>19</onup>
    <ondown>23</ondown>
  </control>
  <control type="radiobutton" id="22"><!-- FTA only -->
    <include>PVRSearchButton</include>
    <posx>50</posx>
    <posy>420</posy>
    <label>19123</label>
    <onleft>23</onleft>
    <onright>23</onright>
    <onup>20</onup>
    <ondown>24</ondown>
  </control>
  <control type="spincontrolex" id="23"><!-- Channels -->
    <include>PVRSearchButton</include>
    <posx>450</posx>
    <posy>420</posy>
    <label>19148</label>
    <onleft>22</onleft>
    <onright>22</onright>
    <onup>21</onup>
    <ondown>27</ondown>
  </control>
  <control type="radiobutton" id="24"><!-- Ignore Timers -->
    <include>PVRSearchButton</include>
    <posx>50</posx>
    <posy>450</posy>
    <label>19124</label>
    <onleft>27</onleft>
    <onright>27</onright>
    <onup>22</onup>
    <ondown>26</ondown>
  </control>
  <control type="radiobutton" id="27"><!-- Ignore Recordings -->
    <include>PVRSearchButton</include>
    <posx>450</posx>
    <posy>450</posy>
    <label>19124</label>
    <onleft>24</onleft>
    <onright>24</onright>
    <onup>23</onup>
    <ondown>26</ondown>
  </control>
  <control type="image">
    <posx>15</posx>
    <posy>487</posy>
    <width>890</width>
    <height>49</height>
    <texture>settings_radiobuttonoff.png</texture>
  </control>
  <control type="group" id="9000">
    <posx>-55</posx>
    <posy>536</posy>
  <control type="button" id="28">
    <description>Defaults button</description>
    <posx>200</posx>
    <align>center</align>
    <aligny>center</aligny>
    <height>35</height>
    <include>SettingsAddonSectionButton</include>
    <label>409</label>
    <onleft>26</onleft>
    <onright>25</onright>
    <onup>24</onup>
    <ondown>9</ondown>
  </control>
  <control type="button" id="25">
    <description>Cancel Button</description>
    <posx>400</posx>
    <align>center</align>
    <aligny>center</aligny>
    <height>35</height>
    <include>SettingsAddonSectionButton</include>
    <label>222</label>
    <onleft>28</onleft>
    <onright>26</onright>
    <onup>27</onup>
    <ondown>9</ondown>
  </control>
  <control type="button" id="26">
    <description>Search button</description>
    <posx>600</posx>
    <align>center</align>
    <aligny>center</aligny>
    <height>35</height>
    <include>SettingsAddonSectionButton</include>
    <label>137</label>
    <onleft>25</onleft>
    <onright>28</onright>
    <onup>27</onup>
    <ondown>9</ondown>
  </control>
	</control>
  <control type="image">
    <description>front glass</description>
    <posx>-10</posx>
    <posy>-20</posy>
    <width>869</width>
    <height>643</height>
    <texture flipx="true">dialogs_setcontent_front.png</texture>
  </control>
  <control type="image">
    <description>front glass</description>
    <posx>40.5</posx>
    <posy>-20</posy>
    <width>869</width>
    <height>643</height>
    <texture>dialogs_setcontent_front.png</texture>
  </control>
  </controls>
  </window>
