﻿<!-- Aeon MQ 4 -->

<window id="614">
	<controls>
  <control type="group">
    <include>Animation_DialogTopPopup</include>
    <posx>1280</posx>
    <posy>0</posy>
    <include>Dialogs_Group</include>
    <include>Dialogs_HardDrive</include>
    <animation effect="slide" end="0,-80" time="200" condition="Window.IsVisible(FullscreenVideo) | Window.IsVisible(Visualisation) | Skin.HasSetting(custommode) | !Skin.HasSetting(welcomedone)">conditional</animation>
  <control type="progress" id="32">
    <include>Dialogs_Progress</include>
  </control>
  <control type="label" id="30">
    <include>Dialogs_Label1</include>
  </control>
  <control type="label" id="31">
    <include>Dialogs_Label2</include>
  </control>
  </control>
  </controls>
  </window>