﻿<!-- Aeon MQ 4 -->

<window id="147">
	<defaultcontrol>61</defaultcontrol>
	<coordinates>
		<system>1</system>
		<posx>0</posx>
		<posy>0</posy>
	</coordinates>
	<controls>
  <control type="image"><!-- Trailer Warning -->
    <include>FullScreenDimensions</include>
    <texture>common_grey.png</texture>
    <animation effect="fade" end="98" condition="true">Conditional</animation>
    <include>Animation_CommonFade</include>
  </control>
  <control type="group">
    <include>Animation_CommonFade</include>
    <control type="label" id="1">
    <description>header label</description>
		<posx>378</posx>
		<posy>30</posy>
		<width>900</width>
		<height>49</height>
		<align>left</align>
		<align>center</align>
		<font>Font_SettingsSectionTitle</font>
		<textcolor>FFbec0c2</textcolor>
  </control>
  <control type="image">
    <description>separator</description>
    <posx>140</posx>
    <posy>80</posy>
    <width>1000</width>
    <height>2</height>
    <texture>common_divider.png</texture>
  </control>
  <control type="textbox" id="5">
    <description>textarea</description>
    <posx>140</posx>
    <posy>120</posy>
    <width>1000</width>
    <height>530</height>
    <label>-</label>
    <font>font13</font>
    <align>justify</align>
    <pagecontrol>61</pagecontrol>
  </control>
  
  <!-- ScrollBar -->
  <control type="scrollbar" id="61">
    <include>ScrollBar_Vertical</include>
    <posx>50</posx>
    <posy>120</posy>
    <height>530</height>
    <onleft>61</onleft>
    <onright>61</onright>
    <ondown>61</ondown>
    <onup>61</onup>
  </control>
  </control>
  </controls>
</window>
