﻿<!-- Aeon MQ 4 -->

<window id="602">
	<defaultcontrol always="true">10</defaultcontrol>
	<coordinates>
		<system>1</system>
		<posx>190</posx>
		<posy>70</posy>
	</coordinates>
    <include>Animation_DialogPopup</include>
	<controls>
  <control type="image">
    <description>background image</description>
    <posx>0</posx>
    <posy>0</posy>
    <width>900</width>
    <height>590</height>
    <texture background="true">osd_settings_back.png</texture>
    <animation effect="fade" end="98" condition="true">Conditional</animation>
  </control>
  <control type="label"><!-- Heading label -->
    <posx>40</posx>
    <posy>32</posy>
    <width>820</width>
    <height>40</height>
    <align>center</align>
    <aligny>center</aligny>
    <label>19047</label>
		<font>Font_SettingsSectionTitle</font>
		<textcolor>FFbec0c2</textcolor>
  </control>
  <control type="group">
  <control type="image">
    <posx>15</posx>
    <posy>82</posy>
    <width>870</width>
    <height>2</height>
    <texture>panel_horizontal_separator.png</texture>
  </control>
  <control type="label"><!-- Title value -->
    <posx>70</posx>
    <posy>90</posy>
    <width>760</width>
    <height>30</height>
    <align>left</align>
    <aligny>center</aligny>
    <font>Font_FSInfoArtist</font>
    <label>$INFO[ListItem.Title]</label>
  </control>
  <control type="image">
    <posx>180</posx>
    <posy>127</posy>
    <width>2</width>
    <height>140</height>
    <texture>panel_vertical_separator.png</texture>
  </control>
  <control type="image">
    <posx>15</posx>
    <posy>125</posy>
    <width>870</width>
    <height>2</height>
    <texture>panel_horizontal_separator.png</texture>
  </control>
  <control type="image">
    <posx>15</posx>
    <posy>268</posy>
    <width>870</width>
    <height>2</height>
    <texture>panel_horizontal_separator.png</texture>
  </control>
  <control type="label"><!-- Start Date -->
    <posx>70</posx>
    <posy>135</posy>
    <width>120</width>
    <height>25</height>
    <align>left</align>
    <aligny>center</aligny>
    <label>$LOCALIZE[552]:</label>
  </control>
  <control type="label">
    <posx>200</posx>
    <posy>135</posy>
    <width>540</width>
    <height>25</height>
    <align>left</align>
    <aligny>center</aligny>
    <label>$INFO[ListItem.StartDate]</label>
  </control>
  <control type="label"><!-- Start time -->
    <posx>70</posx>
    <posy>160</posy>
    <width>120</width>
    <height>25</height>
    <align>left</align>
    <aligny>center</aligny>
    <label>$LOCALIZE[142]</label>
  </control>
  <control type="label">
    <posx>200</posx>
    <posy>160</posy>
    <width>370</width>
    <height>25</height>
    <align>left</align>
    <aligny>center</aligny>
    <label>$INFO[ListItem.StartTime]</label>
  </control>
  <control type="label"><!-- Duration -->
    <posx>70</posx>
    <posy>185</posy>
    <width>120</width>
    <height>25</height>
    <align>left</align>
    <aligny>center</aligny>
    <label>$LOCALIZE[180]:</label>
  </control>
  <control type="label">
    <posx>200</posx>
    <posy>185</posy>
    <width>300</width>
    <label>$INFO[ListItem.Duration]</label>
    <height>25</height>
    <align>left</align>
    <aligny>center</aligny>
    <scroll>true</scroll>
  </control>
  <control type="label"><!-- Channel name -->
    <posx>70</posx>
    <posy>210</posy>
    <width>120</width>
    <height>25</height>
    <align>left</align>
    <aligny>center</aligny>
    <label>$LOCALIZE[19161]:</label>
  </control>
  <control type="fadelabel">
    <posx>200</posx>
    <posy>210</posy>
    <width>540</width>
    <height>25</height>
    <align>left</align>
    <aligny>center</aligny>
    <label fallback="161">$LOCALIZE[19161]: $INFO[ListItem.ChannelNumber]</label>
    <info>ListItem.ChannelName</info>
  </control>
  <control type="label"><!-- Genre -->
    <posx>70</posx>
    <posy>235</posy>
    <width>120</width>
    <height>25</height>
    <align>left</align>
    <aligny>center</aligny>
    <label>$LOCALIZE[135]:</label>
  </control>
  <control type="label">
    <posx>200</posx>
    <posy>235</posy>
    <width>540</width>
    <label fallback="161">$INFO[ListItem.Genre]</label>
    <height>25</height>
    <align>left</align>
    <aligny>center</aligny>
    <scroll>true</scroll>
  </control>
  </control>
  <control type="textbox">
    <posx>70</posx>
    <posy>290</posy>
    <width>760</width>
    <height>400</height>
    <onleft>7</onleft>
    <onright>61</onright>
    <onup>7</onup>
    <ondown>7</ondown>
    <pagecontrol>61</pagecontrol>
    <label fallback="161">$INFO[ListItem.Plot]</label>
    <font>Font_MultiplexPlotSmall</font>
    <animation effect="slide" start="0,0" end="-10,0" time="0" condition="Control.IsVisible(61)">Conditional</animation>
  </control>
  <control type="scrollbar" id="61">
    <include>ScrollBar_Vertical</include>
    <posx>1195</posx>
    <posy>108</posy>
    <height>530</height>
    <onleft>9000</onleft>
    <onright>9000</onright>
  </control>
  <control type="image">
    <posx>15</posx>
    <posy>487</posy>
    <width>890</width>
    <height>49</height>
    <texture>settings_radiobuttonoff.png</texture>
  </control>
  <control type="group" id="9000">
    <posx>-55</posx>
    <posy>536</posy>
  <control type="button" id="10">
    <description>Ok button</description>
    <posx>400</posx>
    <align>center</align>
    <aligny>center</aligny>
    <height>35</height>
    <include>SettingsAddonSectionButton</include>
    <label>186</label>
    <onleft>10</onleft>
    <onright>10</onright>
    <onup>61</onup>
    <ondown>10</ondown>
  </control>
	</control>
  <control type="image">
    <description>front glass</description>
    <posx>-10</posx>
    <posy>-20</posy>
    <width>869</width>
    <height>643</height>
    <texture flipx="true">dialogs_setcontent_front.png</texture>
  </control>
  <control type="image">
    <description>front glass</description>
    <posx>40.5</posx>
    <posy>-20</posy>
    <width>869</width>
    <height>643</height>
    <texture>dialogs_setcontent_front.png</texture>
  </control>
  </controls>
  </window>
