﻿<!-- Aeon MQ 4 -->

<window id="609">
	<defaultcontrol always="true">11</defaultcontrol>
	<coordinates>
		<system>1</system>
		<posx>780</posx>
		<posy>20</posy>
	</coordinates>
	  <include>Animation_DialogPopup</include>
	<controls>
  <control type="image">
    <description>background image</description>
    <posx>0</posx>
    <posy>0</posy>
    <width>500</width>
    <height>680</height>
    <texture>osd_settings_back.png</texture>
  </control>
  <control type="label">
    <description>heading label</description>
    <posx>40</posx>
    <posy>35</posy>
    <width>420</width>
    <height>40</height>
    <align>center</align>
    <aligny>center</aligny>
    <label>$LOCALIZE[19023] - $INFO[VideoPlayer.ChannelGroup]</label>
    <textcolor>$VAR[value_headercolors]</textcolor>
    <visible>!pvr.IsPlayingRadio</visible>
  </control>
  <control type="label">
    <description>heading label</description>
    <posx>40</posx>
    <posy>35</posy>
    <width>420</width>
    <height>40</height>
    <align>center</align>
    <aligny>center</aligny>
    <label>$LOCALIZE[19024] - $INFO[MusicPlayer.ChannelGroup]</label>
    <textcolor>$VAR[value_headercolors]</textcolor>
    <visible>pvr.IsPlayingRadio</visible>
  </control>
  <control type="list" id="11">
    <posx>7.7</posx>
    <posy>90</posy>
    <width>484</width>
    <height>504</height>
    <onleft>60</onleft>
    <onright>Dialog.Close(609)</onright>
    <onup>11</onup>
    <ondown>11</ondown>
    <viewtype label="535">list</viewtype>
    <pagecontrol>60</pagecontrol>
    <scrolltime>200</scrolltime>
    <itemlayout height="56" width="390">
  <control type="label">
    <posx>45</posx>
    <posy>17</posy>
    <width>40</width>
    <height>20</height>
    <align>center</align>
    <aligny>center</aligny>
    <info>ListItem.ChannelNumber</info>
    <font>Font_MenuVirtualDarkness</font>
    <selectedcolor>$VAR[value_headercolors]</selectedcolor>
  </control>
  <control type="image">
    <posx>70</posx>
    <posy>4</posy>
    <width>48</width>
    <height>48</height>
    <texture fallback="DefaultVideo.png">$INFO[ListItem.Icon]</texture>
  </control>
  <control type="progress">
    <description>Progressbar</description>
    <posx>130</posx>
    <posy>43</posy>
    <width>280</width>
    <height>6</height>
    <info>ListItem.Progress</info>
    <include>Animation_CommonFade</include>
  </control>
  <control type="label">
    <posx>130</posx>
    <posy>0</posy>
    <width>270</width>
    <height>30</height>
    <align>left</align>
    <aligny>center</aligny>
    <font>Font_ProgressLabel</font>
    <label>$INFO[ListItem.Label]</label>
    <selectedcolor>$VAR[value_headercolors]</selectedcolor>
  </control>
  <control type="label">
    <posx>130</posx>
    <posy>22</posy>
    <width>270</width>
    <height>20</height>
    <align>left</align>
    <aligny>center</aligny>
    <label>$INFO[ListItem.Title]</label>
    <font>Font_FloorTextDetailLabel</font>
		<textcolor>header</textcolor>
		<selectedcolor>$VAR[value_headercolors]</selectedcolor>
  </control>
  </itemlayout>
  <focusedlayout height="56" width="390">
  <control type="image">
    <posx>0</posx>
    <posy>0</posy>
    <width>500</width>
    <height>56</height>
    <texture>settings_button_focus.png</texture>
    <visible>Control.Hasfocus(11)</visible>
  </control>
  <control type="label">
    <posx>45</posx>
    <posy>17</posy>
    <width>40</width>
    <height>20</height>
    <align>center</align>
    <aligny>center</aligny>
    <info>ListItem.ChannelNumber</info>
    <font>Font_MenuVirtualDarkness</font>
    <textcolor>d0000000</textcolor>
    <selectedcolor>$VAR[value_headercolors]</selectedcolor>
  </control>
  <control type="image">
    <posx>70</posx>
    <posy>4</posy>
    <width>48</width>
    <height>48</height>
    <texture fallback="DefaultVideo.png">$INFO[ListItem.Icon]</texture>
  </control>
  <control type="progress">
    <description>Progressbar</description>
    <posx>130</posx>
    <posy>43</posy>
    <width>280</width>
    <height>6</height>
    <info>ListItem.Progress</info>
    <include>Animation_CommonFade</include>
  </control>
  <control type="label">
    <posx>130</posx>
    <posy>0</posy>
    <width>270</width>
    <height>30</height>
    <align>left</align>
    <aligny>center</aligny>
    <font>Font_ProgressLabel</font>
    <label>$INFO[ListItem.Label]</label>
    <textcolor>d0000000</textcolor>
    <selectedcolor>$VAR[value_headercolors]</selectedcolor>
  </control>
  <control type="label">
    <posx>130</posx>
    <posy>22</posy>
    <width>270</width>
    <height>20</height>
    <align>left</align>
    <aligny>center</aligny>
    <label>$INFO[ListItem.Title]</label>
    <font>Font_FloorTextDetailLabel</font>
		<textcolor>FF2F4F4F</textcolor>
		<selectedcolor>$VAR[value_headercolors]</selectedcolor>
  </control>
  </focusedlayout>
  </control>
  <control type="image">
    <description>front glass</description>
    <posx>-354</posx>
    <posy>0</posy>
    <width>869</width>
    <height>710</height>
    <texture>dialogs_setcontent_front.png</texture>
  </control>
  <control type="image">
    <description>front glass</description>
    <posx>-16</posx>
    <posy>0</posy>
    <width>869</width>
    <height>710</height>
    <texture flipx="true">dialogs_setcontent_front.png</texture>
  </control>
  <control type="scrollbar" id="60">
    <width>20</width>
    <include>ScrollBar_Vertical</include>
    <posx>12</posx>
    <posy>92</posy>
    <height>503</height>
    <onleft>11</onleft>
    <onright>11</onright>
    <ondown>60</ondown>
    <onup>60</onup>
    <visible allowhiddenfocus="true">Control.HasFocus(60)</visible>
  </control>
  <control type="label">
    <description>number of files/pages in list text label</description>
    <posx>450</posx>
    <posy>610</posy>
    <width>500</width>
    <height>20</height>
    <align>right</align>
    <aligny>center</aligny>
    <scroll>true</scroll>
    <textcolor>$VAR[value_headercolors]</textcolor>
    <label>$INFO[Container(11).NumItems] $LOCALIZE[19019] - $LOCALIZE[31432] $INFO[Container(11).CurrentPage]/$INFO[Container(11).NumPages]</label>
  </control>
  </controls>
  </window>
