﻿<!-- Aeon MQ 4 -->

<window id="129">
	<defaultcontrol>11</defaultcontrol>
	<zorder>3</zorder>
	<coordinates>
		<system>1</system>
		<posx>0</posx>
		<posy>0</posy>
	</coordinates>
	  <include>Animation_DialogPopup</include>
	<controls>
  <control type="group">
    <posx>217</posx>
    <posy>190</posy>
    <width>847</width>
    <height>328</height>
    <visible>!Window.isVisible(132)</visible>
  <control type="image">
    <description>background image</description>
    <posx>0</posx>
    <posy>0</posy>
    <width>847</width>
    <height>328</height>
    <texture>dialogs_addsource_back.png</texture>
  </control>
  <control type="list" id="10">
    <description>path list control</description>
    <posx>40</posx>
    <posy>53</posy>
    <width>605</width>
    <height>164</height>
    <onup>12</onup>
    <ondown>12</ondown>
    <onleft>-</onleft>
    <onright>SetFocus(11)</onright>
    <scrolltime>0</scrolltime>
  <itemlayout height="41">
  <control type="label">
    <posx>5</posx>
    <posy>0</posy>
    <width>605</width>
    <height>32</height>
    <font>Font_SetContentList</font>
    <aligny>center</aligny>
    <textcolor>9bFFFFFF</textcolor>
    <selectedcolor>9b3cd2fd</selectedcolor>
    <align>left</align>
    <info>ListItem.Label</info>
  </control>
  </itemlayout>
  <focusedlayout height="41">
  <control type="label">
    <posx>5</posx>
    <posy>0</posy>
    <width>605</width>
    <height>32</height>
    <font>Font_SetContentList</font>
    <aligny>center</aligny>
    <textcolor>d0FFFFFF</textcolor>
    <selectedcolor>9b3cd2fd</selectedcolor>
    <align>left</align>
    <info>ListItem.Label</info>
  </control>
  </focusedlayout>
  </control>
  <control type="image">
    <posx>20</posx>
    <posy>45</posy>
    <width>651</width>
    <height>174</height>
    <texture>dialogs_addsource_highlighttop.png</texture>
    <include>Animation_CommonFade</include>
    <visible>Control.HasFocus(10)</visible>
  </control>
  <control type="label" id="0">
    <description>Path Label</description>
    <posx>10</posx>
    <posy>10</posy>
    <width>673</width>
    <height>28</height>
    <align>center</align>
    <aligny>center</aligny>
    <textcolor>FFcbcbcb</textcolor>
    <font>Font_SetContentMenu</font>
    <label>31348</label>
    <animation effect="fade" start="100" end="60" time="300" condition="!Control.HasFocus(10)">Conditional</animation>
  </control>
  <control type="label" id="0">
    <description>Name Label</description>
    <posx>10</posx>
    <posy>223</posy>
    <width>673</width>
    <height>28</height>
    <align>center</align>
    <aligny>center</aligny>
    <textcolor>FFcbcbcb</textcolor>
    <font>Font_SetContentMenu</font>
    <label>31349</label>
    <animation effect="fade" start="100" end="60" time="300" condition="!Control.HasFocus(12)">Conditional</animation>
  </control>
  
  <!-- Options -->
  <control type="grouplist" id="9000">
    <posx>683</posx>
    <posy>42</posy>
  <control type="button" id="11">
    <description>Button: Browse</description>
    <posy>0</posy>
    <width>153</width>
    <height>41</height>
    <font>Font_SetContentMenu</font>
    <label>1024</label>
    <align>left</align>
    <textcolor>FFf5f5f5</textcolor>
    <focusedcolor>FF101010</focusedcolor>
    <selectedcolor>FFf5f5f5</selectedcolor>
    <textoffsetx>10</textoffsetx>
    <onleft>SetFocus(4057)</onleft>
    <onright>SetFocus(4057)</onright>
    <onup>18</onup>
    <ondown>13</ondown>
    <colordiffuse>$VAR[value_texturecolors]</colordiffuse>
    <texturenofocus>-</texturenofocus>
    <texturefocus>settings_button_focus.png</texturefocus>
  </control>
  <control type="button" id="13">
    <description>Button: Add</description>
    <posy>41</posy>
    <width>153</width>
    <height>41</height>
    <font>Font_SetContentMenu</font>
    <label>15019</label>
    <align>left</align>
    <textcolor>FFf5f5f5</textcolor>
    <focusedcolor>FF101010</focusedcolor>
    <selectedcolor>FFf5f5f5</selectedcolor>
    <textoffsetx>10</textoffsetx>
    <onup>11</onup>
    <ondown>14</ondown>
    <colordiffuse>$VAR[value_texturecolors]</colordiffuse>
    <texturenofocus>-</texturenofocus>
    <texturefocus>settings_button_focus.png</texturefocus>
  </control>
  <control type="button" id="14">
    <description>Button: Remove</description>
    <posy>82</posy>
    <width>153</width>
    <height>41</height>
    <font>Font_SetContentMenu</font>
    <label>1210</label>
    <align>left</align>
    <textcolor>FFf5f5f5</textcolor>
    <focusedcolor>FF101010</focusedcolor>
    <selectedcolor>FFf5f5f5</selectedcolor>
    <textoffsetx>10</textoffsetx>
    <onup>13</onup>
    <ondown>20</ondown>
    <colordiffuse>$VAR[value_texturecolors]</colordiffuse>
    <texturenofocus>-</texturenofocus>
    <texturefocus>settings_button_focus.png</texturefocus>
  </control>
  <control type="button" id="19">
    <description>Button: Cancel</description>
    <posy>164</posy>
    <width>153</width>
    <height>41</height>
    <font>Font_SetContentMenu</font>
    <label>222</label>
    <align>left</align>
    <textcolor>FFf5f5f5</textcolor>
    <focusedcolor>FF101010</focusedcolor>
    <selectedcolor>FFf5f5f5</selectedcolor>
    <textoffsetx>10</textoffsetx>
    <onup>20</onup>
    <ondown>18</ondown>
    <colordiffuse>$VAR[value_texturecolors]</colordiffuse>
    <texturenofocus>-</texturenofocus>
    <texturefocus>settings_button_focus.png</texturefocus>
  </control>
  <control type="button" id="18">
    <description>Button: OK</description>
    <posy>205</posy>
    <width>153</width>
    <height>41</height>
    <font>Font_SetContentMenu</font>
    <label>186</label>
    <align>left</align>
    <textcolor>FFf5f5f5</textcolor>
    <focusedcolor>FF101010</focusedcolor>
    <selectedcolor>FFf5f5f5</selectedcolor>
    <textoffsetx>10</textoffsetx>
    <onleft>SetFocus(4058)</onleft>
    <onright>SetFocus(4058)</onright>
    <onup>19</onup>
    <ondown>11</ondown>
    <colordiffuse>$VAR[value_texturecolors]</colordiffuse>
    <texturenofocus>-</texturenofocus>
    <texturefocus>settings_button_focus.png</texturefocus>
  </control>
  </control>
  
  <control type="button" id="4057">
    <include>InvisibleButton</include>
    <onfocus>SetFocus(10)</onfocus>
  </control>
  <control type="button" id="4058">
    <include>InvisibleButton</include>
    <onfocus>SetFocus(12)</onfocus>
  </control>
  
  <control type="button" id="12">
    <description>Name Button</description>
    <posx>18</posx>
    <posy>257</posy>
    <width>653</width>
    <height>44</height>
    <font>Font_AddSourceEdit</font>
    <align>center</align>
    <aligny>center</aligny>
    <texturefocus>-</texturefocus>
    <texturenofocus>-</texturenofocus>
    <textcolor>FF6a6565</textcolor>
    <selectedcolor>FFe4ec06</selectedcolor>
    <focusedcolor>FFFFFFFF</focusedcolor>
    <label>-</label>
    <onup>10</onup>
    <onleft>18</onleft>
    <onright>18</onright>
    <ondown>10</ondown>
  </control>
  <control type="image">
    <posx>20</posx>
    <posy>255</posy>
    <width>651</width>
    <height>51</height>
    <texture>dialogs_addsource_highlight.png</texture>
    <include>Animation_CommonFade</include>
    <visible>Control.HasFocus(12)</visible>
  </control>
  <control type="image">
    <description>front image</description>
    <posx>12</posx>
    <posy>-24</posy>
    <width>847</width>
    <height>372</height>
    <texture>dialogs_setcontent_front.png</texture>
  </control>
  </control>
	</controls>
</window>