﻿<!-- Aeon MQ 4 -->

<window id="132">
	<defaultcontrol always="true">3</defaultcontrol>
	<zorder>2</zorder>
	<coordinates>
		<system>1</system>
		<posx>0</posx>
		<posy>0</posy>
	</coordinates>
    <include>Animation_DialogPopup</include>
	<controls>
  <control type="group">
    <posx>206</posx>
    <posy>190</posy>
    <width>869</width>
    <height>317</height>
    <visible>!Window.IsActive(addonsettings)</visible>
  <control type="image">
    <description>background image</description>
    <posx>0</posx>
    <posy>0</posy>
    <width>869</width>
    <height>317</height>
    <texture backgroun="true">dialogs_setcontent_back.png</texture>
  </control>
  
  <!-- Content Button -->
  <control type="spincontrolex" id="3">
    <description>directory content select spincontrol</description>
    <posx>13.5</posx>
    <posy>35</posy>
    <width>499</width>
    <height>41</height>
    <font>Font_SettingsOptions</font>
    <focusedcolor>FF101010</focusedcolor>
    <texturefocus>settings_button_focus.png</texturefocus>
    <texturenofocus>dialogs_setcontent_button_nofocus.png</texturenofocus>
    <pulseonselect>false</pulseonselect>
    <spinposx>-4</spinposx>
    <textoffsetx>-10</textoffsetx>
    <onup>5</onup>
    <ondown>5</ondown>
    <onleft>28</onleft>
    <onright>4</onright>
    <aligny>center</aligny>
    <subtype>text</subtype>
  </control>
  <control type="label" id="1">
    <description>directory contains label</description>
    <posx>30</posx>
    <posy>35</posy>
    <width>504</width>
    <height>41</height>
    <label>31260</label>
    <font>Font_SettingsOptions</font>
    <textcolor>FFbbbbbb</textcolor>
    <aligny>center</aligny>
    <visible>!Control.HasFocus(3)</visible>
  </control>
  <control type="label" id="1">
    <description>directory contains label</description>
    <posx>30</posx>
    <posy>35</posy>
    <width>504</width>
    <height>41</height>
    <label>31260</label>
    <font>Font_SettingsOptions</font>
    <textcolor>FF101010</textcolor>
    <aligny>center</aligny>
    <visible>Control.HasFocus(3)</visible>
  </control>
  
  <!-- Scraper List -->
  <control type="list" id="4">
    <posx>513.5</posx>
    <posy>35</posy>
    <width>174.5</width>
    <height>246</height>
    <onup>4</onup>
    <ondown>4</ondown>
    <onleft>3</onleft>
    <onright>28</onright>
    <scrolltime>200</scrolltime>
    <itemlayout height="41">
  <control type="image">
    <posx>0</posx>
    <posy>0</posy>
    <width>174.5</width>
    <height>41</height>
    <texture>dialogs_setcontent_scraper_nofocus.png</texture>
  </control>
  <control type="image">
    <posx>5</posx>
    <posy>5</posy>
    <width>35</width>
    <height>30</height>
    <texture>$INFO[Listitem.Icon]</texture>
  </control>
  <control type="label">
    <posx>45</posx>
    <posy>-1</posy>
    <width>122</width>
    <height>41</height>
    <textcolor>FFbbbbbb</textcolor>
    <selectedcolor>FFFF8C00</selectedcolor>
    <aligny>center</aligny>
    <font>Font_SetContentList</font>
    <align>left</align>
    <info>ListItem.Label</info>
  </control>
  </itemlayout>
  <focusedlayout height="41">
  <control type="image">
    <posx>0</posx>
    <posy>0</posy>
    <width>174.5</width>
    <height>41</height>
    <texture>settings_button_focus.png</texture>
    <visible>Control.HasFocus(4)</visible>
  </control>
  <control type="image">
    <posx>5</posx>
    <posy>5</posy>
    <width>35</width>
    <height>30</height>
    <texture>$INFO[Listitem.Icon]</texture>
  </control>
  <control type="label">
    <posx>45</posx>
    <posy>-1</posy>
    <width>122</width>
    <height>41</height>
    <textcolor>FFbbbbbb</textcolor>
    <selectedcolor>FFFF8C00</selectedcolor>
    <aligny>center</aligny>
    <font>Font_SetContentList</font>
    <align>left</align>
    <info>ListItem.Label</info>
    <visible>!Control.HasFocus(4)</visible>
  </control>
  <control type="label">
    <posx>45</posx>
    <posy>-1</posy>
    <width>122</width>
    <height>41</height>
    <textcolor>FF101010</textcolor>
    <selectedcolor>FFFF8C00</selectedcolor>
    <aligny>center</aligny>
    <font>Font_SetContentList</font>
    <align>left</align>
    <info>ListItem.Label</info>
    <visible>Control.HasFocus(4)</visible>
  </control>
  </focusedlayout>
  </control>

	<!-- Content List -->
	<control type="grouplist" id="5">
    <description>control area</description>
    <posx>13.5</posx>
    <posy>76</posy>
    <width>499</width>
    <height>205</height>
    <itemgap>0</itemgap>
    <onup>3</onup>
    <ondown>3</ondown>
    <onleft>28</onleft>
    <onright>4</onright>
  </control>
  <control type="button" id="7">
    <posx>0</posx>
    <posy>0</posy>
    <height>41</height>
    <font>Font_SettingsOptions</font>
    <textoffsetx>12</textoffsetx>
    <aligny>center</aligny>
    <texturefocus>settings_button_focus.png</texturefocus>
  </control>
  <control type="radiobutton" id="8">
    <posx>4</posx>
    <posy>0</posy>
    <width>499</width>
    <height>41</height>
    <textwidth>400</textwidth>
    <font>Font_SettingsOptions</font>
    <texturefocus>settings_button_focus.png</texturefocus>
    <texturenofocus>dialogs_setcontent_button_nofocus.png</texturenofocus>
    <textcolor>FFbbbbbb</textcolor>
    <focusedcolor>FF101010</focusedcolor>
    <pulseonselect>false</pulseonselect>
    <radiowidth>94</radiowidth>
    <radioposx>420</radioposx>
    <radioheight>65</radioheight>
    <textoffsetx>20</textoffsetx>
    <aligny>center</aligny>
  </control>

  <!-- Options List -->
  <control type="grouplist">
    <posx>689</posx>
    <posy>35</posy>
  <control type="button" id="28">
    <description>ok button</description>
    <width>155</width>
    <height>41</height>
    <font>Font_SetContentMenu</font>
    <label>186</label>
    <align>left</align>
    <focusedcolor>FF101010</focusedcolor>
    <textoffsetx>20</textoffsetx>
    <onleft>SetFocus(4)</onleft>
    <onright>SetFocus(3)</onright>
    <texturenofocus>-</texturenofocus>
    <texturefocus>settings_button_focus.png</texturefocus>
  </control>
  <control type="button" id="29">
    <description>cancel button</description>
    <width>155</width>
    <height>41</height>
    <font>Font_SetContentMenu</font>
    <label>222</label>
    <align>left</align>
    <focusedcolor>FF101010</focusedcolor>
    <textoffsetx>20</textoffsetx>
    <onleft>SetFocus(4)</onleft>
    <onright>SetFocus(3)</onright>
    <texturenofocus>-</texturenofocus>
    <texturefocus>settings_button_focus.png</texturefocus>
  </control>
  <control type="button" id="6">
    <description>settings button</description>
    <width>155</width>
    <height>41</height>
    <font>Font_SetContentMenu</font>
    <label>5</label>
    <align>left</align>
    <focusedcolor>FF101010</focusedcolor>
    <textoffsetx>20</textoffsetx>
    <onleft>SetFocus(4)</onleft>
    <onright>SetFocus(3)</onright>
    <texturenofocus>-</texturenofocus>
    <texturefocus>settings_button_focus.png</texturefocus>
  </control>
  </control>
  <control type="image">
    <description>front glass</description>
    <posx>-10</posx>
    <posy>0</posy>
    <width>869</width>
    <height>317</height>
    <texture flipx="true">dialogs_setcontent_front.png</texture>
  </control>
  <control type="image">
    <description>front glass</description>
    <posx>-2</posx>
    <posy>0</posy>
    <width>869</width>
    <height>317</height>
    <texture>dialogs_setcontent_front.png</texture>
  </control>
  </control>
	</controls>
</window>