﻿<!-- Aeon MQ 4 -->

<window id="104">
	<controls>
  <control type="group">
    <include>Animation_DialogTopPopup</include>
    <animation effect="slide" start="0,0" end="0,100" time="400" tween="cubic" easing="inout" condition="Window.IsVisible(115) | Window.IsVisible(142)">Conditional</animation>
    <animation effect="slide" start="0,0" end="0,53" time="500" easing="inout" tween="cubic" revertible="false" condition="Control.IsVisible(9000)">Conditional</animation>
    <posx>1280</posx>
    <posy>0</posy>
    <include>Dialogs_Group</include>
    <include>Dialogs_VolumeIcon</include>
  <control type="progress" id="20">
    <include>Dialogs_Progress</include>
    <info>Player.Volume</info>
  </control>
  <control type="label" id="1">
    <include>Dialogs_Label1</include>
    <label>31754</label>
  </control>
  <control type="label">
    <include>Dialogs_Label2</include>
    <label>$LOCALIZE[29802]</label>
    <visible>player.passthrough</visible>
  </control>
  <control type="label">
    <posx>225</posx>
    <posy>18</posy>
    <width>320</width>
    <height>35</height>
    <align>left</align>
		<textcolor>FFe5e5e5</textcolor>
    <font>Font_WeatherTitle</font>
    <label>$INFO[Player.Volume]</label>
    <visible>!player.passthrough</visible>
  </control>
  </control>
	</controls>
</window>