﻿<!-- Aeon MQ 4 -->

<window id="3">
	<defaultcontrol>20</defaultcontrol>
	<allowoverlay>no</allowoverlay>
  <controls>
  <control type="image">
    <include>AnimatedBG</include>
    <texture background="true">$VAR[value_settingsbg]</texture>
    <info background="true">Skin.String(CustomSettings_Background)</info>
  </control>
  <control type="image">
    <include>FullScreenDimensions</include>
    <texture>common_black.png</texture>
    <colordiffuse>c3FFFFFF</colordiffuse>
    <include>Animation_CommonFade</include>
  </control>
  <control type="image">
    <posx>0</posx>
    <posy>335</posy>
    <width>1280</width>
    <height>405</height>
    <texture>$VAR[value_floor]</texture>
    <include>Animation_CommonFade</include>
  </control>

  <!-- Left Panel -->
  <control type="group">
    <posx>20</posx>
    <posy>50</posy>
		<width>620</width>
		<height>647</height>
    <animation effect="slide" start="-640" end="0" time="300" tween="quadratic" easing="out">WindowOpen</animation>
    <animation effect="slide" start="0" end="-640" time="300" tween="quadratic" easing="in">WindowClose</animation>
    <animation effect="fade" time="200" start="75" end="100" reversible="false" condition="Control.HasFocus(20)">Conditional</animation>
    <animation effect="fade" time="200" start="100" end="75" reversible="false" condition="Control.HasFocus(21)">Conditional</animation>
  <control type="image">
    <posx>0</posx>
    <posy>0</posy>
		<width>620</width>
		<height>647</height>
    <texture background="true">panel_list_back_noreflect.png</texture>
  </control>
  <control type="label" id="101">
    <posx>20</posx>
    <posy>24</posy>
    <width>475</width>
    <font>Font_FSInfoArtist</font>
    <scroll>true</scroll>
    <textcolor>dcffffff</textcolor>
  </control>
  <control type="label">
    <posx>538</posx>
    <posy>32</posy>
    <align>right</align>
    <font>Font_MultiplexInfoLabel</font>
    <textcolor>dcffffff</textcolor>
    <label>$INFO[Container(20).NumItems] $LOCALIZE[31210]</label>
  </control>
  </control>
  <!-- Left list -->
  <control type="list" id="20">
    <viewtype label="31450">list</viewtype>
    <posx>19</posx>
    <posy>124</posy>
    <width>621</width>
    <height>525</height>
    <scrolltime>0</scrolltime>
    <onright>21</onright>
    <onup>20</onup>
    <ondown>20</ondown>
    <animation effect="slide" start="-640" end="0" time="300" tween="quadratic" easing="out">WindowOpen</animation>
    <animation effect="slide" start="0" end="-640" time="300" tween="quadratic" easing="in">WindowClose</animation>
    <animation effect="fade" time="200" start="75" end="100" reversible="false" condition="Control.HasFocus(20)">Conditional</animation>
    <animation effect="fade" time="200" start="100" end="75" reversible="false" condition="Control.HasFocus(21)">Conditional</animation>
  <itemlayout height="50">
  <control type="image">
    <posx>12</posx>
    <posy>44</posy>
    <height>1</height>
    <width>600</width>
    <texture>common_line.png</texture>
  </control>
  <control type="label">
    <posx>20</posx>
    <posy>0</posy>
    <width>500</width>
    <height>39</height>
    <font>Font_MultiplexInfoLabel</font>
    <aligny>center</aligny>
    <textcolor>ffe5e5e5</textcolor>
    <selectedcolor>$VAR[value_headercolors]</selectedcolor>
    <info>ListItem.Label</info>
  </control>
  <control type="label">
    <posx>568</posx>
    <posy>0</posy>
    <width>85</width>
    <height>41</height>
    <font>Font_ListDetail</font>
    <align>center</align>
    <aligny>center</aligny>
    <textcolor>ffe5e5e5</textcolor>
    <selectedcolor>$VAR[value_headercolors]</selectedcolor>
    <label>[UPPERCASE]$INFO[ListItem.Size][/UPPERCASE]</label>
  </control>
  </itemlayout>
  <focusedlayout height="50">
  <control type="image">
    <posx>12</posx>
    <posy>44</posy>
    <height>1</height>
    <width>600</width>
    <texture>common_line.png</texture>
  </control>
  <control type="image">
    <posx>8</posx>
    <posy>-5</posy>
    <width>605</width>
    <height>50</height>
    <visible>Control.HasFocus(20)</visible>
    <texture>settings_button_focus.png</texture>
  </control>
  <control type="label">
    <posx>20</posx>
    <posy>0</posy>
    <width>500</width>
    <height>39</height>
    <font>Font_MultiplexInfoLabel</font>
    <aligny>center</aligny>
    <textcolor>ff101010</textcolor>
    <selectedcolor>$VAR[value_headercolors]</selectedcolor>
    <info>ListItem.Label</info>
  </control>
  <control type="label">
    <posx>568</posx>
    <posy>0</posy>
    <width>85</width>
    <height>41</height>
    <font>Font_ListDetail</font>
    <align>center</align>
    <aligny>center</aligny>
    <textcolor>ff101010</textcolor>
    <selectedcolor>$VAR[value_headercolors]</selectedcolor>
    <label>[UPPERCASE]$INFO[ListItem.Size][/UPPERCASE]</label>
  </control>
  <control type="label">
    <posx>20</posx>
    <posy>0</posy>
    <width>500</width>
    <height>39</height>
    <font>Font_MultiplexInfoLabel</font>
    <aligny>center</aligny>
    <textcolor>ffe5e5e5</textcolor>
    <selectedcolor>$VAR[value_headercolors]</selectedcolor>
    <info>ListItem.Label</info>
    <visible>!Control.HasFocus(20)</visible>
  </control>
  <control type="label">
    <posx>568</posx>
    <posy>0</posy>
    <width>85</width>
    <height>41</height>
    <font>Font_ListDetail</font>
    <align>center</align>
    <aligny>center</aligny>
    <textcolor>ffe5e5e5</textcolor>
    <selectedcolor>$VAR[value_headercolors]</selectedcolor>
    <label>[UPPERCASE]$INFO[ListItem.Size][/UPPERCASE]</label>
    <visible>!Control.HasFocus(20)</visible>
  </control>
  </focusedlayout>
  </control>
  <control type="group">
    <animation effect="slide" start="-640" end="0" time="300" tween="quadratic" easing="out">WindowOpen</animation>
    <animation effect="slide" start="0" end="-640" time="300" tween="quadratic" easing="in">WindowClose</animation>
  <control type="image">
    <description>front glass</description>
    <posx>-213</posx>
    <posy>0</posy>
    <width>869</width>
    <height>700</height>
    <texture>dialogs_setcontent_front.png</texture>
  </control>
  <control type="image">
    <description>front glass</description>
    <posx>3</posx>
    <posy>0</posy>
    <width>869</width>
    <height>700</height>
    <texture flipx="true">dialogs_setcontent_front.png</texture>
  </control>
  </control>

  <!-- Right Panel -->
  <control type="group">
    <posx>640</posx>
    <posy>50</posy>
		<width>620</width>
		<height>647</height>
    <animation effect="slide" start="640" end="0" time="300" tween="quadratic" easing="out">WindowOpen</animation>
    <animation effect="slide" start="0" end="640" time="300" tween="quadratic" easing="in">WindowClose</animation>
    <animation effect="fade" time="200" start="75" end="100" reversible="false" condition="Control.HasFocus(21)">Conditional</animation>
    <animation effect="fade" time="200" start="100" end="75" reversible="false" condition="Control.HasFocus(20)">Conditional</animation>
  <control type="image">
    <posx>0</posx>
    <posy>0</posy>
		<width>620</width>
		<height>647</height>
    <texture background="true">panel_list_back_noreflect.png</texture>
  </control>
  <control type="label" id="102">
    <posx>20</posx>
    <posy>24</posy>
    <width>475</width>
    <font>Font_FSInfoArtist</font>
    <scroll>true</scroll>
    <textcolor>dcffffff</textcolor>
  </control>
  <control type="label">
    <posx>538</posx>
    <posy>32</posy>
    <align>right</align>
    <font>Font_MultiplexInfoLabel</font>
    <textcolor>dcffffff</textcolor>
    <label>$INFO[Container(21).NumItems] $LOCALIZE[31210]</label>
  </control>
  </control>
  <!-- Right list -->
  <control type="list" id="21">
    <viewtype label="31450">list</viewtype>
    <posx>640</posx>
    <posy>124</posy>
    <width>620</width>
    <height>525</height>
    <scrolltime>0</scrolltime>
    <onleft>20</onleft>
    <onup>21</onup>
    <ondown>21</ondown>
    <animation effect="slide" start="640" end="0" time="300" tween="quadratic" easing="out">WindowOpen</animation>
    <animation effect="slide" start="0" end="640" time="300" tween="quadratic" easing="in">WindowClose</animation>
    <animation effect="fade" time="200" start="75" end="100" reversible="false" condition="Control.HasFocus(21)">Conditional</animation>
    <animation effect="fade" time="200" start="100" end="75" reversible="false" condition="Control.HasFocus(20)">Conditional</animation>
  <itemlayout height="50">
  <control type="image">
    <posx>12</posx>
    <posy>44</posy>
    <height>1</height>
    <width>600</width>
    <texture>common_line.png</texture>
  </control>
  <control type="label">
    <posx>20</posx>
    <posy>0</posy>
    <width>500</width>
    <height>39</height>
    <font>Font_MultiplexInfoLabel</font>
    <aligny>center</aligny>
    <textcolor>ffe5e5e5</textcolor>
    <selectedcolor>$VAR[value_headercolors]</selectedcolor>
    <info>ListItem.Label</info>
  </control>
  <control type="label">
    <posx>568</posx>
    <posy>0</posy>
    <width>85</width>
    <height>41</height>
    <font>Font_ListDetail</font>
    <align>center</align>
    <aligny>center</aligny>
    <textcolor>ffe5e5e5</textcolor>
    <selectedcolor>$VAR[value_headercolors]</selectedcolor>
    <label>[UPPERCASE]$INFO[ListItem.Size][/UPPERCASE]</label>
  </control>
  </itemlayout>
  <focusedlayout height="50">
  <control type="image">
    <posx>12</posx>
    <posy>44</posy>
    <height>1</height>
    <width>600</width>
    <texture>common_line.png</texture>
  </control>
  <control type="image">
    <posx>8</posx>
    <posy>-5</posy>
    <width>604</width>
    <height>50</height>
    <visible>Control.HasFocus(21)</visible>
    <texture>settings_button_focus.png</texture>
  </control>
  <control type="label">
    <posx>20</posx>
    <posy>0</posy>
    <width>500</width>
    <height>39</height>
    <font>Font_MultiplexInfoLabel</font>
    <aligny>center</aligny>
    <textcolor>ff101010</textcolor>
    <selectedcolor>$VAR[value_headercolors]</selectedcolor>
    <info>ListItem.Label</info>
  </control>
  <control type="label">
    <posx>568</posx>
    <posy>0</posy>
    <width>85</width>
    <height>41</height>
    <font>Font_ListDetail</font>
    <align>center</align>
    <aligny>center</aligny>
    <textcolor>ff101010</textcolor>
    <selectedcolor>$VAR[value_headercolors]</selectedcolor>
    <label>[UPPERCASE]$INFO[ListItem.Size][/UPPERCASE]</label>
  </control>
  <control type="label">
    <posx>20</posx>
    <posy>0</posy>
    <width>500</width>
    <height>39</height>
    <font>Font_MultiplexInfoLabel</font>
    <aligny>center</aligny>
    <textcolor>ffe5e5e5</textcolor>
    <selectedcolor>$VAR[value_headercolors]</selectedcolor>
    <info>ListItem.Label</info>
    <visible>!Control.HasFocus(21)</visible>
  </control>
  <control type="label">
    <posx>568</posx>
    <posy>0</posy>
    <width>85</width>
    <height>41</height>
    <font>Font_ListDetail</font>
    <align>center</align>
    <aligny>center</aligny>
    <textcolor>ffe5e5e5</textcolor>
    <selectedcolor>$VAR[value_headercolors]</selectedcolor>
    <label>[UPPERCASE]$INFO[ListItem.Size][/UPPERCASE]</label>
    <visible>!Control.HasFocus(21)</visible>
  </control>
  </focusedlayout>
  </control>
  <control type="group">
    <posx>620</posx>
    <animation effect="slide" start="640" end="0" time="300" tween="quadratic" easing="out">WindowOpen</animation>
    <animation effect="slide" start="0" end="640" time="300" tween="quadratic" easing="in">WindowClose</animation>
  <control type="image">
    <description>front glass</description>
    <posx>-213</posx>
    <posy>0</posy>
    <width>869</width>
    <height>700</height>
    <texture>dialogs_setcontent_front.png</texture>
  </control>
  <control type="image">
    <description>front glass</description>
    <posx>3</posx>
    <posy>0</posy>
    <width>869</width>
    <height>700</height>
    <texture flipx="true">dialogs_setcontent_front.png</texture>
  </control>
  </control>
	</controls>
</window>