﻿	<!-- Aeon MQ 4 -->

	<fonts>
	<fontset id="Default" unicode="true">
	<font>
	<name>Font_ListSmall2</name>
	<filename>aeon_multiplex.ttf</filename>
	<size>12</size>
	</font>
	<font>
	<name>Font_WallInfoLabel</name>
	<filename>aeon_rss.ttf</filename>
	<size>12</size>
	</font>
	<font>
	<name>Font_CommonLabelSmall</name>
	<filename>aeon_frutiger.ttf</filename>
	<size>11</size>
	</font>
	<font>
	<name>Font_WallPlot</name>
	<filename>aeon_player.ttf</filename>
	<size>14</size>
	<linespacing>1.28</linespacing>
	</font>
	<font>
	<name>Font_TopMenu</name>
	<filename>aeon_multiplex.ttf</filename>
	<size>14</size>
	</font>
	<font>
	<name>font13</name>
	<filename>aeon_frutiger.ttf</filename>
	<size>14</size>
	</font>
	<font>
	<name>Font_ListObjects</name>
	<filename>aeon_multiplex.ttf</filename>
	<size>15</size>
	</font>
	<font>
	<name>Font_CommonLabel</name>
	<filename>aeon_frutiger.ttf</filename>
	<size>14</size>
	</font>
	<font>
	<name>Font_FloorTextDetailLabel</name>
	<filename>aeon_title_ce.ttf</filename>
	<size>15</size>
	</font>
	<font>
	<name>Font_FileBrowserDetail</name>
	<filename>aeon_title.ttf</filename>
	<size>15</size>
	</font>
	<font>
	<name>Font_HomeNowPlayingAlbum</name>
	<filename>aeon_player.ttf</filename>
	<size>16</size>
	</font>
	<font>
	<name>Font_Time</name>
	<filename>aeon_multiplex.ttf</filename>
	<size>16</size>
	</font>
	<font>
	<name>Font_OSDOptions</name>
	<filename>aeon_title.ttf</filename>
	<size>16</size>
	</font>
	<font>
	<name>Font_SettingsButtonSubtitle</name>
	<filename>aeon_settings.ttf</filename>
	<size>16</size>
	</font>
	<font>
	<name>Font_RSS</name>
	<filename>aeon_frutiger.ttf</filename>
	<size>15</size>
	</font>
	<font>
	<name>Font_Debug</name>
	<filename>aeon_edit.ttf</filename>
	<size>16</size>
	<shadow>FF000000</shadow>
	</font>
	<font>
	<name>Font_MultiplexInfoLabel</name>
	<filename>aeon_multiplex.ttf</filename>
	<size>17</size>
	</font>
	<font>
	<name>Font_WallTitleMod</name>
	<filename>aeon_rss.ttf</filename>
	<size>17</size>
	</font>
	<font>
	<name>Font_WallLabelMain</name>
	<filename>aeon_edit.ttf</filename>
	<size>17</size>
	</font>
	<font>
	<name>Font_MultiplexPlotTips</name>
	<filename>aeon_frutiger.ttf</filename>
	<size>15</size>
	</font>
	<font>
	<name>Font_OSDSeek</name>
	<filename>aeon_settings.ttf</filename>
	<size>18</size>
	</font>
	<font>
	<name>Font_WeatherLabel</name>
	<filename>aeon_title.ttf</filename>
	<size>18</size>
	<linespacing>1.6</linespacing>
	</font>
	<font>
	<name>Font_SettingsOptions</name>
	<filename>aeon_title.ttf</filename>
	<size>18</size>
	</font>
	<font>
	<name>Font_MediaWindowMenu</name>
	<filename>aeon_multiplex.ttf</filename>
	<size>18</size>
	</font>
	<font>
	<name>Font_MultiplexPlotPVR</name>
	<filename>aeon_frutiger.ttf</filename>
	<size>18</size>
	<linespacing>1</linespacing>
	</font>
	<font>
	<name>Font_KeyboardShapes</name>
	<filename>aeon_shapes.ttf</filename>
	<size>19</size>
	</font>
	<font>
	<name>Font_AddSourceEdit</name>
	<filename>aeon_edit.ttf</filename>
	<size>20</size>
	</font>
	<font>
	<name>Font_SetContentMenu</name>
	<filename>aeon_settings.ttf</filename>
	<size>20</size>
	</font>
	<font>
	<name>Font_LowListFullTitle</name>
	<filename>aeon_multiplex.ttf</filename>
	<size>20</size>
	</font>
	<font>
	<name>Font_KeyboardEdit</name>
	<filename>aeon_player.ttf</filename>
	<size>21</size>
	</font>
	<font>
	<name>Font_SettingsMainLabelSmall</name>
	<filename>aeon_settings.ttf</filename>
	<size>21</size>
	<linespacing>1.1</linespacing>
	</font>
	<font>
	<name>Font_MultiplexPlotSmall</name>
	<filename>aeon_frutiger.ttf</filename>
	<size>20</size>
	<linespacing>1</linespacing>
	</font>
	<font>
	<name>Font_List</name>
	<filename>aeon_multiplex.ttf</filename>
	<size>22</size>
	</font>
	<font>
	<name>Font_OSDCodecInfo</name>
	<filename>aeon_settings.ttf</filename>
	<size>22</size>
	</font>
	<font>
	<name>Font_FSInfoGenre</name>
	<filename>aeon_multiplex.ttf</filename>
	<size>23</size>
	</font>
	<font>
	<name>Font_MultiplexPlot</name>
	<filename>aeon_frutiger.ttf</filename>
	<size>22</size>
	<linespacing>1</linespacing>
	</font>
	<font>
	<name>Sml_Text_small</name>
	<filename>aeon_menu.ttf</filename>
	<size>23</size>
	</font>
	<font>
	<name>Font_WeatherTitle</name>
	<filename>aeon_title.ttf</filename>
	<size>24</size>
	</font>
	<font>
	<name>Font_SettingsMenuButton</name>
	<filename>aeon_settings.ttf</filename>
	<size>24</size>
	</font>
	<font>
	<name>Font_FloorTextMainLabel</name>
	<filename>aeon_title_ce.ttf</filename>
	<size>28</size>
	</font>
	<font>
	<name>Font_FSInfoArtist</name>
	<filename>aeon_settings.ttf</filename>
	<size>30</size>
	</font>
	<font>
	<name>Font_ProgressLabel</name>
	<filename>aeon_settings.ttf</filename>
	<size>32</size>
	</font>
	<font>
	<name>Font_WelcomeTitle</name>
	<filename>aeon_title.ttf</filename>
	<size>32</size>
	</font>
	<font>
	<name>Font_ProgressLabelBig</name>
	<filename>aeon_settings.ttf</filename>
	<size>35</size>
	</font>
	<font>
	<name>Font_SettingsSectionTitle</name>
	<filename>aeon_settings.ttf</filename>
	<size>36</size>
	</font>
	<font>
	<name>Font_FSInfoYear</name>
	<filename>aeon_edit.ttf</filename>
	<size>37</size>
	</font>
	<font>
	<name>Font_ListPlaylist</name>
	<filename>aeon_settings.ttf</filename>
	<size>40</size>
	</font>
	<font>
	<name>Font_WidgetSmall</name>
	<filename>aeon_title.ttf</filename>
	<size>40</size>
	</font>
	<font>
	<name>Font_ListTrack</name>
	<filename>aeon_settings.ttf</filename>
	<size>42</size>
	</font>
	<font>
	<name>Font_SettingsMainLabelBig</name>
	<filename>aeon_settings.ttf</filename>
	<size>43</size>
	<linespacing>1.1</linespacing>
	</font>
	<font>
	<name>Font_MenuVirtualMetal</name>
	<filename>aeon_kraft.ttf</filename>
	<size>43.5</size>
	</font>
	<font>
	<name>Font_WidgetMedium</name>
	<filename>aeon_title.ttf</filename>
	<size>45</size>
	</font>
	<font>
	<name>Font_MenuHorizonz</name>
	<filename>aeon_acens.ttf</filename>
	<size>48</size>
	</font>
	<font>
	<name>Font_MenuDarkness</name>
	<filename>aeon_titlecaps.ttf</filename>
	<size>50</size>
	</font>
	<font>
	<name>Font_WidgetLarge</name>
	<filename>aeon_title.ttf</filename>
	<size>50</size>
	</font>
	<font>
	<name>Font_MenuVirtualDefault</name>
	<filename>aeon_four.ttf</filename>
	<size>40</size>
	</font>
	<font>
	<name>Font_MenuVirtualClassic</name>
	<filename>aeon_settings.ttf</filename>
	<size>50</size>
	</font>
	<font>
	<name>Font_MultiplexMainLabel</name>
	<filename>aeon_settings.ttf</filename>
	<size>55</size>
	</font>
	<font>
	<name>Font_MenuDefault</name>
	<filename>aeon_four.ttf</filename>
	<size>62</size>
	</font>
	<font>
	<name>Font_MenuMetal</name>
	<filename>aeon_kraft.ttf</filename>
	<size>71</size>
	</font>
	<font>
	<name>Font_MenuClassic</name>
	<filename>aeon_settings.ttf</filename>
	<size>79</size>
	</font>
	<font>
	<name>Sml_Text</name>
	<filename>aeon_menu.ttf</filename>
	<size>80</size>
	</font>
	<font>
	<name>Sml_Text_Big</name>
	<filename>aeon_menu.ttf</filename>
	<size>110</size>
	</font>
	</fontset>

	<fontset id="Cyrillic" unicode="true">
	<font>
	<name>Font_ListSmall2</name>
	<filename>aeon_multiplex_cyr.ttf</filename>
	<size>12</size>
	</font>
	<font>
	<name>Font_WallInfoLabel</name>
	<filename>aeon_rss_cyr.ttf</filename>
	<size>12</size>
	</font>
	<font>
	<name>Font_CommonLabelSmall</name>
	<filename>aeon_frutiger_cyr.ttf</filename>
	<size>11</size>
	</font>
	<font>
	<name>Font_WallPlot</name>
	<filename>aeon_player_cyr.ttf</filename>
	<size>14</size>
	<linespacing>1.28</linespacing>
	</font>
	<font>
	<name>Font_TopMenu</name>
	<filename>aeon_multiplex_cyr.ttf</filename>
	<size>14</size>
	</font>
	<font>
	<name>font13</name>
	<filename>aeon_list_cyr.ttf</filename>
	<size>15</size>
	</font>
	<font>
	<name>Font_ListObjects</name>
	<filename>aeon_multiplex_cyr.ttf</filename>
	<size>15</size>
	</font>
	<font>
	<name>Font_CommonLabel</name>
	<filename>aeon_frutiger_cyr.ttf</filename>
	<size>14</size>
	<linespacing>1</linespacing>
	</font>
	<font>
	<name>Font_FloorTextDetailLabel</name>
	<filename>aeon_title_ce_cyr.ttf</filename>
	<size>15</size>
	</font>
	<font>
	<name>Font_FileBrowserDetail</name>
	<filename>aeon_title_cyr.ttf</filename>
	<size>15</size>
	</font>
	<font>
	<name>Font_HomeNowPlayingAlbum</name>
	<filename>aeon_player_cyr.ttf</filename>
	<size>16</size>
	</font>
	<font>
	<name>Font_Time</name>
	<filename>aeon_multiplex_cyr.ttf</filename>
	<size>16</size>
	</font>
	<font>
	<name>Font_OSDOptions</name>
	<filename>aeon_title_cyr.ttf</filename>
	<size>16</size>
	</font>
	<font>
	<name>Font_SettingsButtonSubtitle</name>
	<filename>aeon_settings_cyr.ttf</filename>
	<size>16</size>
	</font>
	<font>
	<name>Font_RSS</name>
	<filename>aeon_frutiger_cyr.ttf</filename>
	<size>15</size>
	</font>
	<font>
	<name>Font_Debug</name>
	<filename>aeon_edit_cyr.ttf</filename>
	<size>16</size>
	<shadow>FF000000</shadow>
	</font>
	<font>
	<name>Font_MultiplexInfoLabel</name>
	<filename>aeon_multiplex_cyr.ttf</filename>
	<size>17</size>
	</font>
	<font>
	<name>Font_WallTitleMod</name>
	<filename>aeon_rss_cyr.ttf</filename>
	<size>17</size>
	</font>
	<font>
	<name>Font_WallLabelMain</name>
	<filename>aeon_edit_cyr.ttf</filename>
	<size>17</size>
	</font>
	<font>
	<name>Font_MultiplexPlotTips</name>
	<filename>aeon_frutiger_cyr.ttf</filename>
	<size>16</size>
	</font>
	<font>
	<name>Font_OSDSeek</name>
	<filename>aeon_settings_cyr.ttf</filename>
	<size>18</size>
	</font>
	<font>
	<name>Font_WeatherLabel</name>
	<filename>aeon_title_cyr.ttf</filename>
	<size>18</size>
	<linespacing>1.6</linespacing>
	</font>
	<font>
	<name>Font_SettingsOptions</name>
	<filename>aeon_title_cyr.ttf</filename>
	<size>18</size>
	</font>
	<font>
	<name>Font_MediaWindowMenu</name>
	<filename>aeon_multiplex_cyr.ttf</filename>
	<size>18</size>
	</font>
	<font>
	<name>Font_MultiplexPlotPVR</name>
	<filename>aeon_frutiger_cyr.ttf</filename>
	<size>18</size>
	<linespacing>1</linespacing>
	</font>
	<font>
	<name>Font_KeyboardShapes</name>
	<filename>aeon_shapes_cyr.ttf</filename>
	<size>19</size>
	</font>
	<font>
	<name>Font_AddSourceEdit</name>
	<filename>aeon_edit_cyr.ttf</filename>
	<size>20</size>
	</font>
	<font>
	<name>Font_SetContentMenu</name>
	<filename>aeon_settings_cyr.ttf</filename>
	<size>20</size>
	</font>
	<font>
	<name>Font_LowListFullTitle</name>
	<filename>aeon_multiplex_cyr.ttf</filename>
	<size>20</size>
	</font>
	<font>
	<name>Font_KeyboardEdit</name>
	<filename>aeon_player_cyr.ttf</filename>
	<size>21</size>
	</font>
	<font>
	<name>Font_SettingsMainLabelSmall</name>
	<filename>aeon_settings_cyr.ttf</filename>
	<size>21</size>
	<linespacing>1.1</linespacing>
	</font>
	<font>
	<name>Font_MultiplexPlotSmall</name>
	<filename>aeon_frutiger_cyr.ttf</filename>
	<size>20</size>
	<linespacing>1</linespacing>
	</font>
	<font>
	<name>Font_List</name>
	<filename>aeon_multiplex_cyr.ttf</filename>
	<size>22</size>
	</font>
	<font>
	<name>Font_OSDCodecInfo</name>
	<filename>aeon_settings_cyr.ttf</filename>
	<size>22</size>
	</font>
	<font>
	<name>Font_FSInfoGenre</name>
	<filename>aeon_multiplex_cyr.ttf</filename>
	<size>23</size>
	</font>
	<font>
	<name>Font_MultiplexPlot</name>
	<filename>aeon_frutiger_cyr.ttf</filename>
	<size>22</size>
	<linespacing>1</linespacing>
	</font>
	<font>
	<name>Sml_Text_small</name>
	<filename>aeon_menu_cyr.ttf</filename>
	<size>23</size>
	</font>
	<font>
	<name>Font_WeatherTitle</name>
	<filename>aeon_title_cyr.ttf</filename>
	<size>24</size>
	</font>
	<font>
	<name>Font_SettingsMenuButton</name>
	<filename>aeon_settings_cyr.ttf</filename>
	<size>24</size>
	</font>
	<font>
	<name>Font_FloorTextMainLabel</name>
	<filename>aeon_title_ce_cyr.ttf</filename>
	<size>28</size>
	</font>
	<font>
	<name>Font_FSInfoArtist</name>
	<filename>aeon_settings_cyr.ttf</filename>
	<size>30</size>
	</font>
	<font>
	<name>Font_ProgressLabel</name>
	<filename>aeon_settings_cyr.ttf</filename>
	<size>32</size>
	</font>
	<font>
	<name>Font_WelcomeTitle</name>
	<filename>aeon_title_cyr.ttf</filename>
	<size>32</size>
	</font>
	<font>
	<name>Font_ProgressLabelBig</name>
	<filename>aeon_settings_cyr.ttf</filename>
	<size>35</size>
	</font>
	<font>
	<name>Font_SettingsSectionTitle</name>
	<filename>aeon_settings_cyr.ttf</filename>
	<size>36</size>
	</font>
	<font>
	<name>Font_FSInfoYear</name>
	<filename>aeon_edit_cyr.ttf</filename>
	<size>37</size>
	</font>
	<font>
	<name>Font_ListPlaylist</name>
	<filename>aeon_settings_cyr.ttf</filename>
	<size>40</size>
	</font>
	<font>
	<name>Font_WidgetSmall</name>
	<filename>aeon_title_cyr.ttf</filename>
	<size>40</size>
	</font>
	<font>
	<name>Font_ListTrack</name>
	<filename>aeon_settings_cyr.ttf</filename>
	<size>42</size>
	</font>
	<font>
	<name>Font_SettingsMainLabelBig</name>
	<filename>aeon_settings_cyr.ttf</filename>
	<size>43</size>
	<linespacing>1.1</linespacing>
	</font>
	<font>
	<name>Font_MenuVirtualMetal</name>
	<filename>aeon_kraft_cyr.ttf</filename>
	<size>43.5</size>
	</font>
	<font>
	<name>Font_WidgetMedium</name>
	<filename>aeon_title_cyr.ttf</filename>
	<size>45</size>
	</font>
	<font>
	<name>Font_MenuHorizonz</name>
	<filename>aeon_acens_cyr.ttf</filename>
	<size>48</size>
	</font>
	<font>
	<name>Font_MenuDarkness</name>
	<filename>aeon_titlecaps_cyr.ttf</filename>
	<size>50</size>
	</font>
	<font>
	<name>Font_WidgetLarge</name>
	<filename>aeon_title_cyr.ttf</filename>
	<size>50</size>
	</font>
	<font>
	<name>Font_MenuVirtualDefault</name>
	<filename>aeon_four_cyr.ttf</filename>
	<size>40</size>
	</font>
	<font>
	<name>Font_MenuVirtualClassic</name>
	<filename>aeon_settings_cyr.ttf</filename>
	<size>50</size>
	</font>
	<font>
	<name>Font_MultiplexMainLabel</name>
	<filename>aeon_settings_cyr.ttf</filename>
	<size>55</size>
	</font>
	<font>
	<name>Font_MenuDefault</name>
	<filename>aeon_four_cyr.ttf</filename>
	<size>62</size>
	</font>
	<font>
	<name>Font_MenuMetal</name>
	<filename>aeon_kraft_cyr.ttf</filename>
	<size>71</size>
	</font>
	<font>
	<name>Font_MenuClassic</name>
	<filename>aeon_settings_cyr.ttf</filename>
	<size>79</size>
	</font>
	<font>
	<name>Sml_Text</name>
	<filename>aeon_menu_cyr.ttf</filename>
	<size>80</size>
	</font>
	<font>
	<name>Sml_Text_Big</name>
	<filename>aeon_menu_cyr.ttf</filename>
	<size>110</size>
	</font>
	</fontset>
	</fonts>