﻿<!-- Aeon MQ 4 -->

<window id="2006">
  <allowoverlay>no</allowoverlay>
  <onload condition="System.HasAddon(script.artistslideshow)">RunScript(script.artistslideshow)</onload>
  <onload condition="Skin.HasSetting(lyrics_on)">RunScript($INFO[Skin.String(LyricScript_Path)])</onload>
	<controls>
	<control type="visualisation" id="2">
    <include>FullScreenDimensions</include>
    <animation effect="fade" start="0" end="100" time="400">Visible</animation>
    <animation effect="fade" start="100" end="0" time="200">Hidden</animation>
    <visible>[StringCompare(Visualisation.Name,milkdrop) | StringCompare(Visualisation.Name,projectm)] + !Skin.HasSetting(vis_fanartbg)</visible>
  </control>
  <control type="image"><!-- Fanart -->
    <include>FullScreenDimensions</include>
		<timeperimage>6000</timeperimage>
		<randomize>true</randomize>
		<fadetime>FanartCrossFadeTime</fadetime>
    <texture background="true" fallback="special://skin/backgrounds/default.jpg">$INFO[MusicPlayer.Property(Fanart_image)]</texture>
    <animation effect="zoom" start="110" end="130" center="auto" time="10000" tween="cubic" easing="inout" pulse="true" condition="Skin.HasSetting(visanimation_panscan)">Conditional</animation>
    <animation effect="slide" start="-10,-10" end="10,10" time="5000" tween="cubic" easing="inout" pulse="true" condition="Skin.HasSetting(visanimation_panscan)">Conditional</animation>
    <animation effect="fade" start="0" end="100" time="400">Visible</animation>
    <animation effect="fade" start="100" end="0" time="200">Hidden</animation>
    <animation effect="fade" start="100" end="30" time="0" condition="[StringCompare(Visualisation.Name,milkdrop) | StringCompare(Visualisation.Name,projectm)] + Skin.HasSetting(vis_fanartvisbg)">Conditional</animation>
    <visible>!Skin.HasSetting(vis_visbg) + ![Skin.HasSetting(extrafanartaudio) + !IsEmpty(Control.GetLabel(556))]</visible>
  </control>
  <control type="multiimage" id="556"><!-- Extra Fanart Music -->
    <include>FullScreenDimensions</include>
		<timeperimage>6000</timeperimage>
		<randomize>true</randomize>
		<fadetime>FanartCrossFadeTime</fadetime>
    <imagepath background="true">$INFO[Skin.String(CustomMusicLogoPath)]$INFO[MusicPlayer.Artist,,/extrafanart/]</imagepath>
    <animation effect="zoom" start="110" end="130" center="auto" time="10000" tween="cubic" easing="inout" pulse="true" condition="Skin.HasSetting(visanimation_panscan)">Conditional</animation>
    <animation effect="slide" start="-10,-10" end="10,10" time="5000" tween="cubic" easing="inout" pulse="true" condition="Skin.HasSetting(visanimation_panscan)">Conditional</animation>
    <animation effect="fade" start="0" end="100" time="400">Visible</animation>
    <animation effect="fade" start="100" end="0" time="200">Hidden</animation>
    <animation effect="fade" start="100" end="30" time="0" condition="[StringCompare(Visualisation.Name,milkdrop) | StringCompare(Visualisation.Name,projectm)] + Skin.HasSetting(vis_fanartvisbg)">Conditional</animation>
    <visible>Skin.HasSetting(extrafanartaudio) + !Skin.HasSetting(vis_visbg)</visible>
  </control>
  <control type="visualisation" id="2">
    <include>FullScreenDimensions</include>
    <animation effect="fade" start="0" end="100" time="400">Visible</animation>
    <animation effect="fade" start="100" end="0" time="200">Hidden</animation>
    <visible>![StringCompare(Visualisation.Name,milkdrop) | StringCompare(Visualisation.Name,projectm) | Skin.HasSetting(vis_fanartbg)]</visible>
  </control>
  <control type="group">
    <include>Animation_OpenCloseZoom</include>

  <control type="group" id="555">
    <posx>0</posx>
    <posy>0</posy>
    <width>1280</width>
    <height>48</height>
    <visible>Player.ShowInfo + ![Window.IsActive(120) | Control.IsVisible(998)]</visible>
    <animation type="WindowOpen" reversible="false">
    <effect type="fade" start="20" end="100" time="1000" delay="1000" />
    <effect type="slide" start="0,-48" end="0,0" time="500" delay="1000" tween="cubic" easing="out" />
  </animation>
    <animation type="Visible" reversible="false">
    <effect type="fade" start="20" end="100" time="400" delay="400" />
    <effect type="slide" start="0,-48" end="0,0" time="400" delay="400" tween="cubic" easing="out" />
  </animation>
  <animation type="Hidden" reversible="false">
    <effect type="fade" start="100" end="0" time="400" delay="400" />
    <effect type="slide" start="0,0" end="0,-48" time="400" delay="400" tween="cubic" easing="out" />
  </animation>
  <animation effect="slide" start="0,0" end="0,-48" time="400" tween="cubic" easing="out" condition="Skin.HasSetting(novisfurniture)">Conditional</animation>
  <control type="image">
    <posx>0</posx>
    <posy>-40</posy>
    <width>1280</width>
    <height>110</height>
    <texture background="true">topmenu_bar.png</texture>
    <colordiffuse>$VAR[value_texturecolors]</colordiffuse>
    <animation effect="fade" end="85" condition="true">Conditional</animation>
    <visible>Player.HasAudio</visible>
  </control>
  <control type="label">
    <posx>20</posx>
    <posy>-6</posy>
    <width>600</width>
    <height>48</height>
    <aligny>center</aligny>
    <font>Font_OSDCodecInfo</font>
    <textcolor>c0FFFFFF</textcolor>
    <label>$LOCALIZE[31332]: $INFO[MusicPlayer.PlayListLength]</label>
  </control>
  <control type="label">
    <posx>1260</posx>
    <posy>-6</posy>
    <width>600</width>
    <height>48</height>
    <align>right</align>
    <aligny>center</aligny>
    <font>Font_OSDCodecInfo</font>
    <textcolor>c0FFFFFF</textcolor>
    <label>$LOCALIZE[31309]: $INFO[MusicPlayer.PlayListPosition]</label>
  </control>
  </control>
  
  <!-- Now Player Group -->
  <control type="group">
    <posx>0</posx>
    <posy>775</posy>
    <animation effect="slide" start="0,0" end="-400,0" time="400" tween="cubic" easing="inout" condition="IsEmpty(Window(Visualisation).Property(ArtistSlideshow))">Conditional</animation>
    <animation effect="slide" start="0,0" end="0,270" time="400" tween="cubic" easing="inout" condition="Window.IsVisible(120)">Conditional</animation>
    <animation effect="slide" start="0,0" end="0,300" time="700" tween="cubic" easing="out" condition="Skin.HasSetting(novisfurniture)">Conditional</animation>
    <animation effect="slide" start="0,0" end="-900,0" time="400" tween="cubic" easing="inout" condition="Skin.HasSetting(furniture_cdart)">Conditional</animation>
    <animation effect="slide" start="0,720" end="0,-300" time="700" tween="cubic" easing="out" delay="400">WindowOpen</animation>
    <animation effect="slide" start="0,-300" end="0,0" time="400" tween="cubic" easing="in" delay="400">WindowClose</animation>
    <animation effect="slide" start="0,0" end="0,-28" time="700" tween="cubic" easing="out" delay="400" condition="!IsEmpty(MusicPlayer.offset(1).Artist)">Conditional</animation>
	<control type="image">
    <posx>550</posx>
    <posy>75</posy>
    <width>200</width>
    <height>80</height>
    <texture fallback="flags/music/genre/genre.png" background="true">$INFO[Skin.String(CustomMusicLogoPath)]$INFO[MusicPlayer.Artist,,/logo.png]</texture>
    <fadetime>300</fadetime>
    <aspectratio align="center">keep</aspectratio>
    <animation effect="fade" end="60" condition="true">Conditional</animation>
  </control>
	<control type="image">
    <posx>0</posx>
    <posy>-27</posy>
    <height>280</height>
    <width>1280</width>
    <texture background="true">now_player_fullscreen.png</texture>
    <colordiffuse>$VAR[value_texturecolors]</colordiffuse>
  </control>
  <control type="image">
    <posx>400</posx>
    <posy>-20</posy>
    <width>24</width>
    <height>264</height>
    <texture>common_grey.png</texture>
    <colordiffuse>75000000</colordiffuse>
  </control>
  <control type="group">
    <posx>820</posx>
    <visible>Player.HasAudio</visible>
    <animation effect="slide" start="0,0" end="140,0" time="800" delay="3000" tween="sine" easing="inout" condition="Player.HasAudio">Conditional</animation>
    <animation effect="slide" end="-140,0" time="800" tween="sine" easing="inout" condition="Skin.HasSetting(noviscdart)">Conditional</animation>
    <animation effect="fade" start="100" end="0,0" time="300" delay="500" condition="Skin.HasSetting(noviscdart)">Conditional</animation>
  <control type="image">
    <animation effect="rotate" end="-360" center="auto" time="4000" loop="true" reversible="false" condition="!Player.Paused">Conditional</animation>
    <posx>0</posx>
    <posy>-20</posy>
    <width>350</width>
    <height>264</height>
    <aligny>top</aligny>
    <texture background="true">cdart.png</texture>
    <aspectratio align="bottom">keep</aspectratio>
  </control>
  <control type="image">
    <animation effect="rotate" end="-360" center="auto" time="4000" loop="true" reversible="false" condition="!Player.Paused">Conditional</animation>
    <posx>0</posx>
    <posy>-20</posy>
    <width>350</width>
    <height>264</height>
    <aligny>top</aligny>
    <texture background="true" diffuse="cdart_diffuse.png">$INFO[Player.FolderPath]cdart.png</texture>
    <aspectratio align="bottom">keep</aspectratio>
  </control>
  </control>
  <control type="image">
    <posx>890</posx>
    <posy>-20</posy>
    <width>350</width>
    <height>264</height>
    <fadetime>200</fadetime>
    <texture background="true" diffuse="thumb_cdcover_mask_cdart.png">$INFO[MusicPlayer.Cover]</texture>
    <aspectratio align="left">keep</aspectratio>
  </control>
  <control type="multiimage">
    <posx>39</posx>
    <posy>-20</posy>
    <width>360</width>
    <height>264</height>
		<timeperimage>5000</timeperimage>
		<randomize>true</randomize>
		<fadetime>FanartCrossFadeTime</fadetime>
    <imagepath fallback="DefaultPicture.png" background="true">$VAR[value_artistslideshowimage]</imagepath>
    <aspectratio align="right">keep</aspectratio>
  </control>
  <control type="label">
    <posx>435</posx>
    <posy>-20</posy>
    <width>444</width>
    <height>30</height>
    <align>left</align>
    <font>Font_ListPlaylist</font>
    <textcolor>ccFFFFFF</textcolor>
    <label>$INFO[MusicPlayer.Artist]</label>
    <scroll>true</scroll>
    <scrollout>false</scrollout>
  </control>
  <control type="label">
    <posx>435</posx>
    <posy>17</posy>
    <width>444</width>
    <height>20</height>
    <align>left</align>
    <font>Font_OSDCodecInfo</font>
    <textcolor>ccFFFFFF</textcolor>
    <label>$INFO[MusicPlayer.Album][COLOR=80ffffff] | [/COLOR]$INFO[MusicPlayer.TrackNumber,, : ]$INFO[MusicPlayer.Title][COLOR=80ffffff] | [/COLOR]$INFO[MusicPlayer.Year][COLOR=80ffffff] | [/COLOR]$INFO[MusicPlayer.Genre]</label>
    <scroll>true</scroll>
    <scrollout>false</scrollout>
  </control>
  <control type="image">
    <posx>415</posx>
    <posy>48</posy>
    <width>444</width>
    <height>2</height>
    <texture>common_divider.png</texture>
  </control>
  <control type="textbox">
	  <posx>435</posx>
    <posy>56</posy>
    <width>444</width>
    <height>128</height>
    <align>justify</align>
    <label>$VAR[value_nowplayingplot]</label>
    <textcolor>c0FFFFFF</textcolor>
    <font>Font_MultiplexPlotTips</font>
    <autoscroll delay="8000" time="6000" repeat="8000">!Skin.HasSetting(noallowscroll)</autoscroll>
  </control>
  <control type="image">
    <posx>415</posx>
    <posy>192</posy>
    <width>444</width>
    <height>2</height>
    <texture>common_divider.png</texture>
  </control>
  <control type="image">
    <description>Codec</description>
    <posx>435</posx>
    <posy>185</posy>
    <width>80</width>
    <height>75</height>
    <aspectratio>true</aspectratio>
    <texture>$INFO[MusicPlayer.Codec,flags/music/audiocodec/,.png]</texture>
  </control>
  <control type="label">
    <posx>525</posx>
    <posy>196</posy>
    <width>400</width>
    <height>24</height>
    <align>left</align>
    <aligny>-</aligny>
    <textcolor>c0FFFFFF</textcolor>
    <font>Font_OSDOptions</font>
    <label>$LOCALIZE[31333] $INFO[MusicPlayer.Channels][COLOR=80ffffff] | [/COLOR]$INFO[MusicPlayer.SampleRate,,KHZ][COLOR=80ffffff] | [/COLOR]$INFO[MusicPlayer.BitRate,,Kbps][COLOR=80ffffff] | [/COLOR]$INFO[MusicPlayer.BitsPerSample,,Bits]</label>
  </control>
  <control type="progress">
    <posx>525</posx>
    <posy>217</posy>
    <width>353</width>
    <height>23</height>
    <info>Player.Progress</info>
    <animation effect="fade" end="80" condition="true">Conditional</animation>
  </control>
  <control type="label">
    <posx>650</posx>
    <posy>219</posy>
    <width>400</width>
    <height>24</height>
    <align>left</align>
    <aligny>-</aligny>
    <textcolor>c0FFFFFF</textcolor>
    <font>Font_OSDOptions</font>
    <label>$INFO[MusicPlayer.Time] / $INFO[MusicPlayer.Duration]</label>
  </control>
  </control>
  <control type="group">
    <posy>29</posy>
    <animation effect="slide" start="0,720" end="0,-28" time="700" tween="cubic" easing="out" delay="400">WindowOpen</animation>
    <animation effect="slide" start="0,-28" end="0,0" time="400" tween="cubic" easing="in" delay="400">WindowClose</animation>
    <animation effect="slide" start="0,0" end="0,30" time="700" tween="cubic" easing="out" condition="Skin.HasSetting(novisfurniture)">Conditional</animation>
    <visible>!IsEmpty(MusicPlayer.offset(1).Artist)</visible>
  <control type="image">
    <posx>0</posx>
    <posy>680</posy>
    <height>55</height>
    <width>1280</width>
    <texture background="true">topmenu_bar.png</texture>
    <colordiffuse>$VAR[value_texturecolors]</colordiffuse>
    <animation effect="fade" end="85" condition="true">Conditional</animation>
  </control>
    <control type="label">
	  <posx>20</posx>
    <posy>699</posy>
    <width>1240</width>
    <height>25</height>
    <align>left</align>
    <textcolor>48FFFFFF</textcolor>
    <font>Font_RSS</font>
    <label>[COLOR=$VAR[value_headercolors]]$LOCALIZE[31325]: [/COLOR]$INFO[MusicPlayer.offset(1).Artist,[COLOR=80ffffff]1: [/COLOR]]$INFO[MusicPlayer.offset(1).Title, - ] $INFO[MusicPlayer.offset(2).Artist,[COLOR=FF101010] | [/COLOR][COLOR=80ffffff]2: [/COLOR]]$INFO[MusicPlayer.offset(2).Title, - ] $INFO[MusicPlayer.offset(3).Artist,[COLOR=FF101010] | [/COLOR][COLOR=80ffffff]3: [/COLOR]]$INFO[MusicPlayer.offset(3).Title, - ] $INFO[MusicPlayer.offset(4).Artist,[COLOR=FF101010] | [/COLOR][COLOR=80ffffff]4: [/COLOR]]$INFO[MusicPlayer.offset(4).Title, - ] $INFO[MusicPlayer.offset(5).Artist,[COLOR=FF101010] | [/COLOR][COLOR=80ffffff]5: [/COLOR]]$INFO[MusicPlayer.offset(5).Title, - ] $INFO[MusicPlayer.offset(6).Artist,[COLOR=FF101010] | [/COLOR][COLOR=80ffffff]6: [/COLOR]]$INFO[MusicPlayer.offset(6).Title, - ] $INFO[MusicPlayer.offset(7).Artist,[COLOR=FF101010] | [/COLOR][COLOR=80ffffff]7: [/COLOR]]$INFO[MusicPlayer.offset(7).Title, - ] $INFO[MusicPlayer.offset(8).Artist,[COLOR=FF101010] | [/COLOR][COLOR=80ffffff]8: [/COLOR]]$INFO[MusicPlayer.offset(8).Title, - ] $INFO[MusicPlayer.offset(9).Artist,[COLOR=FF101010] | [/COLOR][COLOR=80ffffff]9: [/COLOR]]$INFO[MusicPlayer.offset(9).Title, - ] $INFO[MusicPlayer.offset(10).Artist,[COLOR=FF101010] | [/COLOR][COLOR=80ffffff]10: [/COLOR]]$INFO[MusicPlayer.offset(10).Title, - ] $INFO[MusicPlayer.offset(11).Artist,[COLOR=FF101010] | [/COLOR][COLOR=80ffffff]11: [/COLOR]]$INFO[MusicPlayer.offset(11).Title, - ] $INFO[MusicPlayer.offset(12).Artist,[COLOR=FF101010] | [/COLOR][COLOR=80ffffff]12: [/COLOR]]$INFO[MusicPlayer.offset(12).Title, - ] $INFO[MusicPlayer.offset(13).Artist,[COLOR=FF101010] | [/COLOR][COLOR=80ffffff]13: [/COLOR]]$INFO[MusicPlayer.offset(13).Title, - ] $INFO[MusicPlayer.offset(14).Artist,[COLOR=FF101010] | [/COLOR][COLOR=80ffffff]14: [/COLOR]]$INFO[MusicPlayer.offset(14).Title, - ] $INFO[MusicPlayer.offset(15).Artist,[COLOR=FF101010] | [/COLOR][COLOR=80ffffff]15: [/COLOR]]$INFO[MusicPlayer.offset(15).Title, - ] $INFO[MusicPlayer.offset(16).Artist,[COLOR=FF101010] | [/COLOR][COLOR=80ffffff]16: [/COLOR]]$INFO[MusicPlayer.offset(16).Title, - ] $INFO[MusicPlayer.offset(17).Artist,[COLOR=FF101010] | [/COLOR][COLOR=80ffffff]17: [/COLOR]]$INFO[MusicPlayer.offset(17).Title, - ] $INFO[MusicPlayer.offset(18).Artist,[COLOR=FF101010] | [/COLOR][COLOR=80ffffff]18: [/COLOR]]$INFO[MusicPlayer.offset(18).Title, - ] $INFO[MusicPlayer.offset(19).Artist,[COLOR=FF101010] | [/COLOR][COLOR=80ffffff]19: [/COLOR]]$INFO[MusicPlayer.offset(19).Title, - ] $INFO[MusicPlayer.offset(20).Artist,[COLOR=FF101010] | [/COLOR][COLOR=80ffffff]20: [/COLOR]]$INFO[MusicPlayer.offset(20).Title, - ] $INFO[MusicPlayer.offset(21).Artist,[COLOR=FF101010] | [/COLOR][COLOR=80ffffff]21: [/COLOR]]$INFO[MusicPlayer.offset(21).Title, - ] $INFO[MusicPlayer.offset(22).Artist,[COLOR=FF101010] | [/COLOR][COLOR=80ffffff]22: [/COLOR]]$INFO[MusicPlayer.offset(22).Title, - ] $INFO[MusicPlayer.offset(23).Artist,[COLOR=FF101010] | [/COLOR][COLOR=80ffffff]23: [/COLOR]]$INFO[MusicPlayer.offset(23).Title, - ] $INFO[MusicPlayer.offset(24).Artist,[COLOR=FF101010] | [/COLOR][COLOR=80ffffff]24: [/COLOR]]$INFO[MusicPlayer.offset(24).Title, - ] $INFO[MusicPlayer.offset(25).Artist,[COLOR=FF101010] | [/COLOR][COLOR=80ffffff]25: [/COLOR]]$INFO[MusicPlayer.offset(25).Title, - ]</label>
    <scroll>true</scroll>
    <scrollout>false</scrollout>
    <pauseatend>3000</pauseatend>
	</control>
	</control>
	</control>
  <include>BGBlack</include>
	</controls>
</window>
