﻿<!-- Aeon MQ 4 -->

<window id="503">
	<defaultcontrol>50</defaultcontrol>
	<allowoverlay>yes</allowoverlay>
  <controls>
 <control type="multiimage"><!-- Fanart -->
    <include>FullScreenDimensions</include>
		<timeperimage>6000</timeperimage>
		<randomize>true</randomize>
		<fadetime>FanartCrossFadeTime</fadetime>
		<animation effect="zoom" start="110" end="130" center="auto" time="10000" tween="cubic" easing="inout" pulse="true" condition="Skin.HasSetting(animation_panscan)">Conditional</animation>
		<animation effect="slide" start="-10,-10" end="10,10" time="5000" tween="cubic" easing="inout" pulse="true" condition="Skin.HasSetting(animation_panscan)">Conditional</animation>
		<animation effect="slide" start="1280,0" end="0,0" time="500" tween="cubic" easing="out" reversible="false" condition="Skin.HasSetting(animation_slide) + Control.IsVisible(110)">Conditional</animation>
		<animation effect="slide" start="-1280,0" end="0,0" time="500" tween="cubic" easing="out" reversible="false" condition="Skin.HasSetting(animation_slide) + Control.IsVisible(111)">Conditional</animation>
    <imagepath background="true" fallback="special://skin/backgrounds/default.jpg">$VAR[value_audiofanart]</imagepath>
  </control>
    <include>Furniture_Floor</include>
    
  <control type="group">
    <include>Animation_OpenCloseZoom</include>
  <control type="group">
  <control type="largeimage">
    <posx>40</posx>
    <posy>130</posy>
    <width>559</width>
    <height>530</height>
    <texture>panel_list_back.png</texture>
  </control>
  <control type="largeimage">
    <posx>675</posx>
    <posy>130</posy>
    <width>559</width>
    <height>530</height>
    <texture>panel_list_back.png</texture>
  </control>

  <control type="list" id="50">
  <viewtype label="31801">list</viewtype>
    <posx>0</posx>
    <posy>198</posy>
    <width>593</width>
    <height>387</height>
    <pagecontrol>61</pagecontrol>
    <onleft>7000</onleft>
    <onright>61</onright>
    <onup>50</onup>
    <ondown>50</ondown>
    <animation effect="fade" time="200">Hidden</animation>
    <animation effect="fade" time="200">WindowOpen</animation>
    <animation effect="fade" time="200">WindowClose</animation>
    <animation effect="fade" start="100" end="50" time="200" condition="!Control.HasFocus(50)">Conditional</animation>
  <itemlayout height="43">
  <control type="image">
    <posx>46</posx>
    <posy>43</posy>
    <height>1</height>
    <width>593</width>
    <texture>common_line.png</texture>
  </control>
  <control type="label">
		<posx>70</posx>
		<posy>0</posy>
		<width>430</width>
		<height>41</height>
		<font>Font_List</font>
		<aligny>center</aligny>
    <include>listcolornofocus</include>
    <info>ListItem.Label</info>
  </control>
  </itemlayout>
  <focusedlayout height="43">
  <control type="image">
    <posx>46</posx>
    <posy>43</posy>
    <height>1</height>
    <width>593</width>
    <texture>common_line.png</texture>
  </control>
  <control type="image">
    <posx>46</posx>
    <posy>0</posy>
    <width>593</width>
    <height>47</height>
    <texture>settings_button_focus.png</texture>
    <colordiffuse>$VAR[value_texturecolors]</colordiffuse>
    <include>Animation_ButtonFocusFade</include>
  </control>
  <control type="label">
		<posx>70</posx>
		<posy>0</posy>
		<width>430</width>
		<height>41</height>
		<font>Font_List</font>
		<aligny>center</aligny>
    <include>listcolornofocus</include>
    <info>ListItem.Label</info>
  </control>
  <control type="label">
		<posx>70</posx>
		<posy>0</posy>
		<width>430</width>
		<height>41</height>
		<font>Font_List</font>
		<aligny>center</aligny>
    <include>listcolorfocus</include>
    <info>ListItem.Label</info>
    <include>Animation_ButtonFocusFade</include>
  </control>
  </focusedlayout>
  </control>
  <control type="scrollbar" id="61">
    <include>ScrollBar_Vertical</include>
    <posx>590</posx>
    <posy>195</posy>
    <height>392</height>
    <onup>61</onup>
    <ondown>61</ondown>
    <onleft>50</onleft>
    <onright>100</onright>
  </control>
  <control type="image">
    <description>front glass</description>
    <posx>0</posx>
    <posy>80</posy>
    <width>610</width>
    <height>590</height>
    <texture>dialogs_setcontent_front.png</texture>
  </control>
  <control type="image">
    <description>front glass</description>
    <posx>29</posx>
    <posy>80</posy>
    <width>610</width>
    <height>590</height>
    <texture flipx="true">dialogs_setcontent_front.png</texture>
  </control>
  <control type="list" id="100">
  <viewtype label="31801">list</viewtype>
    <posx>635</posx>
    <posy>198</posy>
    <width>593</width>
    <height>387</height>
    <pagecontrol>62</pagecontrol>
    <onleft>50</onleft>
    <onright>62</onright>
    <onup>100</onup>
    <ondown>100</ondown>
    <animation effect="fade" time="200">Hidden</animation>
    <animation effect="fade" time="200">WindowOpen</animation>
    <animation effect="fade" time="200">WindowClose</animation>
    <animation effect="fade" start="100" end="50" time="200" condition="!Control.HasFocus(100)">Conditional</animation>
  <itemlayout height="43">
  <control type="image">
    <posx>46</posx>
    <posy>43</posy>
    <height>1</height>
    <width>593</width>
    <texture>common_line.png</texture>
  </control>
  <control type="label">
		<posx>70</posx>
		<posy>0</posy>
		<width>430</width>
		<height>41</height>
		<font>Font_List</font>
		<aligny>center</aligny>
    <include>listcolornofocus</include>
    <info>ListItem.Label</info>
  </control>
  </itemlayout>
  <focusedlayout height="43">
  <control type="image">
    <posx>46</posx>
    <posy>43</posy>
    <height>1</height>
    <width>593</width>
    <texture>common_line.png</texture>
  </control>
  <control type="image">
    <posx>46</posx>
    <posy>0</posy>
    <width>593</width>
    <height>47</height>
    <texture>settings_button_focus.png</texture>
    <colordiffuse>$VAR[value_texturecolors]</colordiffuse>
    <include>Animation_ButtonFocusFade</include>
  </control>
  <control type="label">
		<posx>70</posx>
		<posy>0</posy>
		<width>430</width>
		<height>41</height>
		<font>Font_List</font>
		<aligny>center</aligny>
    <include>listcolornofocus</include>
    <info>ListItem.Label</info>
  </control>
  <control type="label">
		<posx>70</posx>
		<posy>0</posy>
		<width>430</width>
		<height>41</height>
		<font>Font_List</font>
		<aligny>center</aligny>
    <include>listcolorfocus</include>
    <info>ListItem.Label</info>
    <include>Animation_ButtonFocusFade</include>
  </control>
  </focusedlayout>
  </control>
  <control type="scrollbar" id="62">
    <include>ScrollBar_Vertical</include>
    <posx>1230</posx>
    <posy>195</posy>
    <height>392</height>
    <onup>62</onup>
    <ondown>62</ondown>
    <onleft>100</onleft>
    <onright>-</onright>
  </control>
  <control type="image">
    <description>front glass</description>
    <posx>634.5</posx>
    <posy>80</posy>
    <width>610</width>
    <height>590</height>
    <texture>dialogs_setcontent_front.png</texture>
  </control>
  <control type="image">
    <description>front glass</description>
    <posx>664.5</posx>
    <posy>80</posy>
    <width>610</width>
    <height>590</height>
    <texture flipx="true">dialogs_setcontent_front.png</texture>
  </control>
  </control>
  </control>
  
	<!-- Furniture -->
		<include condition="Skin.HasSetting(nowplayingwidget)">NowPlayingWidget</include>
  <include>BGBlack</include>
  <include>BGGradient</include>
  </controls>
  </window>