﻿<!-- Aeon MQ 4 -->

<window id="25">
	<defaultcontrol always="true">50</defaultcontrol>
	<onunload>Skin.Reset(trailermode)</onunload>
	<onunload condition="Skin.HasSetting(kioskcode)">Skin.Reset($INFO[skin.string(custom_code)])</onunload>
	<onload condition="Skin.HasSetting(ontvtunes) + System.HasAddon(script.tvtunes)">RunScript(script.tvtunes,backend=True)</onload>
	<allowoverlay>no</allowoverlay>
	<views>50,52,53,54,55,57,58,59,510,550,551,552,555,570,571,572,574,575,576,578,579,580</views>
	<controls>
  <control type="multiimage"><!-- Multi Fanart -->
    <include>FullScreenDimensions</include>
		<timeperimage>6000</timeperimage>
		<randomize>true</randomize>
		<fadetime>FanartCrossFadeTime</fadetime>
		<animation effect="zoom" start="110" end="130" center="auto" time="10000" tween="cubic" easing="inout" pulse="true" condition="Skin.HasSetting(animation_panscan)">Conditional</animation>
		<animation effect="slide" start="-10,-10" end="10,10" time="5000" tween="cubic" easing="inout" pulse="true" condition="Skin.HasSetting(animation_panscan)">Conditional</animation>
		<animation effect="slide" start="1280,0" end="0,0" time="500" tween="cubic" easing="out" reversible="false" condition="Skin.HasSetting(animation_slide) + Control.IsVisible(110)">Conditional</animation>
		<animation effect="slide" start="-1280,0" end="0,0" time="500" tween="cubic" easing="out" reversible="false" condition="Skin.HasSetting(animation_slide) + Control.IsVisible(111)">Conditional</animation>
    <imagepath fallback="special://skin/backgrounds/default.jpg" background="true">$VAR[value_videofanart]</imagepath>
  </control>
  <control type="multiimage"><!-- Multi Fanart -->
    <include>FullScreenDimensions</include>
		<timeperimage>6000</timeperimage>
		<randomize>true</randomize>
		<fadetime>FanartCrossFadeTime</fadetime>
		<animation effect="slide" start="0,0" end="-1280,0" time="500" tween="cubic" easing="out" reversible="false" condition="Control.IsVisible(110)">Conditional</animation>
    <imagepath fallback="special://skin/backgrounds/default.jpg" background="true">$VAR[value_videofanart]</imagepath>
    <visible>Skin.HasSetting(animation_slide)</visible>
  </control>
  <control type="multiimage"><!-- Multi Fanart -->
    <include>FullScreenDimensions</include>
		<timeperimage>6000</timeperimage>
		<randomize>true</randomize>
		<fadetime>FanartCrossFadeTime</fadetime>
		<animation effect="slide" start="0,0" end="1280,0" time="500" tween="cubic" easing="out" reversible="false" condition="Control.IsVisible(111)">Conditional</animation>
    <imagepath fallback="special://skin/backgrounds/default.jpg" background="true">$VAR[value_videofanart]</imagepath>
    <visible>Skin.HasSetting(animation_slide)</visible>
  </control>
  <control type="image"><!-- Single Fanart -->
    <include>FullScreenDimensions</include>
		<fadetime>FanartCrossFadeTime</fadetime>
		<animation effect="zoom" start="110" end="130" center="auto" time="10000" tween="cubic" easing="inout" pulse="true" condition="Skin.HasSetting(animation_panscan)">Conditional</animation>
		<animation effect="slide" start="-10,-10" end="10,10" time="5000" tween="cubic" easing="inout" pulse="true" condition="Skin.HasSetting(animation_panscan)">Conditional</animation>
		<animation effect="slide" start="1280,0" end="0,0" time="500" tween="cubic" easing="out" reversible="false" condition="Skin.HasSetting(animation_slide) + Control.IsVisible(110)">Conditional</animation>
		<animation effect="slide" start="-1280,0" end="0,0" time="500" tween="cubic" easing="out" reversible="false" condition="Skin.HasSetting(animation_slide) + Control.IsVisible(111)">Conditional</animation>
    <texture background="true">$VAR[value_defaultvideofanart]</texture>
  </control>
  <control type="image"><!-- Single Fanart -->
    <include>FullScreenDimensions</include>
		<fadetime>FanartCrossFadeTime</fadetime>
		<animation effect="slide" start="0,0" end="-1280,0" time="500" tween="cubic" easing="out" reversible="false" condition="Control.IsVisible(110)">Conditional</animation>
    <texture background="true">$VAR[value_defaultvideofanart]</texture>
    <visible>Skin.HasSetting(animation_slide)</visible>
  </control>
  <control type="image"><!-- Single Fanart -->
    <include>FullScreenDimensions</include>
		<fadetime>FanartCrossFadeTime</fadetime>
		<animation effect="slide" start="0,0" end="1280,0" time="500" tween="cubic" easing="out" reversible="false" condition="Control.IsVisible(111)">Conditional</animation>
    <texture background="true">$VAR[value_defaultvideofanart]</texture>
    <visible>Skin.HasSetting(animation_slide)</visible>
  </control>
  <control type="multiimage" id="5020"><!-- Extra Fanart Movies/TvShows/MusicVideos -->
    <include>InvisibleButton</include>
    <imagepath background="true">$INFO[ListItem.Path]extrafanart/</imagepath>
    <visible>Container.Content(movies) + !Skin.HasSetting(trailers) + Skin.HasSetting(extrafanartmovies) | Container.Content(tvshows) + Skin.HasSetting(extrafanarttvshows) | Container.Content(musicvideos) + Skin.HasSetting(extrafanartmusicvideos)</visible>
  </control>
  <control type="multiimage" id="5021"><!-- Extra Fanart Seasons -->
    <include>InvisibleButton</include>
    <imagepath background="true">$INFO[ListItem.Path,,extrafanart/]</imagepath>
    <visible>Container.Content(seasons) + Skin.HasSetting(extrafanarttvshows)</visible>
  </control>
  <control type="multiimage" id="5022"><!-- Extra Fanart Episodes -->
    <include>InvisibleButton</include>
    <imagepath background="true">$INFO[ListItem.Path,,../extrafanart/]</imagepath>
    <visible>Container.Content(episodes) + Skin.HasSetting(extrafanarttvshows)</visible>
  </control>
  <control type="image" id="5023"><!-- Season Fanart -->
    <include>InvisibleButton</include>
    <texture background="true">$INFO[ListItem.Path]$INFO[ListItem.Label,,/fanart.jpg]</texture>
    <visible>Container.Content(seasons) + Skin.HasSetting(seasonfanart)</visible>
  </control>
  <control type="image" id="5024"><!-- Season Fanart/episodes -->
    <include>InvisibleButton</include>
    <texture background="true">$INFO[ListItem.Path,,fanart.jpg]</texture>
    <visible>Container.Content(episodes) + Skin.HasSetting(seasonfanart)</visible>
  </control>
    <include>LiveBG</include>
  
  <control type="group"><!-- default group -->
	  <include>Animation_OpenCloseZoom</include>
	  
	<control type="image" id="108">
    <include>InvisibleButton</include>
    <animation effect="fade" start="0" end="100" time="150" delay="1000" condition="SubString(skin.string(panel_seconds),1)">Visible</animation>
    <animation effect="fade" start="0" end="100" time="150" delay="2000" condition="SubString(skin.string(panel_seconds),2)">Visible</animation>
    <animation effect="fade" start="0" end="100" time="150" delay="3000" condition="SubString(skin.string(panel_seconds),3)">Visible</animation>
    <animation effect="fade" start="0" end="100" time="150" delay="4000" condition="SubString(skin.string(panel_seconds),4)">Visible</animation>
    <animation effect="fade" start="0" end="100" time="150" delay="5000" condition="SubString(skin.string(panel_seconds),5)">Visible</animation>
    <visible>![Container.OnNext | Container.OnPrevious | IsEmpty(ListItem.Thumb)]</visible>
  </control>
  <control type="image" id="109"><!-- to panel info -->
    <include>InvisibleButton</include>
    <animation effect="fade" start="0" end="100" time="150" delay="1000" condition="SubString(skin.string(panel_seconds),1)">Visible</animation>
    <animation effect="fade" start="0" end="100" time="150" delay="2000" condition="SubString(skin.string(panel_seconds),2)">Visible</animation>
    <animation effect="fade" start="0" end="100" time="150" delay="3000" condition="SubString(skin.string(panel_seconds),3)">Visible</animation>
    <animation effect="fade" start="0" end="100" time="150" delay="4000" condition="SubString(skin.string(panel_seconds),4)">Visible</animation>
    <animation effect="fade" start="0" end="100" time="150" delay="5000" condition="SubString(skin.string(panel_seconds),5)">Visible</animation>
    <visible>![Control.IsVisible(52) + Container.Content(movies) + [SubString(skin.string(movies_info_multiplex),off) | SubString(skin.string(movies_info_multiplex),trigger)] | 
    Control.IsVisible(52) + Container.Content(musicvideos) + [SubString(skin.string(musicvideos_info_multiplex),off) | SubString(skin.string(musicvideos_info_multiplex),trigger)] | 
    Control.IsVisible(52) + Container.Content(tvshows) + [SubString(skin.string(tvshows_info_multiplex),off) | SubString(skin.string(tvshows_info_multiplex),trigger)] | 
    Control.IsVisible(52) + Container.Content(seasons) + [SubString(skin.string(seasons_info_multiplex),off) | SubString(skin.string(seasons_info_multiplex),trigger)] | 
    Control.IsVisible(52) + Container.Content(episodes) + [SubString(skin.string(episodes_info_multiplex),off) | SubString(skin.string(episodes_info_multiplex),trigger)] | 
    Control.IsVisible(52) + Container.Content(files) + [SubString(skin.string(files_info_multiplex),off) | SubString(skin.string(files_info_multiplex),trigger)] | 
    Control.IsVisible(53) + Container.Content(movies) + [SubString(skin.string(movies_info_wall),off) | SubString(skin.string(movies_info_wall),trigger)] | 
    Control.IsVisible(53) + Container.Content(musicvideos) + [SubString(skin.string(musicvideos_info_wall),off) | SubString(skin.string(musicvideos_info_wall),trigger)] | 
    Control.IsVisible(53) + Container.Content(tvshows) + [SubString(skin.string(tvshows_info_wall),off) | SubString(skin.string(tvshows_info_wall),trigger)] | 
    Control.IsVisible(53) + Container.Content(seasons) + [SubString(skin.string(seasons_info_wall),off) | SubString(skin.string(seasons_info_wall),trigger)] | 
    Control.IsVisible(53) + Container.Content(episodes) + [SubString(skin.string(episodes_info_wall),off) | SubString(skin.string(episodes_info_wall),trigger)] | 
    Control.IsVisible(53) + Container.Content(files) + [SubString(skin.string(files_info_wall),off) | SubString(skin.string(files_info_wall),trigger)] | 
    Control.IsVisible(57) + Container.Content(movies) + [SubString(skin.string(movies_info_showcase),off) | SubString(skin.string(movies_info_showcase),trigger)] | 
    Control.IsVisible(57) + Container.Content(musicvideos) + [SubString(skin.string(musicvideos_info_showcase),off) | SubString(skin.string(musicvideos_info_showcase),trigger)] | 
    Control.IsVisible(57) + Container.Content(tvshows) + [SubString(skin.string(tvshows_info_showcase),off) | SubString(skin.string(tvshows_info_showcase),trigger)] | 
    Control.IsVisible(57) + Container.Content(seasons) + [SubString(skin.string(seasons_info_showcase),off) | SubString(skin.string(seasons_info_showcase),trigger)] | 
    Control.IsVisible(57) + Container.Content(episodes) + [SubString(skin.string(episodes_info_showcase),off) | SubString(skin.string(episodes_info_showcase),trigger)] | 
    Control.IsVisible(57) + Container.Content(files) + [SubString(skin.string(files_info_showcase),off) | SubString(skin.string(files_info_showcase),trigger)] | 
    Control.IsVisible(59) + Container.Content(movies) + [SubString(skin.string(movies_info_shelf),off) | SubString(skin.string(movies_info_shelf),trigger)] | 
    Control.IsVisible(59) + Container.Content(tvshows) + [SubString(skin.string(tvshows_info_shelf),off) | SubString(skin.string(tvshows_info_shelf),trigger)] | 
    Control.IsVisible(59) + Container.Content(seasons) + [SubString(skin.string(seasons_info_shelf),off) | SubString(skin.string(seasons_info_shelf),trigger)] | 
    Control.IsVisible(552) + Container.Content(movies) + [SubString(skin.string(movies_info_multiplexlandscape),off) | SubString(skin.string(movies_info_multiplexlandscape),trigger)] | 
    Control.IsVisible(552) + Container.Content(tvshows) + [SubString(skin.string(tvshows_info_multiplexlandscape),off) | SubString(skin.string(tvshows_info_multiplexlandscape),trigger)] | 
    Control.IsVisible(552) + Container.Content(seasons) + [SubString(skin.string(seasons_info_multiplexlandscape),off) | SubString(skin.string(seasons_info_multiplexlandscape),trigger)] | 
    Control.IsVisible(552) + Container.Content(episodes) + [SubString(skin.string(episodes_info_multiplexlandscape),off) | SubString(skin.string(episodes_info_multiplexlandscape),trigger)] | 
    Control.IsVisible(555) + Container.Content(movies) + [SubString(skin.string(movies_info_showart),off) | SubString(skin.string(movies_info_showart),trigger)] | 
    Control.IsVisible(555) + Container.Content(musicvideos) + [SubString(skin.string(musicvideos_info_showart),off) | SubString(skin.string(musicvideos_info_showart),trigger)] | 
    Control.IsVisible(555) + Container.Content(tvshows) + [SubString(skin.string(tvshows_info_showart),off) | SubString(skin.string(tvshows_info_showart),trigger)] | 
    Control.IsVisible(555) + Container.Content(seasons) + [SubString(skin.string(seasons_info_showart),off) | SubString(skin.string(seasons_info_showart),trigger)] | 
    Control.IsVisible(576) + Container.Content(tvshows) + [SubString(skin.string(tvshows_info_bannerinfo),off) | SubString(skin.string(tvshows_info_bannerinfo),trigger)] | 
    Container.OnNext | Container.OnPrevious | IsEmpty(ListItem.Thumb) + !Skin.HasSetting(trailers) | ControlGroup(9000).HasFocus | Control.HasFocus(9920) | StringCompare(Container.FolderPath,videodb://1/7/)]</visible>
  </control>
  <control type="image" id="110"><!-- to slide fanart -->
    <include>InvisibleButton</include>
    <visible>!Container.OnNext</visible>
    <animation effect="fade" start="0" end="100" time="150" condition="true">Visible</animation>
  </control>
  <control type="image" id="111"><!-- to slide fanart -->
    <include>InvisibleButton</include>
    <visible>!Container.OnPrevious</visible>
    <animation effect="fade" start="0" end="100" time="150" condition="true">Visible</animation>
  </control>
  <control type="button" id="9900"><!-- to menu/kiosk condition -->
    <include>InvisibleButton</include>
    <onfocus condition="![Skin.HasSetting(kiosk) | Skin.HasSetting(kiosksmart) + !SubString(skin.string(codestep),step3)]">SetFocus(9300)</onfocus>
    <onfocus condition="Skin.HasSetting(kiosksmart) + !SubString(skin.string(codestep),step3)">SetFocus(9100)</onfocus>
    <onfocus condition="Skin.HasSetting(kiosk) + IsEmpty(ListItem.Trailer)">SetFocus(50)</onfocus>
    <onfocus condition="Skin.HasSetting(kiosk) + !IsEmpty(ListItem.Trailer)">SetFocus(90000)</onfocus>
  </control>
  <control type="button" id="9910"><!-- panel focus -->
    <include>InvisibleButton</include>
    <onleft>SetFocus(50)</onleft>
    <onright>SetFocus(50)</onright>
    <onup>SetFocus(9900)</onup>
    <ondown>SetFocus(50)</ondown>
  </control>
  <control type="button" id="9920"><!-- hidden colection/view fanart -->
    <include>InvisibleButton</include>
    <onleft>SetFocus(50)</onleft>
    <onright>SetFocus(50)</onright>
    <onup>SetFocus(50)</onup>
    <ondown>SetFocus(50)</ondown>
  </control>
  <control type="button" id="90000">
    <include>InvisibleButton</include>
    <onup>SetFocus(90100)</onup>
    <ondown>SetFocus(90100)</ondown>
    <onleft>SetFocus(90100)</onleft>
    <onright>SetFocus(90100)</onright>
    <onfocus>Skin.SetBool(trailermode)</onfocus>
    <onfocus>Skin.SetBool(trailerplay)</onfocus>
    <onfocus condition="!Skin.HasSetting(fullscreentrailer)">AlarmClock(trailermode,Skin.Reset(trailermode),0:05,true)</onfocus>
    <onfocus condition="!Skin.HasSetting(fullscreentrailer)">AlarmClock(playtrailer,PlayMedia($INFO[ListItem.Trailer],1),0:03,true)</onfocus>
    <onfocus condition="Skin.HasSetting(fullscreentrailer)">AlarmClock(playtrailer,PlayMedia($INFO[ListItem.Trailer]),0:03,true)</onfocus>
    <visible>!IsEmpty(ListItem.Trailer)</visible>
  </control>
  <control type="button" id="90100">
    <include>InvisibleButton</include>
    <onfocus>CancelAlarm(playtrailer,true)</onfocus>
    <onfocus>SetFocus(50)</onfocus>
    <onfocus>Skin.Reset(trailermode)</onfocus>
    <onfocus>Skin.Reset(trailerplay)</onfocus>
    <onfocus>PlayerControl(stop)</onfocus>
  </control>
    <include>Furniture_Floor</include>
  
  <!-- ViewTypes -->
		<include>ViewList</include><!-- 50 -->
		<include condition="SubString(skin.string(view_video_multiplex),enable)">ViewMultiplexVideo</include><!-- 52 -->
		<include condition="SubString(skin.string(view_video_wall),enable)">ViewWall</include><!-- 53 -->
		<include condition="SubString(skin.string(view_video_3dwall),enable)">View3DWall</include><!-- 54, 55, 56 -->
		<include condition="SubString(skin.string(view_video_showcase),enable)">ViewShowCaseVideo</include><!-- 57 -->
		<include condition="SubString(skin.string(view_video_coverflow),enable)">ViewCoverFlowVideo</include><!-- 58 -->
		<include condition="SubString(skin.string(view_video_shelf),enable)">ViewShelf</include><!-- 59 -->
		<include condition="SubString(skin.string(view_video_poster),enable)">ViewPoster</include><!-- 510 -->
		<include condition="SubString(skin.string(view_video_listlarge),enable)">ViewListLarge</include><!-- 550 -->
		<include condition="SubString(skin.string(view_video_listlow),enable)">ViewListLow</include><!-- 551 -->
		<include condition="SubString(skin.string(view_video_landscape),enable)">ViewMultiplexLandscape</include><!-- 552 -->
		<include condition="SubString(skin.string(view_video_showart),enable)">ViewShowArt</include><!-- 555 -->
		<include condition="SubString(skin.string(view_video_wide),enable)">ViewWide</include><!-- 570 -->
		<include condition="SubString(skin.string(view_video_panel),enable)">ViewPanel</include><!-- 571,572 -->
		<include condition="SubString(skin.string(view_video_panellogo),enable)">ViewPanelLogo</include><!-- 574 -->
		<include condition="SubString(skin.string(view_video_banner),enable)">ViewBanner</include><!-- 575,576,578,579 -->
		<include condition="SubString(skin.string(view_video_landscapex),enable)">ViewLandscapeX</include><!-- 580 -->
		
	<control type="image">
    <include>FullScreenDimensions</include>
    <include>Animation_CommonFade</include>
    <texture background="true">special://skin/backgrounds/default.jpg</texture>
    <visible>[Skin.HasSetting(trailers) | Skin.HasSetting(musictrailers)] + Window.IsVisible(101)</visible>
  </control>

  <!-- Widget Trailer -->
  <control type="image">
    <include>FullScreenDimensions</include>
    <texture>common_black.png</texture>
    <animation effect="fade" end="95" condition="true">Conditional</animation>
    <include>Animation_CommonFade</include>
    <visible>Player.HasVideo + Skin.HasSetting(trailermode)</visible>
  </control>
  <control type="group">
    <include>Animation_OpenCloseSlideDown</include>
    <visible>![IsEmpty(ListItem.Trailer) | Skin.HasSetting(notrailerbutton) | ControlGroup(9000).HasFocus | Control.IsVisible(53) | Control.IsVisible(575)]</visible>
  <control type="image">
    <posx>440</posx>
    <posy>0</posy>
    <width>400</width>
    <height>27</height>
    <texture flipy="true">osd_trailer_pause.png</texture>
    <animation effect="fade" start="100" end="0" time="400" delay="10000" condition="Player.HasVideo">Conditional</animation>
    <animation effect="slide" start="0,0" end="0,-28" time="500" delay="9000" tween="cubic" easing="out" condition="Player.HasVideo">Conditional</animation>
  </control>
  <control type="fadelabel">
    <posx>460</posx>
    <posy>2.5</posy>
    <align>center</align>
    <width>360</width>
    <font>Font_Time</font>
    <textcolor>d0000000</textcolor>
    <scroll>true</scroll>
    <scrollout>false</scrollout>
    <pauseatend>3000</pauseatend>
    <label>$VAR[value_trailer_1]</label>
    <label>$VAR[value_trailer_2]</label>
  </control>
  </control>
  
  <control type="group"><!-- Time -->
    <include>Animation_OpenCloseSlideDown</include>
    <visible>Skin.HasSetting(videotime) + !ControlGroup(9000).HasFocus</visible>
  <control type="image">
    <posx>860</posx>
    <posy>0</posy>
    <width>420</width>
    <height>27</height>
    <aspectratio>stretch</aspectratio>
    <texture flipx="true" flipy="true">home_common_panel.png</texture>
    <colordiffuse>$VAR[value_texturecolors]</colordiffuse>
    <animation effect="fade" end="85" condition="true">Conditional</animation>
  </control>
  <control type="image">
    <posx>1250</posx>
    <posy>2</posy>
    <width>21</width>
    <height>21</height>
    <aspectratio>keep</aspectratio>
    <texture>$INFO[Window(Weather).Property(Current.ConditionIcon)]</texture>
  </control>
  <control type="label">
    <posx>1240</posx>
    <posy>2</posy>
    <width>350</width>
    <font>Font_RSS</font>
    <align>right</align>
    <label>[UPPERCASE]$INFO[System.Date][COLOR=80ffffff] | [/COLOR][COLOR=$VAR[value_headercolors]]$INFO[System.Time][/COLOR][/UPPERCASE][COLOR=80ffffff] | [/COLOR][UPPERCASE]$INFO[Window(Weather).Property(Current.Condition)][COLOR=80ffffff] | [/COLOR][COLOR=$VAR[value_headercolors]]$INFO[Weather.Temperature][/COLOR][/UPPERCASE]</label>
    <scroll>true</scroll>
    <scrollout>false</scrollout>
  </control>
  </control>
  
  <control type="group"><!-- RSS -->
    <include>Animation_OpenCloseSlideDown</include>
    <visible>Skin.HasSetting(videorss) + ![Player.HasMedia + Skin.HasSetting(nowplayingwidget) | ControlGroup(9000).HasFocus]</visible>
    <posx>0</posx>
    <posy>0</posy>
  <control type="image">
    <posx>0</posx>
    <posy>0</posy>
    <width>420</width>
    <height>27</height>
    <aspectratio>stretch</aspectratio>
    <texture flipy="true">home_common_panel.png</texture>
    <colordiffuse>$VAR[value_texturecolors]</colordiffuse>
    <animation effect="fade" end="85" condition="true">Conditional</animation>
  </control>
  <control type="rss" id="1">
    <posx>12</posx>
    <posy>2</posy>
    <width>390</width>
    <height>18</height>
    <font>Font_RSS</font>
    <urlset>1</urlset>
		<textcolor>dcFFFFFF</textcolor>
		<headlinecolor>bcFFFFFF</headlinecolor>
		<highlightcolor>a9736AFF</highlightcolor>
		<titlecolor>$VAR[value_headercolors]</titlecolor>
  </control>
  <control type="image">
    <posx>272</posx>
    <posy>0</posy>
    <width>150</width>
    <height>27</height>
    <aspectratio>stretch</aspectratio>
    <texture flipx="true">rssbar_darkfade.png</texture>
    <colordiffuse>$VAR[value_texturecolors]</colordiffuse>
    <animation effect="fade" end="95" condition="true">Conditional</animation>
  </control>
  </control>
  
    <include condition="!Skin.HasSetting(nomediaflags)">Video_MediaFlags</include>
    <include condition="Skin.HasSetting(nowplayingwidget)">NowPlayingWidget</include>
    <include condition="!Skin.HasSetting(noscrollletters)">ScrollOffsetLabel</include>
    <include>FloorText</include>
    <include>TopMenu_BGBlack</include>
    <include>TopMenu_Video</include>
    
  <control type="image"><!-- Trailer Warning -->
    <include>FullScreenDimensions</include>
    <texture>common_grey.png</texture>
    <animation effect="fade" end="98" condition="true">Conditional</animation>
    <include>Animation_CommonFade</include>
    <animation effect="fade" start="100" end="0" time="300" condition="System.IdleTime(5)">Conditional</animation>
    <visible>Skin.HasSetting(trailermode)</visible>
  </control>
  <control type="group">
    <animation effect="fade" start="100" end="0" time="300" delay="1000" condition="System.IdleTime(3)">Conditional</animation>
    <animation effect="slide" start="-40" end="0" time="500" easing="inout" tween="cubic">Visible</animation>
    <animation effect="fade" start="0" end="100" time="500">Visible</animation>
    <visible>Skin.HasSetting(trailermode)</visible>
  <control type="image">
    <posx>350</posx>
    <posy>225</posy>
    <width>120</width>
    <height>70</height>
    <align>left</align>
    <aligny>top</aligny>
    <texture>logo_trailer.png</texture>
    <aspectratio>keep</aspectratio>
  </control>
  <control type="label">
    <posx>500</posx>
    <posy>225</posy>
    <width>580</width>
    <height>38</height>
		<font>Font_WeatherTitle</font>
		<textcolor>c0FFFFFF</textcolor>
    <align>left</align>
    <aligny>top</aligny>
    <label>31458</label>
  </control>
  <control type="label">
    <posx>500</posx>
    <posy>280</posy>
    <width>470</width>
    <height>120</height>
    <font>Font_MultiplexPlot</font>
    <align>left</align>
    <aligny>top</aligny>
    <label>$LOCALIZE[31460] $VAR[value_trailercounter][CR][COLOR=$VAR[value_headercolors]]$LOCALIZE[31459][/COLOR]</label>
  </control>
  </control>
  
  <control type="group"><!-- Window Video -->
    <visible>Player.HasVideo + Skin.HasSetting(trailerplay) + !Skin.HasSetting(fullscreentrailer)</visible>
  <control type="image">
    <include>FullScreenDimensions</include>
    <texture>common_black.png</texture>
    <animation effect="fade" end="95" condition="true">Conditional</animation>
    <include>Animation_CommonFade</include>
  </control>
  <control type="largeimage">
    <posx>158</posx>
    <posy>82</posy>
    <width>964</width>
    <height>556</height>
    <aspectratio>stretch</aspectratio>
    <texture border="20">home_nowplaying_videowindow.png</texture>
  </control>
  <control type="videowindow" id="8">
    <posx>178</posx>
    <posy>102</posy>
    <width>924</width>
    <height>516</height>
    <aspectratio>stretch</aspectratio>
  </control>
  <control type="progress" id="23">
    <description>Progressbar small</description>
    <posx>246</posx>
    <posy>640</posy>
    <width>789</width>
    <height>15</height>
    <info>Player.Progress</info>
		<animation effect="fade" start="0" end="100" delay="300" time="400" reversible="false">Visible</animation>
		<animation effect="fade" start="100" end="0" time="200" reversible="false">Hidden</animation>
    <visible>!Player.Paused</visible>
  </control>
  <control type="label">
    <posx>340</posx>
    <posy>660</posy>
    <width>600</width>
    <height>25</height>
    <align>center</align>
    <font>Font_Time</font>
    <colordiffuse>d0FFFFFF</colordiffuse>
    <label>$INFO[VideoPlayer.Time] / $INFO[VideoPlayer.Duration]</label>
		<animation effect="fade" start="0" end="100" delay="300" time="400" reversible="false">Visible</animation>
		<animation effect="fade" start="100" end="0" time="200" reversible="false">Hidden</animation>
    <visible>![Skin.HasSetting(fullscreentrailer) | Player.Paused]</visible>
  </control>
  <control type="label">
    <posx>220</posx>
    <posy>678</posy>
    <width>840</width>
    <height>30</height>
    <align>center</align>
    <font>Font_FloorTextMainLabel</font>
    <textcolor>$VAR[value_headercolors]</textcolor>
    <scroll>true</scroll>
    <label>[UPPERCASE]$INFO[Videoplayer.Title][/UPPERCASE]</label>
    <animation effect="slide" start="0,0" end="0,7" time="0" condition="VideoPlayer.Content(episodes)">Conditional</animation>
    <visible>!Skin.HasSetting(notrailertitle)</visible>
  </control>
  <control type="image">
    <posx>178</posx>
    <posy>102</posy>
    <width>924</width>
    <height>516</height>
    <texture>common_black.png</texture>
    <animation effect="fade" end="95" condition="true">Conditional</animation>
    <visible>Player.Paused</visible>
  </control>
  <control type="label"><!-- Paused Label -->
    <posx>261</posx>
    <posy>430</posy>
    <width>759</width>
    <height>28</height>
    <aligny>center</aligny>
    <align>center</align>
    <label>31737</label>
    <font>Sml_Text</font>
    <textcolor>33FFFFFF</textcolor>
    <include>Animation_CommonFade</include>
    <visible>Player.Paused + !Skin.HasSetting(fullscreentrailer)</visible>
  </control>
  <control type="label" id="24"><!-- Buffering Dialog -->
    <posx>261</posx>
    <posy>480</posy>
    <width>759</width>
    <height>28</height>
    <aligny>center</aligny>
    <align>center</align>
    <label>$LOCALIZE[15107] $INFO[Player.CacheLevel]%</label>
    <font>Font_SettingsSectionTitle</font>
    <textcolor>33FFFFFF</textcolor>
    <include>Animation_CommonFade</include>
    <visible>Player.Paused + !Skin.HasSetting(fullscreentrailer)</visible>
  </control>
  </control>
  </control>
    <include>BGGradient</include>
    <include>BGBlack</include>
	</controls>
</window>