﻿<!-- Aeon MQ 4 -->

<window typ="dialog" id="130">
	<defaultcontrol>1</defaultcontrol>
	<coordinates>
		<system>1</system>
		<posx>0</posx>
		<posy>0</posy>
	</coordinates>
    <include>Animation_DialogPopup</include>
    <visible>Window.IsActive(ProfileSettings)</visible>
	<controls>
  <control>
    <description>Title Label</description>
    <label>31080</label>
    <visible>!Window.IsActive(LockSettings)</visible>
  </control>
  <control type="group">
    <posx>217</posx>
    <posy>216</posy>
    <width>847</width>
    <height>288</height>
    <visible>![Window.IsActive(virtualkeyboard) | Window.IsActive(126) | Window.IsActive(LockSettings)]</visible>
  <control type="image" id="1">
    <description>background image</description>
    <posx>0</posx>
    <posy>0</posy>
    <width>847</width>
    <height>288</height>
    <texture>dialogs_profilesettings_back.png</texture>
  </control>
  <control type="image" id="2">
    <description>Profile Image</description>
    <posx>414</posx>
    <posy>10</posy>
    <width>267</width>
    <height>267</height>
    <align>left</align>
    <texture>DefaultUser.png</texture>
    <colordiffuse>d0FFFFFF</colordiffuse>
  </control>
  <control type="image">
    <description>glass image</description>
    <posx>414</posx>
    <posy>10</posy>
    <width>267</width>
    <height>267</height>
    <align>left</align>
    <texture>thumb_tvglass_noedge.png</texture>
  </control>
  <control type="label" id="0">
    <description>Profile Name</description>
    <posx>30</posx>
    <posy>150</posy>
    <width>280</width>
    <align>left</align>
    <textcolor>ab749a9a</textcolor>
    <label>$LOCALIZE[ 20093 ]</label>
    <visible>!Control.IsVisible(34)</visible>
  </control>
  <control type="label" id="1000">
    <description>Profile Name</description>
    <posx>30</posx>
    <posy>175</posy>
    <width>280</width>
    <align>left</align>
    <textcolor>FFFFFFFF</textcolor>
    <visible>!Control.IsVisible(34)</visible>
  </control>
  <control type="label" id="0">
    <description>Profile Name</description>
    <posx>30</posx>
    <posy>200</posy>
    <width>280</width>
    <align>left</align>
    <textcolor>ab749a9a</textcolor>
    <label>$LOCALIZE[ 20070 ]</label>
    <visible>!Control.IsVisible(34)</visible>
  </control>
  <control type="label" id="1001">
    <description>Profile Directory</description>
    <posx>30</posx>
    <posy>225</posy>
    <width>280</width>
    <align>left</align>
    <textcolor>FFFFFFFF</textcolor>
    <visible>!Control.IsVisible(34)</visible>
  </control>
  <control type="spincontrol" id="60">
    <description>Next page button</description>
    <posx>300</posx>
    <posy>300</posy>
    <subtype>int</subtype>
    <font>font12</font>
    <onleft>60</onleft>
    <onright>60</onright>
    <ondown>2</ondown>
  </control>
  <control type="grouplist" id="5">
    <description>control area</description>
    <posx>11</posx>
    <posy>20</posy>
    <width>401</width>
    <height>246</height>
    <itemgap>0</itemgap>
    <onup>2</onup>
    <ondown>2</ondown>
    <onleft>28</onleft>
    <onright>28</onright>
  </control>
  <control type="button" id="7">
    <description>Default Button</description>
    <width>401</width>
    <height>40</height>
    <font>Font_SettingsOptions</font>
    <texturefocus>settings_button_focus.png</texturefocus>
    <texturenofocus>dialogs_setcontent_button_nofocus.png</texturenofocus>
    <textcolor>FFbbbbbb</textcolor>
    <focusedcolor>FF101010</focusedcolor>
    <pulseonselect>false</pulseonselect>
    <textoffsetx>20</textoffsetx>
    <aligny>center</aligny>
  </control>
  <control type="radiobutton" id="8">
    <width>401</width>
    <height>40</height>
    <font>Font_SettingsOptions</font>
    <texturefocus>settings_button_focus.png</texturefocus>
    <texturenofocus>dialogs_setcontent_button_nofocus.png</texturenofocus>
    <textcolor>FFbbbbbb</textcolor>
    <focusedcolor>FF101010</focusedcolor>
    <pulseonselect>false</pulseonselect>
    <radiowidth>94</radiowidth>
    <radioposx>595</radioposx>
    <radioheight>65</radioheight>
    <textoffsetx>20</textoffsetx>
    <aligny>center</aligny>
  </control>
  <control type="spincontrolex" id="9">
    <description>directory content select spincontrol</description>
    <width>401</width>
    <height>40</height>
    <font>Font_SettingsOptions</font>
    <texturefocus>settings_button_focus.png</texturefocus>
    <texturenofocus>dialogs_setcontent_button_nofocus.png</texturenofocus>
    <textcolor>FFbbbbbb</textcolor>
    <focusedcolor>FF101010</focusedcolor>
    <pulseonselect>false</pulseonselect>
    <spinposx>-4</spinposx>
    <spinwidth>40</spinwidth>
    <spinheight>65</spinheight>
    <textoffsetx>20</textoffsetx>
    <aligny>center</aligny>
    <reverse>yes</reverse>
  </control>
  <control type="sliderex" id="10">
    <description>Default Slider</description>
    <posx>1000</posx>
    <posy>150</posy>
    <height>31</height>
    <width>300</width>
    <texturefocus>settings_button_focus.png</texturefocus>
    <texturenofocus>settings_button_nofocus.png</texturenofocus>
    <sliderwidth>100</sliderwidth>
    <sliderheight>20</sliderheight>
    <textoffsetx>12</textoffsetx>
  </control>
  <control type="image" id="11">
    <description>separator image</description>
    <width>350</width>
    <height>5</height>
    <texture>-</texture>
  </control>
  <control type="group" id="9001">
  <control type="button" id="28">
    <description>ok button</description>
    <posx>683</posx>
    <posy>220</posy>
    <width>153</width>
    <height>40</height>
    <font>Font_SetContentMenu</font>
    <label>186</label>
    <align>left</align>
    <textcolor>FFf5f5f5</textcolor>
    <focusedcolor>FF262728</focusedcolor>
    <selectedcolor>FF262728</selectedcolor>
    <textoffsetx>20</textoffsetx>
    <onleft>5</onleft>
    <onright>5</onright>
    <onup>29</onup>
    <ondown>29</ondown>
    <texturenofocus>-</texturenofocus>
    <texturefocus>settings_button_focus.png</texturefocus>
  </control>
  <control type="button" id="29">
    <description>cancel button</description>
    <posx>683</posx>
    <posy>180</posy>
    <width>153</width>
    <height>40</height>
    <font>Font_SetContentMenu</font>
    <label>222</label>
    <align>left</align>
    <textcolor>FFf5f5f5</textcolor>
    <focusedcolor>FF262728</focusedcolor>
    <selectedcolor>FF262728</selectedcolor>
    <textoffsetx>20</textoffsetx>
    <onleft>5</onleft>
    <onright>5</onright>
    <onup>28</onup>
    <ondown>28</ondown>
    <texturenofocus>-</texturenofocus>
    <texturefocus>settings_button_focus.png</texturefocus>
  </control>
  </control>
  <control type="image">
    <description>foreground image</description>
    <posx>12</posx>
    <posy>0</posy>
    <width>847</width>
    <height>288</height>
    <texture>dialogs_setcontent_front.png</texture>
  </control>
  <control type="image">
    <description>foreground image</description>
    <posx>-12</posx>
    <posy>0</posy>
    <width>847</width>
    <height>288</height>
    <texture flipx="true">dialogs_setcontent_front.png</texture>
  </control>
  </control>
  </controls>
  </window>