﻿<!-- Aeon MQ 4 -->

<window id="5200">
	<defaultcontrol>7010</defaultcontrol>
	<coordinates>
		<system>1</system>
		<posx>0</posx>
		<posy>0</posy>
	</coordinates>
	
  <controls>
  <control type="image">
    <include>AnimatedBG</include>
    <texture background="true">$VAR[value_settingsbg]</texture>
    <info background="true">Skin.String(CustomSettings_Background)</info>
  </control>
  <control type="group">
    <include>Animation_OpenCloseWindow</include>
  <control type="image">
    <posx>23</posx>
    <posy>23</posy>
    <width>1233</width>
    <height>673</height>
    <texture background="true">settings_panelback.png</texture>
  </control>
  <control type="label">
    <description>Section Title</description>
    <include>SettingsSectionTitle</include>
    <label>OPTIONS</label>
  </control>
	<control type="label">
    <description>Header Label</description>
    <include>SettingsContentTitle</include>
    <label>Rom Collection Browser - Configuration</label>
  </control>
	
  <!-- Category buttons -->
	<control type="group">
  <include>ButtonGroupXBMCDimensions</include>
    <posy>54</posy>
  <control type="list" id="7000">
    <posx>0</posx>
    <posy>0</posy>
    <width>216</width>
    <height>210</height>
    <onleft>7010</onleft>
    <onright>7010</onright>
    <onup>7000</onup>
    <ondown>7000</ondown>
    <pagecontrol>-</pagecontrol>
    <scrolltime>300</scrolltime>
    <itemlayout height="49" width="216">
  <control type="label">
    <posx>20</posx>
    <posy>0</posy>
    <width>216</width>
    <height>49</height>
		<font>Font_SettingsSectionMenuButton</font>
		<textcolor>FFbbbbbb</textcolor>
		<aligny>center</aligny>
    <label>$INFO[ListItem.Label]</label>
  </control>
  </itemlayout>
  <focusedlayout height="40" width="150">
  <control type="image">
    <posx>0</posx>
    <posy>0</posy>
    <width>216</width>
    <height>49</height>
    <texture>settings_button_focus.png</texture>
    <animation effect="fade" start="100" end="30" time="100" condition="!Control.HasFocus(7000)">Conditional</animation>
  </control>
  <control type="label">
    <posx>20</posx>
    <posy>0</posy>
    <width>216</width>
    <height>49</height>
    <font>Font_SettingsSectionMenuButton</font>
    <textcolor>FFFFFFFF</textcolor>
    <aligny>center</aligny>
    <label>$INFO[ListItem.Label]</label>
  </control>
  </focusedlayout>
    <content>
    <item id="1">
    <label>Offline scrapers</label>
    <onclick>-</onclick>
    </item>
  </content>
  </control>
  </control>
  
  <!-- Settings List -->
  <control type="group" id="7010">
    <include>DefaultControlDimensions</include>
  <!-- Offline scrapers -->
  <control type="group" id="7004">

  <!-- Scraper List -->
  <control type="list" id="5600">
    <hitrect x="0" y="0" w="0" h="0" />
    <posx>0</posx>
    <posy>0</posy>
    <width>936</width>
    <height>49</height>
    <onleft>5600</onleft>
    <onright>5600</onright>
    <onup>5600</onup>
    <ondown>5600</ondown>
    <enable>false</enable>
    <pagecontrol>-</pagecontrol>
    <scrolltime>0</scrolltime>
    <itemlayout height="1" width="750">
    </itemlayout>
    <focusedlayout height="49" width="936">
  <control type="image">
    <posx>0</posx>
    <posy>0</posy>
    <width>936</width>
    <height>49</height>
    <texture>settings_radiobuttonoff.png</texture>
    <visible>![Control.HasFocus(5601) | Control.HasFocus(5602)]</visible>
  </control>
  <control type="image">
    <posx>0</posx>
    <posy>0</posy>
    <width>936</width>
    <height>49</height>
    <texture>settings_radiobuttonofffocus.png</texture>
    <visible>[Control.HasFocus(5601) | Control.HasFocus(5602)]</visible>
  </control>
  <control type="label">
    <posx>50</posx>
    <posy>0</posy>
    <width>200</width>
    <height>49</height>
    <font>Font_SettingsOptions</font>
    <textcolor>FFbbbbbb</textcolor>
    <align>left</align>
    <aligny>center</aligny>
    <label>Scraper</label>
    <visible>![Control.HasFocus(5601) | Control.HasFocus(5602)]</visible>
  </control>
  <control type="label">
    <posx>50</posx>
    <posy>0</posy>
    <width>200</width>
    <height>49</height>
    <font>Font_SettingsOptions</font>
    <textcolor>FFFFFFFF</textcolor>
    <align>left</align>
    <aligny>center</aligny>
    <label>Scraper</label>
    <visible>[Control.HasFocus(5601) | Control.HasFocus(5602)]</visible>
  </control>
  <control type="label">
    <posx>815</posx>
    <posy>0</posy>
    <width>370</width>
    <height>49</height>
    <font>Font_SettingsOptions</font>
    <textcolor>FFbbbbbb</textcolor>
    <align>right</align>
    <aligny>center</aligny>
    <label>$INFO[ListItem.Label]</label>
    <visible>![Control.HasFocus(5601) | Control.HasFocus(5602)]</visible>
  </control>
  <control type="label">
    <posx>815</posx>
    <posy>0</posy>
    <width>370</width>
    <height>49</height>
    <font>Font_SettingsOptions</font>
    <textcolor>FFFFFFFF</textcolor>
    <align>right</align>
    <aligny>center</aligny>
    <label>$INFO[ListItem.Label]</label>
    <visible>[Control.HasFocus(5601) | Control.HasFocus(5602)]</visible>
  </control>
  </focusedlayout>
  </control>
  <control type="button" id="5601">
    <description>Menu Item Next Button</description>
    <posx>855</posx>
    <posy>-8</posy>
    <width>40</width>
    <height>65</height>
    <label>-</label>
    <font>-</font>
    <texturenofocus>settings_spindown.png</texturenofocus>
    <texturefocus>settings_spindown_focus.png</texturefocus>
    <onclick>Control.Move(5600,1)</onclick>
    <onleft>7000</onleft>
    <onright>5602</onright>
    <onup>5101</onup>
    <ondown>5550</ondown>
  </control>
  <control type="button" id="5602">
    <description>Menu Item Prev Button</description>
    <posx>895</posx>
    <posy>-8</posy>
    <width>40</width>
    <height>65</height>
    <label>-</label>
    <font>-</font>
    <texturenofocus>settings_spinup.png</texturenofocus>
    <texturefocus>settings_spinup_focus.png</texturefocus>
    <onclick>Control.Move(5600,-1)</onclick>
    <onleft>5601</onleft>
    <onright>6000</onright>
    <onup>5101</onup>
    <ondown>5550</ondown>
  </control>

  <!-- descfile per game -->
  <control type="radiobutton" id="5550">
    <posx>0</posx>
    <posy>49</posy>
    <label>Use description per game</label>
    <onleft>7000</onleft>
    <onright>6000</onright>
    <onup>5601</onup>
    <ondown>5520</ondown>
    <onclick>Skin.ToggleSetting(rcb_editScraper_descFilePerGame)</onclick>
  </control>
  <!-- Path game desc -->
  <control type="label">
    <posx>50</posx>
    <posy>98</posy>
    <width>200</width>
    <height>49</height>
    <font>Font_SettingsOptions</font>
    <textcolor>FFFFFFFF</textcolor>
    <align>left</align>
    <aligny>center</aligny>
    <label>Path game desc</label>
    <visible>Control.HasFocus(5520)</visible>
  </control>
  <control type="label">
    <posx>50</posx>
    <posy>98</posy>
    <width>200</width>
    <height>49</height>
    <font>Font_SettingsOptions</font>
    <textcolor>FFbbbbbb</textcolor>
    <align>left</align>
    <aligny>center</aligny>
    <label>Path game desc</label>
    <visible>!Control.HasFocus(5520)</visible>
  </control>
  <control type="button" id="5520">
    <description>Path game desc</description>
    <posx>0</posx>
    <posy>98</posy>
    <visible>true</visible>
    <label>$INFO[ListItem.Label]</label>
    <align>right</align>
    <aligny>center</aligny>
    <onup>5550</onup>
    <ondown>5530</ondown>
    <onleft>7000</onleft>
    <onright>6000</onright>
  </control>

  <!-- Game desc file mask -->
  <control type="label">
    <posx>50</posx>
    <posy>147</posy>
    <width>260</width>
    <height>49</height>
    <font>Font_SettingsOptions</font>
    <textcolor>FFFFFFFF</textcolor>
    <align>left</align>
    <aligny>center</aligny>
    <label>Game desc file mask</label>
    <visible>Control.HasFocus(5530)</visible>
    <animation reversible="false" effect="fade" end="50" time="0" condition="!Skin.HasSetting(rcb_editScraper_descFilePerGame)">Conditional</animation>
  </control>
  <control type="label">
    <posx>50</posx>
    <posy>147</posy>
    <width>260</width>
    <height>49</height>
    <font>Font_SettingsOptions</font>
    <textcolor>FFbbbbbb</textcolor>
    <align>left</align>
    <aligny>center</aligny>
    <label>Game desc file mask</label>
    <visible>!Control.HasFocus(5530)</visible>
    <animation reversible="false" effect="fade" end="50" time="0" condition="!Skin.HasSetting(rcb_editScraper_descFilePerGame)">Conditional</animation>
  </control>
  <control type="button" id="5530">
    <description>Game desc file mask</description>
    <posx>0</posx>
    <posy>147</posy>
    <visible>true</visible>
    <label>$INFO[ListItem.Label]</label>
    <align>right</align>
    <aligny>center</aligny>
    <onup>5520</onup>
    <ondown>5540</ondown>
    <onleft>7000</onleft>
    <onright>6000</onright>
    <enable>Skin.HasSetting(rcb_editScraper_descFilePerGame)</enable>
    <animation reversible="false" effect="fade" end="50" time="0" condition="!Skin.HasSetting(rcb_editScraper_descFilePerGame)">Conditional</animation>
  </control>

  <!-- Parse instruction -->
  <control type="label">
    <posx>50</posx>
    <posy>196</posy>
    <width>200</width>
    <height>49</height>
    <font>Font_SettingsOptions</font>
    <textcolor>FFFFFFFF</textcolor>
    <align>left</align>
    <aligny>center</aligny>
    <label>Parse instruction</label>
    <visible>Control.HasFocus(5540)</visible>
  </control>
  <control type="label">
    <posx>50</posx>
    <posy>196</posy>
    <width>200</width>
    <height>49</height>
    <font>Font_SettingsOptions</font>
    <textcolor>FFbbbbbb</textcolor>
    <align>left</align>
    <aligny>center</aligny>
    <label>Parse instruction</label>
    <visible>!Control.HasFocus(5540)</visible>
  </control>
  <control type="radiobutton" id="5540">
    <description>Parse instruction</description>
    <posx>0</posx>
    <posy>196</posy>
    <visible>true</visible>
    <label>$INFO[ListItem.Label]</label>
    <align>right</align>
    <aligny>center</aligny>
    <onup>5530</onup>
    <ondown>5560</ondown>
    <onleft>7000</onleft>
    <onright>6000</onright>
  </control>
  <!-- Search by crc -->
  <control type="radiobutton" id="5560">
    <posx>0</posx>
    <posy>245</posy>
    <label>Search game by crc</label>
    <onleft>7000</onleft>
    <onright>6000</onright>
    <onup>5540</onup>
    <ondown>5580</ondown>
  </control>
  <!-- Use foldername as crc -->
  <control type="radiobutton" id="5580">
    <posx>0</posx>
    <posy>294</posy>
    <label>Use foldername as crc</label>
    <onleft>7000</onleft>
    <onright>6000</onright>
    <onup>5560</onup>
    <ondown>5590</ondown>
  </control>
  <!-- Use filename as crc -->
  <control type="radiobutton" id="5590">
    <posx>0</posx>
    <posy>343</posy>
    <label>Use filename as crc</label>
    <onleft>7000</onleft>
    <onright>6000</onright>
    <onup>5580</onup>
    <ondown>5610</ondown>
  </control>
  <!-- Remoce scraper -->
  <control type="button" id="5610"> 
    <description>Remove scraper</description>
    <posx>0</posx>
    <posy>392</posy>
    <visible>true</visible>
    <label>Remove scraper</label>
    <align>left</align>
    <aligny>center</aligny>
    <onup>5590</onup>
    <ondown>5620</ondown>
    <onleft>7000</onleft>
    <onright>6000</onright>
  </control>
  <!-- Add scraper -->
  <control type="button" id="5620">
    <description>Add scraper</description>
    <posx>0</posx>
    <posy>441</posy>
    <visible>true</visible>
    <label>Add scraper</label>
    <align>left</align>
    <aligny>center</aligny>
    <onup>5610</onup>
    <ondown>6000</ondown>
    <onleft>7000</onleft>
    <onright>6000</onright>
  </control>
  </control>
  </control>

	<control type="image">
    <posx>258</posx>
    <posy>574</posy>
    <width>936</width>
    <height>49</height>
    <texture>settings_radiobuttonoff.png</texture>
  </control>

  <!-- Buttons -->
  <control type="group">
    <posx>200</posx>
    <posy>622</posy>
  <control type="button" id="6000">
    <description>Save</description>
    <posx>200</posx>
    <posy>0</posy>
    <width>215</width>
    <height>54</height>
    <visible>true</visible>
    <label>Save config</label>
    <font>Font_SettingsSectionMenuButton</font>
    <textcolor>FFbbbbbb</textcolor>
    <focusedcolor>d0000000</focusedcolor>
    <selectedcolor>d0000000</selectedcolor>
    <texture>settings_button_focus.png</texture>
    <texturefocus>settings_button_focus.png</texturefocus>
    <texturenofocus>-</texturenofocus>
    <align>center</align>
    <aligny>center</aligny>
    <textoffsetx></textoffsetx>
    <textoffsety></textoffsety>
    <pulseonselect></pulseonselect>
    <onup>7010</onup>
    <ondown>5101</ondown>
    <onleft>7000</onleft>
    <onright>6010</onright>
  </control>
  <control type="button" id="6010"> 
    <description>Cancel</description>
    <posx>600</posx>
    <posy>0</posy>
    <width>215</width>
    <height>54</height>
    <visible>true</visible>
    <label>Cancel</label>
    <font>Font_SettingsSectionMenuButton</font>
    <textcolor>FFbbbbbb</textcolor>
    <focusedcolor>d0000000</focusedcolor>
    <selectedcolor>FFFFFFFF</selectedcolor>
    <texture>settings_button_focus.png</texture>
    <texturefocus>settings_button_focus.png</texturefocus>
    <texturenofocus>-</texturenofocus>
    <align>center</align>
    <aligny>center</aligny>
    <textoffsetx></textoffsetx>
    <textoffsety></textoffsety>
    <pulseonselect></pulseonselect>
    <onup>7010</onup>
    <ondown>5101</ondown>
    <onleft>6000</onleft>
    <onright>7000</onright>
  </control>
  </control>
  </control>
    <include>BGBlack</include>
  </controls>
  </window>