﻿<!-- Aeon MQ 4 -->

<window id="3000">
	<defaultcontrol always="true">149</defaultcontrol>
	<controls>
	
  <control type="group"><!-- default group -->
    <visible>![Window.IsVisible(FileBrowser) | Window.IsVisible(script-Actors-Browser.xml) | [Window.IsVisible(DialogSelect.xml) + StringCompare(Window.Property(actorsselect),1)]]</visible>
    <include>Animation_OpenCloseZoom</include>
    
  <control type="list" id="50">
    <description>container actor properties</description>
    <viewtype label="Actor">list</viewtype>
    <posx>0</posx>
    <posy>0</posy>
    <width>1</width>
    <height>1</height>
    <onleft>9000</onleft>
    <onright>9000</onright>
    <onup>9000</onup>
    <ondown>9000</ondown>
    <pagecontrol>-</pagecontrol>
  <itemlayout height="1" width="1" />
  <focusedlayout height="1" width="1" />
  </control>
  
  <control type="image">
    <include>FullScreenDimensions</include>
    <texture>common_grey.png</texture>
  </control>
  <control type="image"><!-- Fanart -->
    <include>FullScreenDimensions</include>
    <texture background="true">$INFO[ListItem.Property(Fanart_Image)]</texture>
    <aspectratio>keep</aspectratio>
  </control>
  <control type="image">
    <include>FullScreenDimensions</include>
    <texture background="true">hive_back.png</texture>
    <colordiffuse>80FFFFFF</colordiffuse>
  </control>
  <control type="image">
    <include>FullScreenDimensions</include>
    <texture>common_black.png</texture>
    <colordiffuse>c3FFFFFF</colordiffuse>
  </control>
  
  <control type="label"><!-- Title -->
    <posx>30</posx>
    <posy>5</posy>
    <height>40</height>
    <width>1100</width>
    <font>Font_MenuVirtualClassic</font>
    <label>$INFO[Listitem.Title]</label>
    <textcolor>FFececec</textcolor>
    <scroll>true</scroll>
    <scrollout>false</scrollout>
  </control>
  <control type="label">
    <posx>30</posx>
    <posy>55</posy>
    <width>1100</width>
    <height>25</height>
    <font>Font_Time</font>
    <label>$VAR[value_actorinfo_tag]</label>
		<scroll>true</scroll>
    <scrollout>false</scrollout>
  </control>
  <control type="image">
    <posx>0</posx>
    <posy>80</posy>
    <height>340</height>
    <width>1280</width>
    <texture>common_black.png</texture>
    <colordiffuse>90FFFFFF</colordiffuse>
  </control>
  <control type="label"><!-- Actor header/Movie header -->
    <posx>30</posx>
    <posy>89</posy>
		<height>40</height>
		<width>500</width>
		<align>left</align>
		<aligny>center</aligny>
		<textcolor>FFe5e5e5</textcolor>
		<font>Font_List</font>
		<label>$VAR[value_actorinfo_header]</label>
		<scroll>true</scroll>
    <scrollout>false</scrollout>
  </control>
  
  <control type="group">
    <animation effect="fade" reversible="true" time="200">VisibleChange</animation>
    <visible>!Control.HasFocus(150)</visible>
  <control type="label"><!-- Birthday -->
	  <posx>190</posx>
	  <posy>140</posy>
		<height>27</height>
		<width>200</width>
		<align>right</align>
		<aligny>center</aligny>
		<font>Font_MultiplexInfoLabel</font>
		<textcolor>FF868686</textcolor>
    <label>$ADDON[script.metadata.actors 32012]:</label>
    <visible>IsEmpty(ListItem.Property(Deathday))</visible>
  </control>
  <control type="label">
		<posx>220</posx>
		<posy>140</posy>
		<height>27</height>
		<width>366</width>
		<align>left</align>
		<aligny>center</aligny>
		<font>Font_MultiplexInfoLabel</font>
		<textcolor>FFececec</textcolor>
    <label fallback="161">$INFO[ListItem.Property(Birthday)]</label>
    <scroll>true</scroll>
    <scrollout>false</scrollout>
    <visible>IsEmpty(ListItem.Property(Deathday))</visible>
  </control>
  <control type="label"><!-- Deathday -->
	  <posx>190</posx>
	  <posy>140</posy>
		<height>27</height>
		<width>200</width>
		<align>right</align>
		<aligny>center</aligny>
		<font>Font_MultiplexInfoLabel</font>
		<textcolor>FF868686</textcolor>
    <label>$ADDON[script.metadata.actors 32013]:</label>
    <visible>!IsEmpty(ListItem.Property(Deathday))</visible>
  </control>
  <control type="label">
		<posx>220</posx>
		<posy>140</posy>
		<height>27</height>
		<width>366</width>
		<align>left</align>
		<aligny>center</aligny>
		<font>Font_MultiplexInfoLabel</font>
		<textcolor>FFececec</textcolor>
    <label fallback="161">$INFO[ListItem.Property(Deathday)]</label>
    <scroll>true</scroll>
    <scrollout>false</scrollout>
    <visible>!IsEmpty(ListItem.Property(Deathday))</visible>
  </control>
  <control type="label"><!-- Place of birth -->
	  <posx>190</posx>
	  <posy>160</posy>
		<height>27</height>
		<width>200</width>
		<align>right</align>
		<aligny>center</aligny>
		<font>Font_MultiplexInfoLabel</font>
		<textcolor>FF868686</textcolor>
    <label>$ADDON[script.metadata.actors 32014]:</label>
  </control>
  <control type="label">
		<posx>220</posx>
		<posy>160</posy>
		<height>27</height>
		<width>366</width>
		<align>left</align>
		<aligny>center</aligny>
		<font>Font_MultiplexInfoLabel</font>
		<textcolor>FFececec</textcolor>
    <label fallback="161">$INFO[ListItem.Property(PlaceOfBirth)]</label>
    <scroll>true</scroll>
    <scrollout>false</scrollout>
  </control>
  <control type="label"><!-- Adult -->
	  <posx>190</posx>
	  <posy>180</posy>
		<height>27</height>
		<width>200</width>
		<align>right</align>
		<aligny>center</aligny>
		<font>Font_MultiplexInfoLabel</font>
		<textcolor>FF868686</textcolor>
    <label>$ADDON[script.metadata.actors 32015]:</label>
  </control>
  <control type="label">
		<posx>220</posx>
		<posy>180</posy>
		<height>27</height>
		<width>366</width>
		<align>left</align>
		<aligny>center</aligny>
		<font>Font_MultiplexInfoLabel</font>
		<textcolor>FFececec</textcolor>
    <label fallback="161">$INFO[ListItem.Property(Adult)]</label>
    <scroll>true</scroll>
    <scrollout>false</scrollout>
  </control>
  <control type="label"><!-- Also Known As -->
	  <posx>190</posx>
	  <posy>200</posy>
		<height>27</height>
		<width>200</width>
		<align>right</align>
		<aligny>center</aligny>
		<font>Font_MultiplexInfoLabel</font>
		<textcolor>FF868686</textcolor>
    <label>$ADDON[script.metadata.actors 32016]:</label>
  </control>
  <control type="label">
		<posx>220</posx>
		<posy>200</posy>
		<height>27</height>
		<width>366</width>
		<align>left</align>
		<aligny>center</aligny>
		<font>Font_MultiplexInfoLabel</font>
		<textcolor>FFececec</textcolor>
    <label fallback="161">$INFO[ListItem.Property(AlsoKnownAs)]</label>
    <scroll>true</scroll>
    <scrollout>false</scrollout>
  </control>
  </control>
  <control type="image">
    <posx>205</posx>
    <posy>136</posy>
    <height>136</height>
    <width>2</width>
    <texture>panel_vertical_separator.png</texture>
  </control>
  <control type="image">
    <posx>30</posx>
    <posy>136</posy>
    <height>2</height>
    <width>870</width>
    <texture>panel_horizontal_separator.png</texture>
  </control>
  
  <control type="group"><!-- Movie info -->
    <animation effect="fade" reversible="true" time="200">VisibleChange</animation>
    <visible>Control.HasFocus(150)</visible>
  <control type="label"><!-- Original Title -->
	  <posx>190</posx>
	  <posy>140</posy>
		<height>27</height>
		<width>200</width>
		<align>right</align>
		<aligny>center</aligny>
		<font>Font_MultiplexInfoLabel</font>
		<textcolor>FF868686</textcolor>
    <label>$LOCALIZE[20376]:</label>
  </control>
  <control type="label">
		<posx>220</posx>
		<posy>140</posy>
		<height>27</height>
		<width>366</width>
		<align>left</align>
		<aligny>center</aligny>
		<font>Font_MultiplexInfoLabel</font>
		<textcolor>FFececec</textcolor>
    <label fallback="161">$INFO[Container(150).ListItem.OriginalTitle]</label>
    <scroll>true</scroll>
    <scrollout>false</scrollout>
  </control>
  <control type="label"><!-- Release Date -->
	  <posx>190</posx>
	  <posy>160</posy>
		<height>27</height>
		<width>200</width>
		<align>right</align>
		<aligny>center</aligny>
		<font>Font_MultiplexInfoLabel</font>
		<textcolor>FF868686</textcolor>
    <label>$ADDON[script.metadata.actors 32022]:</label>
  </control>
  <control type="label">
		<posx>220</posx>
		<posy>160</posy>
		<height>27</height>
		<width>366</width>
		<align>left</align>
		<aligny>center</aligny>
		<font>Font_MultiplexInfoLabel</font>
		<textcolor>FFececec</textcolor>
    <label fallback="161">$INFO[Container(150).ListItem.Property(releasedate)]</label>
    <scroll>true</scroll>
    <scrollout>false</scrollout>
  </control>
  <control type="label"><!-- Role -->
	  <posx>190</posx>
	  <posy>180</posy>
		<height>27</height>
		<width>200</width>
		<align>right</align>
		<aligny>center</aligny>
		<font>Font_MultiplexInfoLabel</font>
		<textcolor>FF868686</textcolor>
    <label>$ADDON[script.metadata.actors 32018]:</label>
  </control>
  <control type="label">
		<posx>220</posx>
		<posy>180</posy>
		<height>27</height>
		<width>366</width>
		<align>left</align>
		<aligny>center</aligny>
		<font>Font_MultiplexInfoLabel</font>
		<textcolor>FFececec</textcolor>
    <label fallback="161">$INFO[Container(150).ListItem.Property(role)]</label>
    <scroll>true</scroll>
    <scrollout>false</scrollout>
  </control>
  <control type="label"><!-- Job -->
	  <posx>190</posx>
	  <posy>200</posy>
		<height>27</height>
		<width>200</width>
		<align>right</align>
		<aligny>center</aligny>
		<font>Font_MultiplexInfoLabel</font>
		<textcolor>FF868686</textcolor>
    <label>$ADDON[script.metadata.actors 32019]:</label>
  </control>
  <control type="label">
		<posx>220</posx>
		<posy>200</posy>
		<height>27</height>
		<width>366</width>
		<align>left</align>
		<aligny>center</aligny>
		<font>Font_MultiplexInfoLabel</font>
		<textcolor>FFececec</textcolor>
    <label fallback="161">$INFO[Container(150).ListItem.Property(job)]</label>
    <scroll>true</scroll>
    <scrollout>false</scrollout>
  </control>
  <control type="label"><!-- Library HasMovie -->
	  <posx>190</posx>
	  <posy>220</posy>
		<height>27</height>
		<width>200</width>
		<align>right</align>
		<aligny>center</aligny>
		<font>Font_MultiplexInfoLabel</font>
		<textcolor>FF868686</textcolor>
    <label>$LOCALIZE[31955]:</label>
  </control>
  <control type="label">
		<posx>220</posx>
		<posy>220</posy>
		<height>27</height>
		<width>366</width>
		<align>left</align>
		<aligny>center</aligny>
		<font>Font_MultiplexInfoLabel</font>
		<textcolor>FFececec</textcolor>
    <label>$VAR[value_actorinfo_hasmovie]</label>
    <scroll>true</scroll>
    <scrollout>false</scrollout>
  </control>
  </control>
  <control type="image">
    <posx>30</posx>
    <posy>270</posy>
    <height>2</height>
    <width>870</width>
    <texture>panel_horizontal_separator.png</texture>
  </control>
  <control type="textbox"><!-- Plot -->
    <posx>30</posx>
    <posy>280</posy>
    <height>135</height>
    <width>855</width>
    <align>justify</align>
    <font>Font_MultiplexPlotSmall</font>
    <label>$INFO[ListItem.Plot]</label>
    <textcolor>FFececec</textcolor>
    <autoscroll delay="8000" time="2000" repeat="8000">!Skin.HasSetting(noinfoplotscroll)</autoscroll>
  </control>
  <control type="image">
    <posx>900</posx>
    <posy>80</posy>
    <height>340</height>
    <width>70</width>
    <texture>common_grey.png</texture>
    <colordiffuse>55000000</colordiffuse>
  </control>
  <control type="image">
    <posx>900</posx>
    <posy>80</posy>
    <height>340</height>
    <width>2</width>
    <texture>panel_vertical_separator.png</texture>
  </control>
  <control type="image">
    <posx>970</posx>
    <posy>80</posy>
    <height>340</height>
    <width>2</width>
    <texture>panel_vertical_separator.png</texture>
  </control>
  <control type="image">
    <posx>970</posx>
    <posy>82</posy>
    <height>340</height>
    <width>17</width>
    <texture>panel_list_detailwide.png</texture>
  </control>
  
  <control type="image">
    <posx>987</posx>
    <posy>82</posy>
    <height>340</height>
    <width>563</width>
    <texture>common_grey.png</texture>
    <colordiffuse>55000000</colordiffuse>
  </control>
  <control type="image"><!-- Thumb -->
    <posx>987</posx>
    <posy>80</posy>
    <height>340</height>
    <width>563</width>
    <aspectratio align="left">keep</aspectratio>
    <texture background="true">$INFO[ListItem.Icon]</texture>
    <fadetime>FanartCrossFadeTime</fadetime>
  </control>
  <control type="image">
    <posx>987</posx>
    <posy>80</posy>
    <height>340</height>
    <width>2</width>
    <texture>panel_vertical_separator.png</texture>
  </control>
  <control type="image">
    <posx>0</posx>
    <posy>80</posy>
    <height>2</height>
    <width>1280</width>
    <texture>panel_horizontal_separator.png</texture>
  </control>
  <control type="image">
    <posx>0</posx>
    <posy>420</posy>
    <height>2</height>
    <width>1280</width>
    <texture>panel_horizontal_separator.png</texture>
  </control>
  
  <control type="image">
    <posx>0</posx>
    <posy>467</posy>
    <height>195</height>
    <width>1280</width>
    <texture>common_black.png</texture>
    <animation effect="fade" end="80" condition="true">conditional</animation>
  </control>
  <control type="wraplist" id="150"><!-- Movie list -->
    <animation effect="fade" reversible="true" time="200">VisibleChange</animation>
    <visible>![[Container(149).HasFocus(10) + IntegerGreaterThan(Container(250).NumItems,0)] | ControlGroup(2500).HasFocus]</visible>
    <viewtype label="">List Info</viewtype>
    <posx>30</posx>
    <posy>471.5</posy>
    <width>1220</width>
    <height>220</height>
    <onup>149</onup>
    <ondown>Skin.Reset(artistzoom)</ondown>
    <ondown>Skin.Reset(actorzoom)</ondown>
    <ondown>SetFocus(160)</ondown>
    <ondown>Skin.SetBool(coverzoom)</ondown>
    <orientation>horizontal</orientation>
    <scrolltime>350</scrolltime>
    <focusposition>3</focusposition>
    <movement>2</movement>
  <itemlayout height="170" width="181">
   <control type="image">
    <posx>0</posx>
    <posy>5</posy>
    <width>130</width>
    <height>180</height>
    <aligny>center</aligny>
    <align>center</align>
    <aspectratio>stretch</aspectratio>
    <texture background="true">$INFO[ListItem.Icon]</texture>
  </control>
  <control type="image">
    <posx>0</posx>
    <posy>5</posy>
    <width>130</width>
    <height>180</height>
    <aligny>center</aligny>
    <align>center</align>
    <aspectratio>stretch</aspectratio>
    <texture>common_black.png</texture>
    <colordiffuse>50FFFFFF</colordiffuse>
  </control>
  <control type="image">
    <posx>100</posx>
    <posy>6</posy>
    <width>30</width>
    <height>30</height>
    <texture>OverlayWatched.png</texture>
    <visible>!IsEmpty(ListItem.Property(LibraryHasMovie)) + IntegerGreaterThan(ListItem.Property(PlayCount),0)</visible>
  </control>
  </itemlayout>
  <focusedlayout height="170" width="181">
  <control type="image">
    <posx>-15</posx>
    <posy>-10</posy>
    <width>160</width>
    <height>210</height>
    <aligny>center</aligny>
    <align>center</align>
    <aspectratio>stretch</aspectratio>
    <texture>thumb_multiplex_iconframe.png</texture>
    <visible>Control.Hasfocus(150)</visible>
  </control>
  <control type="image">
    <posx>0</posx>
    <posy>5</posy>
    <width>130</width>
    <height>180</height>
    <aligny>center</aligny>
    <align>center</align>
    <aspectratio>stretch</aspectratio>
    <texture background="true">$INFO[ListItem.Icon]</texture>
  </control>
  <control type="image">
    <posx>100</posx>
    <posy>6</posy>
    <width>30</width>
    <height>30</height>
    <texture>OverlayWatched.png</texture>
    <visible>!IsEmpty(ListItem.Property(LibraryHasMovie)) + IntegerGreaterThan(ListItem.Property(PlayCount),0)</visible>
  </control>
  </focusedlayout>
  </control>
  
  <control type="group" id="2500">
    <animation effect="fade" reversible="true" time="200">VisibleChange</animation>
    <visible>[Container(149).HasFocus(10) + IntegerGreaterThan(Container(250).NumItems,0)] | ControlGroup(2500).HasFocus</visible>
  <control type="wraplist" id="250"><!-- Actor thumb -->
    <viewtype label="">List Info</viewtype>
    <posx>30</posx>
    <posy>471.5</posy>
    <width>1220</width>
    <height>220</height>
    <onup>149</onup>
    <ondown>Skin.Reset(coverzoom)</ondown>
    <ondown>Skin.Reset(artistzoom)</ondown>
    <ondown>SetFocus(160)</ondown>
    <ondown>Skin.SetBool(actorzoom)</ondown>
    <orientation>horizontal</orientation>
    <scrolltime>350</scrolltime>
    <focusposition>3</focusposition>
    <movement>2</movement>
  <itemlayout height="170" width="181">
   <control type="image">
    <posx>0</posx>
    <posy>5</posy>
    <width>130</width>
    <height>180</height>
    <aligny>center</aligny>
    <align>center</align>
    <aspectratio>stretch</aspectratio>
    <texture background="true">$INFO[ListItem.Icon]</texture>
  </control>
  <control type="image">
    <posx>0</posx>
    <posy>5</posy>
    <width>130</width>
    <height>180</height>
    <aligny>center</aligny>
    <align>center</align>
    <aspectratio>stretch</aspectratio>
    <texture>common_black.png</texture>
    <colordiffuse>50FFFFFF</colordiffuse>
  </control>
  </itemlayout>
  <focusedlayout height="170" width="181">
  <control type="image">
    <posx>-15</posx>
    <posy>-10</posy>
    <width>160</width>
    <height>210</height>
    <aligny>center</aligny>
    <align>center</align>
    <aspectratio>stretch</aspectratio>
    <texture>thumb_multiplex_iconframe.png</texture>
    <visible>Control.Hasfocus(250)</visible>
  </control>
  <control type="image">
    <posx>0</posx>
    <posy>5</posy>
    <width>130</width>
    <height>180</height>
    <aligny>center</aligny>
    <align>center</align>
    <aspectratio>stretch</aspectratio>
    <texture background="true">$INFO[ListItem.Icon]</texture>
  </control>
  </focusedlayout>
  </control>
  </control>
  <control type="image">
    <posx>0</posx>
    <posy>680</posy>
    <height>43</height>
    <width>1280</width>
    <texture>common_black.png</texture>
    <colordiffuse>90FFFFFF</colordiffuse>
  </control>
  <control type="group">
    <animation effect="slide" end="-300,0" time="300" easing="inout" tween="cubic" condition="Container(149).HasFocus(10) | Control.HasFocus(250)">Conditional</animation>
  <control type="image">
    <posx>-150</posx>
    <posy>677</posy>
    <width>420</width>
    <height>23</height>
    <texture flipy="true">osd_trailer_pause.png</texture>
    <colordiffuse>FF848484</colordiffuse>
  </control>
  <control type="label">
	  <posx>30</posx>
	  <posy>675</posy>
		<width>400</width>
		<height>27</height>
		<align>left</align>
		<aligny>center</aligny>
		<textcolor>FF404040</textcolor>
		<font>Font_MultiplexInfoLabel</font>
		<label>$LOCALIZE[31954]: $INFO[ListItem.Property(TotalMovies)] $LOCALIZE[31003]</label>
		<textcolor>FF868686</textcolor>
  </control>
  </control>
  <control type="image">
    <posx>0</posx>
    <posy>453</posy>
    <width>1280</width>
    <height>18</height>
    <texture>film_roll.png</texture>
    <colordiffuse>FF848484</colordiffuse>
  </control>
  <control type="image">
    <posx>0</posx>
    <posy>662</posy>
    <width>1280</width>
    <height>18</height>
    <texture>film_roll.png</texture>
    <colordiffuse>FF848484</colordiffuse>
  </control>
  <control type="label">
    <posx>315</posx>
    <posy>700</posy>
    <width>650</width>
    <align>center</align>
    <aligny>center</aligny>
    <label>$VAR[value_actorinfo_label]</label>
    <font>Font_List</font>
    <textcolor>FFe5e5e5</textcolor>
    <scroll>true</scroll>
    <scrollout>false</scrollout>
  </control>
  <control type="image">
    <posx>0</posx>
    <posy>680</posy>
    <height>43</height>
    <width>1280</width>
    <texture>multiplex_seasongradient.png</texture>
  </control>
  
  <!-- Menu bar -->
  <control type="group">
    <posx>0</posx>
    <posy>405</posy>
  <control type="image">
    <posx>0</posx>
    <posy>0</posy>
    <height>66</height>
    <width>1280</width>
    <texture background="true">topmenu_bar.png</texture>
    <animation effect="fade" end="75" condition="true">Conditional</animation>
  </control>
  <control type="grouplist" id="9000">
    <posx>0</posx>
    <posy>19.5</posy>
    <width>1</width>
    <height>1</height>
    <orientation>horizontal</orientation>
    <itemgap>0</itemgap>
  <control type="group" id="21">
    <visible>false</visible>
    <width>40</width>
  <control type="button" id="22"><!-- Parent dir push button -->
    <posx>0</posx>
    <posy>0</posy>
    <width>40</width>
    <height>40</height>
    <label>1036</label>
    <font>-</font>
    <aligny>-</aligny>
    <onclick>ParentDir</onclick>
    <onleft>25</onleft>
    <onright>8</onright>
    <onup>150</onup>
    <ondown>49</ondown>
    <visible>false</visible>
  </control>
  </control>
  <control type="button" id="8"><!-- Browse to Show -->
    <visible>false</visible>
  </control>
  <control type="button" id="6"><!-- Refresh -->
    <visible>false</visible>
  </control>
  <control type="button" id="10"><!-- Get Thumb -->
    <visible>false</visible>
  </control>
  <control type="button" id="20"><!-- Get Fanart -->
    <visible>false</visible>
  </control>
  <control type="button" id="11"><!-- TMDB -->
    <visible>false</visible>
  </control>
  <control type="button" id="25"><!-- Addon Settings -->
    <visible>false</visible>
  </control>
  </control>

  <control type="wraplist" id="149">
    <posx>0</posx>
    <posy>19.5</posy>
    <width>1280</width>
    <height>25</height>
    <ondown condition="!Container(149).HasFocus(10)">150</ondown>
    <ondown condition="Container(149).HasFocus(10)">250</ondown>
    <orientation>horizontal</orientation>
    <pagecontrol>-</pagecontrol>
    <scrolltime>300</scrolltime>
    <focusposition>3</focusposition>
  <itemlayout height="25" width="182.5">
  <control type="image">
    <posx>0</posx>
    <posy>0</posy>
    <width>1</width>
    <height>25</height>
    <texture>panel_vertical_separator.png</texture>
  </control>
  <control type="label">
    <posx>91</posx>
    <posy>0</posy>
    <height>25</height>
    <width>162</width>
    <align>center</align>
    <aligny>center</aligny>
		<font>Font_MultiplexPlotTips</font>
    <label>[UPPERCASE]$INFO[ListItem.Label][/UPPERCASE]</label>
    <textcolor>48FFFFFF</textcolor>
  </control>
  </itemlayout>
  <focusedlayout height="25" width="182.5">
  <control type="image">
    <posx>0</posx>
    <posy>0</posy>
    <width>182.5</width>
    <height>25</height>
    <texture background="true">settings_button_focus.png</texture>
    <visible>Control.Hasfocus(149)</visible>
  </control>
  <control type="image">
    <posx>0</posx>
    <posy>0</posy>
    <width>1</width>
    <height>25</height>
    <texture>panel_vertical_separator.png</texture>
  </control>
  <control type="label">
    <posx>91</posx>
    <posy>0</posy>
    <height>25</height>
    <width>162</width>
    <align>center</align>
    <aligny>center</aligny>
		<font>Font_MultiplexPlotTips</font>
    <label>[UPPERCASE]$INFO[ListItem.Label][/UPPERCASE]</label>
    <textcolor>FF101010</textcolor>
    <visible>Control.Hasfocus(149)</visible>
  </control>
  <control type="label">
    <posx>91</posx>
    <posy>0</posy>
    <height>25</height>
    <width>162</width>
    <align>center</align>
    <aligny>center</aligny>
		<font>Font_MultiplexPlotTips</font>
    <label>[UPPERCASE]$INFO[ListItem.Label][/UPPERCASE]</label>
    <textcolor>48FFFFFF</textcolor>
    <visible>!Control.Hasfocus(149)</visible>
  </control>
  </focusedlayout>
  <content>
  <item id="6"><!-- Refresh -->
    <label>184</label>
    <onclick>SendClick(6)</onclick>
  </item>
  <item id="8"><!-- Browse to Show -->
    <label>1024</label>
    <onclick>SendClick(8)</onclick>
    <visible>!IsEmpty(Container(150).ListItem.Property(LibraryHasMovie))</visible>
  </item>
  <item id="30"><!-- Artist Zoom -->
    <label>31944</label>
    <onclick>Skin.Reset(coverzoom)</onclick>
    <onclick>Skin.Reset(actorzoom)</onclick>
    <onclick>Skin.SetBool(artistzoom)</onclick>
    <onclick>SetFocus(160)</onclick>
  </item>
  <item id="10"><!-- Get Thumb -->
    <label>13405</label>
    <onclick>SendClick(10)</onclick>
  </item>
  <item id="20"><!-- Get Fanart -->
    <label>20413</label>
    <onclick>SendClick(20)</onclick>
  </item>
  <item id="11"><!-- TMDB -->
    <label>20067</label>
    <onclick>SendClick(11)</onclick>
  </item>
  <item id="31"><!-- Homepage -->
    <label>$ADDON[script.metadata.actors 32017]</label>
    <onclick>RunScript(script.metadata.actors,homepage=$INFO[ListItem.Property(Homepage)])</onclick>
    <visible>!IsEmpty(ListItem.Property(Homepage))</visible>
  </item>
  <item id="25"><!-- Addon Settings -->
    <label>24002</label>
    <onclick>SendClick(25)</onclick>
  </item>
  </content>
  </control>
  </control>
 
  <control type="button" id="160">
    <include>InvisibleButton</include>
    <onup condition="Skin.HasSetting(artistzoom)">SetFocus(149)</onup>
    <onup condition="Skin.HasSetting(coverzoom)">SetFocus(150)</onup>
    <onup condition="Skin.HasSetting(actorzoom)">SetFocus(250)</onup>
    <ondown condition="Skin.HasSetting(artistzoom)">SetFocus(149)</ondown>
    <ondown condition="Skin.HasSetting(coverzoom)">SetFocus(150)</ondown>
    <ondown condition="Skin.HasSetting(actorzoom)">SetFocus(250)</ondown>
    <onleft condition="Skin.HasSetting(artistzoom)">SetFocus(149)</onleft>
    <onleft condition="Skin.HasSetting(coverzoom)">SetFocus(150)</onleft>
    <onleft condition="Skin.HasSetting(actorzoom)">SetFocus(250)</onleft>
    <onright condition="Skin.HasSetting(artistzoom)">SetFocus(149)</onright>
    <onright condition="Skin.HasSetting(coverzoom)">SetFocus(150)</onright>
    <onright condition="Skin.HasSetting(actorzoom)">SetFocus(250)</onright>
  </control>
  <control type="image">
    <include>FullScreenDimensions</include>
    <texture>common_grey.png</texture>
    <animation effect="fade" start="0" end="100" time="200">Visible</animation>
    <animation effect="fade" start="100" end="0" time="400">Hidden</animation>
    <visible>Control.HasFocus(160)</visible>
  </control>
  <control type="image">
    <include>FullScreenDimensions</include>
    <texture background="true">hive_back.png</texture>
    <animation effect="fade" start="0" end="100" time="200">Visible</animation>
    <animation effect="fade" start="100" end="0" time="400">Hidden</animation>
    <visible>Control.HasFocus(160)</visible>
  </control>
  <control type="group">
    <posx>-1280</posx>
    <posy>15</posy>
    <animation effect="slide" start="0,0" end="1280,0" time="400" tween="cubic" easing="inout" condition="Control.HasFocus(160)">Conditional</animation>
    <animation effect="slide" start="0,0" end="0,-25" time="600" delay="1000" tween="cubic" easing="inout" condition="Control.HasFocus(160)">Conditional</animation>
  <control type="image">
    <posx>360</posx>
    <posy>0</posy>
    <width>560</width>
    <height>700</height>
    <align>center</align>
    <texture background="true">artist_border.png</texture>
    <animation effect="rotate" start="0,0" end="-2.0.0" center="auto" delay="1000" easing="out" tween="back" time="600" condition="Control.HasFocus(160)">Conditional</animation>
    <visible>Control.HasFocus(160) + [Skin.HasSetting(artistzoom) | Skin.HasSetting(actorzoom)]</visible>
  </control>
  <control type="image">
    <description>Cover image</description>
    <posx>390</posx>
    <posy>32</posy>
    <width>500</width>
    <height>640</height>
    <aspectratio>keep</aspectratio>
    <texture background="true">$INFO[Container(150).ListItem.Icon]</texture>
    <visible>Skin.HasSetting(coverzoom)</visible>
  </control>
  <control type="image">
    <description>Cover image</description>
    <posx>390</posx>
    <posy>32</posy>
    <width>500</width>
    <height>640</height>
    <texture background="true">$VAR[value_actorinfo_zoomthumb]</texture>
    <aspectratio>scale</aspectratio>
    <fadetime>FanartCrossFadeTime</fadetime>
    <visible>Skin.HasSetting(artistzoom) | Skin.HasSetting(actorzoom)</visible>
  </control>
  <control type="image">
    <posx>360</posx>
    <posy>0</posy>
    <width>560</width>
    <height>700</height>
    <align>center</align>
    <texture background="true">artist_border.png</texture>
    <visible>Skin.HasSetting(artistzoom) | Skin.HasSetting(actorzoom)</visible>
  </control>
  </control>
  <control type="group">
    <visible>Control.HasFocus(160)</visible>
    <animation effect="slide" start="0,0" end="0,-80" time="600" delay="1000" tween="cubic" easing="inout" condition="Control.HasFocus(160)">Conditional</animation>
  <control type="image">
    <posx>0</posx>
    <posy>760</posy>
    <height>40</height>
    <width>1280</width>
    <texture>common_black.png</texture>
    <colordiffuse>95000000</colordiffuse>
  </control>
  <control type="label">
    <posx>0</posx>
    <posy>760</posy>
    <height>40</height>
    <width>1280</width>
    <align>center</align>
    <aligny>center</aligny>
    <label>$VAR[value_actorinfo_zoomlabel]</label>
    <font>Font_List</font>
    <textcolor>FFe5e5e5</textcolor>
    <scroll>true</scroll>
    <scrollout>false</scrollout>
  </control>
  <control type="image">
    <posx>0</posx>
    <posy>760</posy>
    <height>40</height>
    <width>1280</width>
    <texture>multiplex_seasongradient.png</texture>
  </control>
  </control>
  </control>
  <include>BGBlack</include>
	</controls>
</window>