﻿<!-- Aeon MQ 4 -->

<window>
	<allowoverlay>no</allowoverlay>
	<defaultcontrol always="true">50</defaultcontrol>
  <controls>
  
  <control type="multiimage"><!-- Fanart -->
    <include>FullScreenDimensions</include>
		<timeperimage>6000</timeperimage>
		<randomize>true</randomize>
		<fadetime>FanartCrossFadeTime</fadetime>
		<animation effect="zoom" start="110" end="130" center="auto" time="10000" tween="cubic" easing="inout" pulse="true" condition="Skin.HasSetting(animationgames_panscan)">Conditional</animation>
		<animation effect="slide" start="-10,-10" end="10,10" time="5000" tween="cubic" easing="inout" pulse="true" condition="Skin.HasSetting(animationgames_panscan)">Conditional</animation>
		<animation effect="slide" start="1280,0" end="0,0" time="500" tween="cubic" easing="out" reversible="false" condition="Skin.HasSetting(animationgames_slide) + Control.IsVisible(110)">Conditional</animation>
		<animation effect="slide" start="-1280,0" end="0,0" time="500" tween="cubic" easing="out" reversible="false" condition="Skin.HasSetting(animationgames_slide) + Control.IsVisible(111)">Conditional</animation>
    <imagepath background="true" fallback="special://skin/backgrounds/default.jpg">$VAR[value_gamesfanart]</imagepath>
  </control>
  <control type="multiimage"><!-- Fanart -->
    <include>FullScreenDimensions</include>
		<timeperimage>6000</timeperimage>
		<randomize>true</randomize>
		<fadetime>FanartCrossFadeTime</fadetime>
		<animation effect="slide" start="0,0" end="-1280,0" time="500" tween="cubic" easing="out" reversible="false" condition="Control.IsVisible(110)">Conditional</animation>
    <imagepath background="true" fallback="special://skin/backgrounds/default.jpg">$VAR[value_gamesfanart]</imagepath>
    <visible>Skin.HasSetting(animationgames_slide)</visible>
  </control>
  <control type="multiimage"><!-- Fanart -->
    <include>FullScreenDimensions</include>
		<timeperimage>6000</timeperimage>
		<randomize>true</randomize>
		<fadetime>FanartCrossFadeTime</fadetime>
		<animation effect="slide" start="0,0" end="1280,0" time="500" tween="cubic" easing="out" reversible="false" condition="Control.IsVisible(111)">Conditional</animation>
    <imagepath background="true" fallback="special://skin/backgrounds/default.jpg">$VAR[value_gamesfanart]</imagepath>
    <visible>Skin.HasSetting(animationgames_slide)</visible>
  </control>
  <control type="multiimage" id="5020"><!-- Extra Fanart -->
    <include>InvisibleButton</include>
    <imagepath background="true">$INFO[ListItem.Path]extrafanart/</imagepath>
    <visible>Skin.HasSetting(extrafanartgames)</visible>
  </control>
  <control type="image" id="110"><!-- to slide fanart -->
    <include>InvisibleButton</include>
    <visible>!Container.OnNext</visible>
    <animation effect="fade" start="0" end="100" time="150" condition="true">Visible</animation>
  </control>
  <control type="image" id="111"><!-- to slide fanart -->
    <include>InvisibleButton</include>
    <visible>!Container.OnPrevious</visible>
    <animation effect="fade" start="0" end="100" time="150" condition="true">Visible</animation>
  </control>

  <!-- Views Group -->
  <control type="group" id="200">
  	<include>Animation_OpenCloseZoom</include>
  <control type="image">
    <posx>0</posx>
    <posy>335</posy>
    <width>1280</width>
    <height>405</height>
    <texture>$VAR[value_floor]</texture>
    <include>Animation_CommonFade</include>
    <include>Animation_HideShowcase</include>
    <visible>Control.IsVisible(50) | Control.IsVisible(52)</visible>
  </control>
  <control type="image">
    <posx>144</posx>
    <posy>603</posy>
    <width>993</width>
    <height>137</height>
    <texture>$VAR[value_spot]</texture>
    <include>Animation_CommonFade</include>
    <include>Animation_HideShowcase</include>
    <visible>Control.IsVisible(50) | Control.IsVisible(52)</visible>
  </control>
  <control type="group">
    <posx>0</posx>
    <posy>0</posy>
  <control type="group">
  <control type="image" id="109"><!-- to panel info -->
    <include>InvisibleButton</include>
    <animation effect="fade" start="0" end="100" time="150" delay="1000" condition="SubString(skin.string(panel_seconds),1)">Visible</animation>
    <animation effect="fade" start="0" end="100" time="150" delay="2000" condition="SubString(skin.string(panel_seconds),2)">Visible</animation>
    <animation effect="fade" start="0" end="100" time="150" delay="3000" condition="SubString(skin.string(panel_seconds),3)">Visible</animation>
    <animation effect="fade" start="0" end="100" time="150" delay="4000" condition="SubString(skin.string(panel_seconds),4)">Visible</animation>
    <animation effect="fade" start="0" end="100" time="150" delay="5000" condition="SubString(skin.string(panel_seconds),5)">Visible</animation>
    <visible>![Control.IsVisible(50) + [SubString(skin.string(games_info_multiplex),off) | SubString(skin.string(games_info_multiplex),trigger)] | Container.OnNext | Container.OnPrevious | IsEmpty(ListItem.Thumb) | ControlGroup(9000).HasFocus | Control.HasFocus(9920)]</visible>
  </control>
  <control type="button" id="80196"><!-- reset -->
    <include>InvisibleButton</include>
    <onfocus>SetFocus(50)</onfocus>
    <onfocus>PlayerControl(stop)</onfocus>
  </control>
  <control type="button" id="80197"><!-- reset -->
    <include>InvisibleButton</include>
    <onfocus>SetFocus(50)</onfocus>
    <onfocus>Skin.Reset(videomode)</onfocus>
    <onfocus>Skin.Reset(videoplay)</onfocus>
    <onfocus>PlayerControl(stop)</onfocus>
  </control>
  <control type="button" id="80110"><!-- thumbs control -->
    <include>InvisibleButton</include>
    <visible>IsEmpty(ListItem.Property(gameinfobig))</visible>
  </control>
  <control type="button" id="9900"><!-- to menu/kiosk condition -->
    <include>InvisibleButton</include>
    <onfocus>PlayerControl(stop)</onfocus>
    <onfocus condition="![Skin.HasSetting(kiosk) | Skin.HasSetting(kiosksmart) + !SubString(skin.string(codestep),step3)]">SetFocus(9300)</onfocus>
    <onfocus condition="Skin.HasSetting(kiosksmart) + !SubString(skin.string(codestep),step3)">SetFocus(9100)</onfocus>
    <onfocus condition="Skin.HasSetting(kiosk) + [IsEmpty(ListItem.Property(gameplaymain)) | SubString(skin.string(games_video),off)]">SetFocus(50)</onfocus>
    <onfocus condition="Skin.HasSetting(kiosk) + ![IsEmpty(ListItem.Property(gameplaymain)) | SubString(skin.string(games_video),off)]">SetFocus(90000)</onfocus>
  </control>
  <control type="button" id="9910"><!-- panel focus -->
    <include>InvisibleButton</include>
    <onleft>SetFocus(50)</onleft>
    <onright>SetFocus(50)</onright>
    <onup>SetFocus(9900)</onup>
    <ondown>SetFocus(50)</ondown>
    <onfocus condition="!SubString(skin.string(games_video),off)">PlayMedia($ESCINFO[ListItem.Property(gameplaymain)],1)</onfocus>
  </control>
  <control type="button" id="9920"><!-- hidden colection/view fanart -->
    <include>InvisibleButton</include>
    <onleft>SetFocus(50)</onleft>
    <onright>SetFocus(50)</onright>
    <onup>SetFocus(50)</onup>
    <ondown>SetFocus(50)</ondown>
  </control>
  <control type="button" id="90000">
    <include>InvisibleButton</include>
    <onup>SetFocus(90100)</onup>
    <ondown>SetFocus(90100)</ondown>
    <onleft>SetFocus(90100)</onleft>
    <onright>SetFocus(90100)</onright>
    <onfocus>Skin.SetBool(trailermode)</onfocus>
    <onfocus>Skin.SetBool(trailerplay)</onfocus>
    <onfocus condition="!Skin.HasSetting(fullscreengamevideo)">AlarmClock(trailermode,Skin.Reset(trailermode),0:05,true)</onfocus>
    <onfocus condition="!Skin.HasSetting(fullscreengamevideo)">AlarmClock(playtrailer,PlayMedia($ESCINFO[ListItem.Property(gameplaymain)],1),0:03,true)</onfocus>
    <onfocus condition="Skin.HasSetting(fullscreengamevideo)">AlarmClock(playtrailer,PlayMedia($ESCINFO[ListItem.Property(gameplaymain)]),0:05,true)</onfocus>
    <visible>!SubString(skin.string(games_video),off)</visible>
  </control>
  <control type="button" id="90100">
    <include>InvisibleButton</include>
    <onfocus>CancelAlarm(playtrailer,true)</onfocus>
    <onfocus>SetFocus(50)</onfocus>
    <onfocus>Skin.Reset(trailermode)</onfocus>
    <onfocus>Skin.Reset(trailerplay)</onfocus>
    <onfocus>PlayerControl(stop)</onfocus>
  </control>
    <include>Furniture_Floor</include>

  
  <!--##################################################################################   VIEW MULTIPLEX - ID 50   #############################################################################-->
  <control type="group">
    <posx>0</posx>
    <posy>26</posy>
    <width>1280</width>
    <height>500</height>
    <animation effect="fade" start="0" end="100" time="400" delay="5000" condition="![SubString(skin.string(games_info_multiplex),on) | IsEmpty(ListItem.Thumb)]">WindowOpen</animation>
    <animation effect="fade" end="0" time="200">WindowClose</animation>
    <include>Animation_InfoPanelSlide</include>
    <visible>Control.IsVisible(50) + [Control.IsVisible(109) | Control.HasFocus(9910) | SubString(skin.string(games_info_multiplex),on) + !Control.HasFocus(9920)]</visible>
    
  <control type="image">
    <posx>75</posx>
    <width>1130</width>
    <height>590</height>
    <texture background="true">panel_back.png</texture>
    <include>Animation_CommonFade</include>
    <visible>Control.IsVisible(50) + Skin.HasSetting(nomultiplexrcbthin)</visible>
  </control>
  <control type="image">
    <posx>75</posx>
    <width>1130</width>
    <height>590</height>
    <texture background="true">panel_tablet.png</texture>
  </control>
  <control type="image">
    <posx>351</posx>
    <posy>40</posy>
    <width>2</width>
    <height>135</height>
    <texture>panel_vertical_separator.png</texture>
    <visible>!Control.IsVisible(80110)</visible>
  </control>
  <control type="image">
    <posx>618</posx>
    <posy>40</posy>
    <width>2</width>
    <height>314</height>
    <texture>panel_vertical_separator.png</texture>
    <visible>!Control.IsVisible(80110)</visible>
  </control>
  <control type="image">
    <posx>85</posx>
    <posy>176</posy>
    <width>532</width>
    <height>2</height>
    <texture>panel_horizontal_separator.png</texture>
    <visible>!Control.IsVisible(80110)</visible>
  </control>
  <control type="image">
    <posx>85</posx>
    <posy>355</posy>
    <width>1110</width>
    <height>2</height>
    <texture>panel_horizontal_separator.png</texture>
  </control>
  <control type="image">
    <posx>290</posx>
    <posy>40</posy>
    <width>2</width>
    <height>314</height>
    <texture>panel_vertical_separator.png</texture>
    <visible>Control.IsVisible(80110)</visible>
  </control>
  <control type="image">
    <posx>640</posx>
    <posy>40</posy>
    <width>2</width>
    <height>314</height>
    <texture>panel_vertical_separator.png</texture>
    <visible>Control.IsVisible(80110)</visible>
  </control>
  <control type="image">
    <posx>988</posx>
    <posy>40</posy>
    <width>2</width>
    <height>314</height>
    <texture>panel_vertical_separator.png</texture>
    <visible>Control.IsVisible(80110)</visible>
  </control>
  <!-- Info Labels -->
  <control type="group"><!-- Fanart layout -->
    <visible>!Control.IsVisible(80110)</visible>
    <animation effect="fade" reversible="true" time="300">VisibleChange</animation>
  <control type="group"><!-- left group-->
    <posx>101</posx>
    <posy>20</posy>
  <control type="group"><!-- Developer -->
  <posy>22</posy>
  <control type="label">
    <include>ShowcaseInfoLabel</include>
    <label>$LOCALIZE[31788]:</label>
  </control>
  <control type="label">
    <include>ShowcaseInfoValue</include>
    <label fallback="161">$INFO[ListItem.Property(developer)]</label>
    <width>232</width>
  </control>
  </control>
  <control type="group"><!-- Publisher -->
    <posy>67</posy>
  <control type="label">
    <include>ShowcaseInfoLabel</include>
    <label>$LOCALIZE[31771]:</label>
  </control>
  <control type="label">
    <include>ShowcaseInfoValue</include>
    <label fallback="161">$INFO[ListItem.Property(publisher)]</label>
    <width>232</width>
  </control>
  </control>
  <control type="group"><!-- Plataform -->
    <posy>112</posy>
  <control type="label">
    <include>ShowcaseInfoLabel</include>
    <label>$LOCALIZE[31770]:</label>
  </control>
  <control type="label">
    <include>ShowcaseInfoValue</include>
    <width>245</width>
    <label fallback="161">$INFO[ListItem.Property(console)]</label>
    <width>232</width>
  </control>
  </control>
  </control>
  <control type="group"><!-- right group-->
    <posx>370</posx>
    <posy>20</posy>
  <control type="group"><!-- Year -->
    <posy>22</posy>
  <control type="label">
    <include>ShowcaseInfoLabel</include>
    <label>$LOCALIZE[31036]:</label>
  </control>
  <control type="label">
    <include>ShowcaseInfoValue</include>
    <width>232</width>
    <label fallback="161">$INFO[ListItem.Property(year)]</label>
  </control>
  </control>
  <control type="group"><!-- Genre -->
    <posy>67</posy>
  <control type="label">
    <include>ShowcaseInfoLabel</include>
    <label>$LOCALIZE[31032]:</label>
  </control>
  <control type="label">
    <include>ShowcaseInfoValue</include>
    <width>232</width>
    <label fallback="161">$INFO[ListItem.Property(genre)]</label>
  </control>
  </control>
  <control type="group"><!-- Rating/Votes -->
    <posy>112</posy>
  <control type="label">
    <include>ShowcaseInfoLabel</include>
    <label>$LOCALIZE[31774] / $LOCALIZE[205]:</label>
  </control>
  <control type="label">
    <include>ShowcaseInfoValue</include>
    <width>232</width>
    <label fallback="161">$INFO[ListItem.Property(rating)]</label>
    <visible>IsEmpty(ListItem.Property(votes))</visible>
  </control>
  <control type="label">
    <include>ShowcaseInfoValue</include>
    <width>232</width>
    <label fallback="161">$INFO[ListItem.Property(rating)]$INFO[ListItem.Property(votes), / ] $LOCALIZE[205]</label>
    <visible>!IsEmpty(ListItem.Property(votes))</visible>
  </control>
  </control>
  </control>
  </control>
  
  <control type="group"> <!--extrathumbs-->
    <visible>Control.IsVisible(80110)</visible>
    <animation effect="fade" reversible="true" time="300">VisibleChange</animation>
    <posx>302</posx>
    <posy>22</posy>
  <control type="group"><!-- Developer -->
    <posy>22</posy>
  <control type="label">
    <include>MultiplexInfoLabel</include>
    <label>$LOCALIZE[31788]:</label>
  </control>
  <control type="label">
    <include>MultiplexInfoValue</include>
    <label fallback="161">$INFO[ListItem.Property(developer)]</label>
    <width>322</width>
  </control>
  </control>
  <control type="group"><!-- Publisher -->
    <posy>67</posy>
  <control type="label">
    <include>MultiplexInfoLabel</include>
    <label>$LOCALIZE[31771]:</label>
  </control>
  <control type="label">
    <include>MultiplexInfoValue</include>
    <label fallback="161">$INFO[ListItem.Property(publisher)]</label>
    <width>322</width>
  </control>
  </control>
  <control type="group"><!-- Year -->
    <posy>112</posy>
  <control type="label">
    <include>MultiplexInfoLabel</include>
    <width>285</width>
    <label>$LOCALIZE[31036]:</label>
  </control>
  <control type="label">
    <include>MultiplexInfoValue</include>
    <label fallback="161">$INFO[ListItem.Property(year)]</label>
    <width>322</width>
  </control>
  </control>
  <control type="group"><!-- Genre -->
    <posy>157</posy>
  <control type="label">
    <include>MultiplexInfoLabel</include>
    <label>$LOCALIZE[31032]:</label>
  </control>
  <control type="label">
    <include>MultiplexInfoValue</include>
    <width>322</width>
    <label fallback="161">$INFO[ListItem.Property(genre)]</label>
  </control>
  </control>
  <control type="group"><!-- Rating/Votes -->
    <posy>202</posy>
  <control type="label">
    <include>MultiplexInfoLabel</include>
    <label>$LOCALIZE[31774] / $LOCALIZE[205]:</label>
  </control>
  <control type="label">
    <include>MultiplexInfoValue</include>
    <width>322</width>
    <label fallback="161">$INFO[ListItem.Property(rating)]</label>
    <visible>IsEmpty(ListItem.Property(votes))</visible>
  </control>
  <control type="label">
    <include>MultiplexInfoValue</include>
    <width>322</width>
    <label fallback="161">$INFO[ListItem.Property(rating)]$INFO[ListItem.Property(votes), / ] $LOCALIZE[205]</label>
    <visible>!IsEmpty(ListItem.Property(votes))</visible>
  </control>
  </control>
  <control type="group"><!-- Players -->
    <posy>247</posy>
  <control type="label">
    <include>MultiplexInfoLabel</include>
    <label>$LOCALIZE[31773]:</label>
  </control>
  <control type="label">
    <include>MultiplexInfoValue</include>
    <width>322</width>
    <label fallback="161">$INFO[ListItem.Property(maxplayers)]</label>
  </control>
  </control>
  <control type="group"><!-- Plataform -->
    <posy>292</posy>
  <control type="label">
    <include>MultiplexInfoLabel</include>
    <label>$LOCALIZE[31770]:</label>
  </control>
  <control type="label">
    <include>MultiplexInfoValue</include>
    <width>322</width>
    <label fallback="161">$INFO[ListItem.Property(console)]</label>
  </control>
  </control>
  <control type="textbox">
    <posx>352</posx>
    <posy>22</posy>
    <width>322</width>
    <height>302</height>
    <font>Font_MultiplexPlot</font>
    <label>$INFO[ListItem.Property(plot)]</label>
    <autoscroll delay="8000" time="2000" repeat="8000">!Skin.HasSetting(noallowscroll)</autoscroll>
  </control>
  </control>
  
  <control type="group" id="300"><!-- Fanart/Video -->
    <visible>!Control.IsVisible(80110)</visible>
    <animation effect="fade" reversible="true" time="300">VisibleChange</animation>
    <posx>0</posx>
    <posy>0</posy>
  <control type="image">
    <posx>645</posx>
    <posy>50</posy>
    <width>524</width>
    <height>294</height>
    <texture>common_black.png</texture>
    <colordiffuse>94FFFFFF</colordiffuse>
  </control>
  <control type="textbox" id="2100"><!-- game / console description -->
    <description>Plot</description>
    <posx>101</posx>
    <posy>190</posy>
    <width>502</width>
    <height>155</height>
    <align>justify</align>
    <font>Font_MultiplexPlotSmall</font>
    <label>$INFO[ListItem.Property(plot)]</label>
    <autoscroll delay="8000" time="2000" repeat="8000">!Skin.HasSetting(noallowscroll)</autoscroll>
  </control>
  </control>
  <control type="group">
    <posx>646</posx>
    <posy>51</posy>
  <control type="image" id="2001"><!-- mainviewgameinfobig -->
    <description>mainviewgameinfo</description>
    <posx>0</posx>
    <posy>0</posy>
    <width>522</width>
    <height>292</height>
    <texture background="true">$INFO[ListItem.Property(gameinfobig)]</texture>
    <aspectratio>keep</aspectratio>
    <fadetime>FanartCrossfadeTime</fadetime>
    <visible>!Player.HasVideo</visible>
  </control> 
  <control type="videowindow" id="2301"><!-- videowindowbig -->
    <posx>0</posx>
    <posy>0</posy>
    <width>522</width>
    <height>292</height>
    <animation effect="slide" start="0,0" end="-2000,0" time="0">WindowClose</animation>
    <visible>![IsEmpty(ListItem.Property(videosizebig)) | Skin.HasSetting(trailerplay)]</visible>
  </control>
  <control type="button"><!-- click absorber -->
    <posx>0</posx>
    <posy>0</posy>
    <width>522</width>
    <height>292</height>
    <texturefocus></texturefocus>
    <texturenofocus></texturenofocus>
    <visible>!IsEmpty(ListItem.Property(videosizebig))</visible>
  </control>
  </control>
  
  <control type="group">
    <posy>190</posy>
  <control type="group"><!--thumbs right-->
    <visible>Control.IsVisible(80110) + Control.IsVisible(50) + [Control.IsVisible(109) | Control.HasFocus(9910) | SubString(skin.string(games_info_multiplex),on) + !Control.HasFocus(9920)]</visible>
    <animation effect="slide" time="1000" start="300,0" end="0,0" delay="1000" tween="cubic" easing="inout">WindowOpen</animation>
    <animation effect="slide" time="1000" start="0,0" end="300,0" delay="0" tween="cubic" easing="inout">WindowClose</animation>
    <animation effect="slide" start="350,0" end="0,0" time="700" tween="cubic" easing="inout">VisibleChange</animation>
    <animation effect="rotatey" center="0" end="10" time="0" condition="true">Conditional</animation>
    <posx>937</posx>
  <control type="group">
  <description>Thumbs on Right</description>
  <posy>25</posy>
  <control type="largeimage">
    <posx>-8</posx>
    <posy>11</posy>
    <width>191</width>
    <height>130</height>
    <fadetime>FanartCrossfadeTime</fadetime>
    <texture>thumb_list_tvicon_shadow.png</texture>
  </control>
  <control type="largeimage">
    <posy>20</posy>
    <width>175</width>
    <height>112</height>
    <aspectratio>stretch</aspectratio>
    <fadetime>FanartCrossfadeTime</fadetime>
    <aspectratio scalediffuse="false">stretch</aspectratio>
    <texture diffuse="thumb_list_tvicon_mask.png">common_black.png</texture>
  </control>
  <control type="largeimage" id="2701"><!-- gameinfolowerright -->
    <posy>20</posy>
    <width>175</width>
    <height>112</height>
    <aspectratio>keep</aspectratio>
    <fadetime>FanartCrossfadeTime</fadetime>
    <aspectratio scalediffuse="false">stretch</aspectratio>
    <texture diffuse="thumb_list_tvicon_mask.png">$INFO[ListItem.Property(gameinfolowerright)]</texture>
    <visible>!Player.HasVideo</visible>
  </control>
  <control type="image" id="2741"><!-- mainviewgameinforight -->
    <description>mainviewgameinforight</description>
    <posy>20</posy>
    <width>175</width>
    <height>112</height>
    <aspectratio>keep</aspectratio>
    <fadetime>FanartCrossfadeTime</fadetime>
    <aspectratio scalediffuse="false">stretch</aspectratio>
    <texture background="true">$INFO[ListItem.Property(gameinforight)]</texture>
  </control>
  <control type="videowindow" id="2801"><!-- videowindowsmall -->
    <posx>120</posx>
    <posy>0</posy>
    <width>191</width>
    <height>130</height>
    <fadetime>FanartCrossfadeTime</fadetime>
    <animation effect="slide" start="0,0" end="-2000,0" time="0">WindowClose</animation>
    <visible>![IsEmpty(ListItem.Property(videosizesmall)) | Skin.HasSetting(trailerplay)]</visible>
  </control>
  <control type="button"><!-- video absorber -->
    <posx>120</posx>
    <posy>0</posy>
    <width>191</width>
    <height>130</height>
    <texturefocus></texturefocus>
    <texturenofocus></texturenofocus>
    <visible>!IsEmpty(ListItem.Property(videosizesmall))</visible>
  </control>
  <control type="largeimage">
    <posy>20</posy>
    <width>175</width>
    <height>112</height>
    <fadetime>FanartCrossfadeTime</fadetime>
    <texture diffuse="thumb_list_tvicon_mask.png">thumb_list_tvicon_glass.png</texture>
  </control>
  </control>
  <control type="group">
  <posy>-102</posy>
  <control type="largeimage">
    <posx>-8</posx>
    <posy>11</posy>
    <width>191</width>
    <height>130</height>
    <fadetime>FanartCrossfadeTime</fadetime>
    <texture>thumb_list_tvicon_shadow.png</texture>
  </control>
  <control type="largeimage">
    <posy>20</posy>
    <width>175</width>
    <height>112</height>
    <aspectratio>stretch</aspectratio>
    <fadetime>FanartCrossfadeTime</fadetime>
    <aspectratio scalediffuse="false">stretch</aspectratio>
    <texture diffuse="thumb_list_tvicon_mask.png">common_black.png</texture>
  </control>
  <control type="largeimage" id="2501">
    <posy>20</posy>
    <width>175</width>
    <height>112</height>
    <aspectratio>keep</aspectratio>
    <fadetime>FanartCrossfadeTime</fadetime>
    <aspectratio scalediffuse="false">stretch</aspectratio>
    <texture diffuse="thumb_list_tvicon_mask.png">$INFO[ListItem.Property(gameinfoupperright)]</texture>
  </control>
  <control type="largeimage">
    <posy>20</posy>
    <width>175</width>
    <height>112</height>
    <fadetime>FanartCrossfadeTime</fadetime>
    <texture diffuse="thumb_list_tvicon_mask.png">thumb_list_tvicon_glass.png</texture>
    <visible>!Container.Content(episodes)</visible>
  </control>
  </control>
  </control>
  <control type="group"><!--thumbs left-->
    <visible>Control.IsVisible(80110) + Control.IsVisible(50) + [Control.IsVisible(109) | Control.HasFocus(9910) | SubString(skin.string(games_info_multiplex),on) + !Control.HasFocus(9920)]</visible>
    <animation effect="slide" time="1000" start="-300,0" end="0,0" delay="1000" tween="cubic" easing="inout">WindowOpen</animation>
    <animation effect="slide" time="1000" start="0,0" end="-300,0" delay="0" tween="cubic" easing="inout">WindowClose</animation>
    <animation effect="slide" start="-350,0" end="0,0" time="700" tween="cubic" easing="inout">VisibleChange</animation>
    <animation effect="rotatey" center="0" end="-10" time="0" condition="true">Conditional</animation>
    <posx>15</posx>
    <posy>-17</posy>
  <control type="group">
  <description>Thumbs on left</description>
  <posy>5</posy>
  <control type="largeimage">
    <posx>-10</posx>
    <posy>8</posy>
    <width>261</width>
    <height>179</height>
    <fadetime>FanartCrossfadeTime</fadetime>
    <texture>thumb_list_tvicon_shadow.png</texture>
  </control>
  <control type="largeimage">
    <posy>20</posy>
    <width>240</width>
    <height>154</height>
    <aspectratio>stretch</aspectratio>
    <fadetime>FanartCrossfadeTime</fadetime>
    <aspectratio scalediffuse="false">stretch</aspectratio>
    <texture diffuse="thumb_list_tvicon_mask.png">common_black.png</texture>
  </control>
  <control type="largeimage" id="2601"><!-- gameinfolowerleft -->
    <posy>20</posy>
    <width>240</width>
    <height>154</height>
    <aspectratio>keep</aspectratio>
    <fadetime>FanartCrossfadeTime</fadetime>
    <aspectratio scalediffuse="false">stretch</aspectratio>
    <texture diffuse="thumb_list_tvicon_mask.png">$INFO[ListItem.Property(gameinfolowerleft)]</texture>
  </control>
  <control type="largeimage" id="2721"><!-- mainviewgameinfolower -->
    <description>mainviewgameinfolower</description>
    <posy>20</posy>
    <width>240</width>
    <height>154</height>
    <aspectratio>keep</aspectratio>
    <fadetime>FanartCrossfadeTime</fadetime>
    <aspectratio scalediffuse="false">stretch</aspectratio>
    <texture diffuse="thumb_list_tvicon_mask.png">$INFO[ListItem.Property(gameinfolower)]</texture>
  </control>
  <control type="largeimage">
    <posy>20</posy>
    <width>240</width>
    <height>154</height>
    <fadetime>FanartCrossfadeTime</fadetime>
    <texture diffuse="thumb_list_tvicon_mask.png">thumb_list_tvicon_glass.png</texture>
  </control>
  </control>
  <control type="group">
    <posy>-170</posy>
  <control type="largeimage">
    <posx>-10</posx>
    <posy>8</posy>
    <width>261</width>
    <height>179</height>
    <fadetime>FanartCrossfadeTime</fadetime>
    <texture>thumb_list_tvicon_shadow.png</texture>
  </control>
  <control type="largeimage">
    <posy>20</posy>
    <width>240</width>
    <height>154</height>
    <aspectratio>stretch</aspectratio>
    <fadetime>FanartCrossfadeTime</fadetime>
    <aspectratio scalediffuse="false">stretch</aspectratio>
    <texture diffuse="thumb_list_tvicon_mask.png">common_black.png</texture>
  </control>
  <control type="largeimage" id="2401"><!-- gameinfoupperleft -->
    <posy>20</posy>
    <width>240</width>
    <height>154</height>
    <aspectratio>keep</aspectratio>
    <fadetime>FanartCrossfadeTime</fadetime>
    <aspectratio scalediffuse="false">stretch</aspectratio>
    <texture diffuse="thumb_list_tvicon_mask.png">$INFO[ListItem.Property(gameinfoupperleft)]</texture>
  </control>
  <control type="largeimage" id="2711"><!-- gameinfoupper -->
    <description>mainviewgameinfoupper</description>
    <posy>20</posy>
    <width>240</width>
    <height>154</height>
    <aspectratio>keep</aspectratio>
    <fadetime>FanartCrossfadeTime</fadetime>
    <aspectratio scalediffuse="false">stretch</aspectratio>
    <texture diffuse="thumb_list_tvicon_mask.png">$INFO[ListItem.Property(gameinfoupper)]</texture>
  </control>
  <control type="largeimage" id="2731"><!-- mainviewgameinfoleft -->
    <description>mainviewgameinfoleft</description>
    <posy>20</posy>
    <width>240</width>
    <height>154</height>
    <aspectratio>keep</aspectratio>
    <fadetime>FanartCrossfadeTime</fadetime>
    <aspectratio scalediffuse="false">stretch</aspectratio>
    <texture diffuse="thumb_list_tvicon_mask.png">$INFO[ListItem.Property(gameinfoleft)]</texture>
  </control>
  <control type="largeimage">
    <posy>20</posy>
    <width>240</width>
    <height>154</height>
    <fadetime>FanartCrossfadeTime</fadetime>
    <texture diffuse="thumb_list_tvicon_mask.png">thumb_list_tvicon_glass.png</texture>
  </control>
  </control>
  </control>
	</control>
  </control>
  <control type="group">
    <visible>Control.IsVisible(50)</visible>
  <control type="image"><!-- extraImage1 -->
    <posx>110</posx>
    <include>Furniture_FloorMediaFlagsVars</include>
    <texture>$INFO[ListItem.Property(extraImage1)]</texture>
  </control>
  <control type="image"><!-- extraImage3 -->
    <posx>1070</posx>
    <include>Furniture_FloorMediaFlagsVars</include>
    <texture>$INFO[ListItem.Property(extraImage3)]</texture>
  </control>
  <control type="image"><!-- extraImage2 -->
    <posx>1170</posx>
    <include>Furniture_FloorMediaFlagsVars</include>
    <texture>$INFO[ListItem.Property(extraImage2)]</texture>
  </control>
  </control>
  
  <control type="wraplist" id="50">
    <!--<visible>Skin.HasSetting(multiplexgames)</visible>-->
    <viewtype label="31803">list</viewtype>
    <posx>-83</posx>
    <posy>384</posy>
    <width>1446</width>
    <height>350</height>
    <onleft>50</onleft>
    <onright>50</onright>
    <onup condition="[SubString(skin.string(games_info_multiplex),off) | SubString(skin.string(games_info_multiplex),on) | SubString(skin.string(games_info_multiplex),auto)] | IsEmpty(ListItem.Thumb)">9900</onup>
    <onup condition="SubString(skin.string(games_info_multiplex),trigger) + !IsEmpty(ListItem.Thumb)">9910</onup>
    <ondown>60</ondown>
    <orientation>horizontal</orientation>
    <scrolltime>250</scrolltime>
    <focusposition>3</focusposition>
    <preloaditems>2</preloaditems>
    <pagecontrol>60</pagecontrol>
    <include>Animation_HideShowcase</include>
    <itemlayout height="380" width="196">
    <posx>0</posx>
    <posy>120</posy>
  <control type="group">
  <control type="image">
		<posx>49</posx>
		<posy>8</posy>
		<width>173</width>
		<height>254</height>
    <align>center</align>
    <aspectratio align="center" aligny="bottom">keep</aspectratio>
    <texture background="true" diffuse="thumb_multiplex_mask.png">$INFO[ListItem.ActualIcon]</texture>
  </control>
  <control type="image">
    <posx>49</posx>
    <posy>263</posy>
    <width>173</width>
    <height>200</height>
		<colordiffuse>d0FFFFFF</colordiffuse>
		<texture background="true" flipy="true" diffuse="thumb_poster_mask_reflect.png">$INFO[ListItem.ActualIcon]</texture>
		<aspectratio scalediffuse="true">stretch</aspectratio>
  </control>
  <control type="image">
    <posx>190</posx>
    <posy>230</posy>
    <width>35</width>
    <height>35</height>
    <texture>star.png</texture>
    <visible>!IsEmpty(ListItem.Property(isfavorite))</visible>
  </control>
  </control>
  </itemlayout>
  <focusedlayout height="380" width="196">
  <control type="image">
		<posx>49</posx>
		<posy>8</posy>
		<width>173</width>
		<height>254</height>
    <align>center</align>
    <aspectratio align="center" aligny="bottom">keep</aspectratio>
    <texture background="true" diffuse="thumb_multiplex_mask.png">$INFO[ListItem.ActualIcon]</texture>
    <animation effect="zoom" start="100" end="110" center="135,205" time="400" easing="out" reversible="false" tween="cubic">Focus</animation>
  </control>
  <control type="image">
    <posx>49</posx>
    <posy>263</posy>
    <width>173</width>
    <height>200</height>
		<colordiffuse>d0FFFFFF</colordiffuse>
		<texture background="true" flipy="true" diffuse="thumb_poster_mask_reflect.png">$INFO[ListItem.ActualIcon]</texture>
		<aspectratio scalediffuse="true">stretch</aspectratio>
		<animation effect="zoom" start="100" end="110" center="135,205" time="400" easing="out" reversible="false" tween="cubic">Focus</animation>
  </control>
  <control type="image">
    <posx>190</posx>
    <posy>230</posy>
    <width>35</width>
    <height>35</height>
    <texture>star.png</texture>
    <animation effect="zoom" start="100" end="110" center="135,205" time="400" easing="out" reversible="false" tween="cubic">Focus</animation>
    <visible>!IsEmpty(ListItem.Property(isfavorite))</visible>
  </control>
  <control type="group">
    <visible>SubString(skin.string(games_video),auto) + SubString(skin.string(games_info_multiplex),auto)</visible>
  <control type="button">
    <include>InvisibleButton</include>
    <animation effect="fade" start="100" end="100" time="0" delay="2000" condition="SubString(skin.string(panel_seconds),1)">Focus</animation>
    <animation effect="fade" start="100" end="100" time="0" delay="3000" condition="SubString(skin.string(panel_seconds),2)">Focus</animation>
    <animation effect="fade" start="100" end="100" time="0" delay="4000" condition="SubString(skin.string(panel_seconds),3)">Focus</animation>
    <animation effect="fade" start="100" end="100" time="0" delay="5000" condition="SubString(skin.string(panel_seconds),4)">Focus</animation>
    <animation effect="fade" start="100" end="100" time="0" delay="6000" condition="SubString(skin.string(panel_seconds),5)">Focus</animation>
    <onfocus condition="!Skin.HasSetting(fullscreengamevideo)">PlayMedia($ESCINFO[ListItem.Property(gameplaymain)],1)</onfocus>
    <onfocus condition="Skin.HasSetting(fullscreengamevideo)">PlayMedia($ESCINFO[ListItem.Property(gameplaymain)])</onfocus>
    <visible>![IsEmpty(ListItem.Property(autoplayvideomain)) | IsEmpty(ListItem.Property(gameplaymain))]</visible>
  </control>
  <control type="button">
    <include>InvisibleButton</include>
    <onfocus>PlayerControl(stop)</onfocus>
    <visible>![Container.OnNext | Container.OnPrevious | IsEmpty(ListItem.Thumb)]</visible>
  </control>
  </control>
  <control type="group">
  <visible>SubString(skin.string(games_video),auto) + SubString(skin.string(games_info_multiplex),on)</visible>
  <control type="button">
    <include>InvisibleButton</include>
    <animation effect="fade" start="100" end="100" time="150" delay="500" condition="true">Focus</animation>
    <onfocus>PlayMedia($ESCINFO[ListItem.Property(gameplaymain)],1)</onfocus>
    <visible>!IsEmpty(ListItem.Property(autoplayvideomain)) + !IsEmpty(ListItem.Property(gameplaymain))</visible>
  </control>
  </control>
  </focusedlayout>
  </control>
  <control type="scrollbar" id="60">
    <include>ScrollBar_Horizontal</include>
    <posx>305</posx>
    <posy>663</posy>
    <width>670</width>
    <onup>50</onup>
    <onleft>60</onleft>
    <onright>60</onright>
    <ondown>70197</ondown>
    <ondown>Skin.Reset(videomode)</ondown>
    <ondown>Skin.Reset(videoplay)</ondown>
    <include>Animation_HideShowcase</include>
    <include>Animation_CommonFade</include>
    <visible allowhiddenfocus="true">Control.IsVisible(50) + Control.HasFocus(60)</visible>
  </control>
  <control type="group">
    <include>Animation_HideShowcase</include>
    <include>Animation_OpenCloseZoom</include>
  <control type="fadelabel">
    <label>$INFO[ListItem.Label]</label>
    <posx>315</posx>
    <posy>693</posy>
    <width>650</width>
    <align>center</align>
    <aligny>center</aligny>
    <font>Font_FloorTextMainLabel</font>
    <colordiffuse>$VAR[value_colorfloortext]</colordiffuse>
    <scrollout>false</scrollout>
    <visible>Control.IsVisible(50)</visible>
  </control>
  <control type="fadelabel">
    <posy>667</posy>
    <label>[COLOR=$VAR[value_headercolors]]$LOCALIZE[31770]: [/COLOR]$INFO[ListItem.Property(console)] / [COLOR=$VAR[value_headercolors]]$LOCALIZE[562]: [/COLOR]$INFO[ListItem.Property(year)] / [COLOR=$VAR[value_headercolors]]$LOCALIZE[515]: [/COLOR]$INFO[ListItem.Property(genre)]</label>
    <label>[COLOR=$VAR[value_headercolors]]$LOCALIZE[31788]: [/COLOR]$INFO[ListItem.Property(developer)] / [COLOR=$VAR[value_headercolors]]$LOCALIZE[31771]: [/COLOR]$INFO[ListItem.Property(publisher)]</label>
    <label>[COLOR=$VAR[value_headercolors]]$LOCALIZE[31093]: [/COLOR]$INFO[Container.NumItems] / [COLOR=$VAR[value_headercolors]]$LOCALIZE[31757]: [/COLOR]$INFO[Container.CurrentPage]/$INFO[Container.NumPages]</label>
    <posx>315</posx>
    <posy>693</posy>
    <width>650</width>
    <align>center</align>
    <aligny>center</aligny>
    <font>Font_FloorTextDetailLabel</font>
    <scrollout>false</scrollout>
    <scrollspeed>200</scrollspeed>
    <pauseatend>3000</pauseatend>
    <visible>Control.IsVisible(50) + !Skin.HasSetting(noheading)</visible>
  </control>
  <control type="fadelabel">
    <posy>667</posy>
    <label>$INFO[ListItem.Property(console) , / ]$INFO[ListItem.Property(year) , / ]$INFO[ListItem.Property(genre)]</label>
    <label>$INFO[ListItem.Property(developer) , / ]$INFO[ListItem.Property(publisher)]</label>
    <label>[COLOR=$VAR[value_headercolors]]$LOCALIZE[31093]: [/COLOR]$INFO[Container.NumItems] / [COLOR=$VAR[value_headercolors]]$LOCALIZE[31757]: [/COLOR]$INFO[Container.CurrentPage]/$INFO[Container.NumPages]</label>
    <posx>315</posx>
    <posy>693</posy>
    <width>650</width>
    <align>center</align>
    <aligny>center</aligny>
    <font>Font_FloorTextDetailLabel</font>
    <scrollout>false</scrollout>
    <scrollspeed>200</scrollspeed>
    <pauseatend>3000</pauseatend>
    <visible>Control.IsVisible(50) + Skin.HasSetting(noheading)</visible>
  </control>
  <control type="button" id="70197">
    <include>InvisibleButton</include>
    <onleft>50</onleft>
    <onright>50</onright>
    <onup>50</onup>
    <ondown>50</ondown>
  </control>
  </control>
  
  
  <!--##################################################################################   VIEW LARGE LIST - ID 52   #############################################################################-->
  <control type="group">
    <include>Animation_HideCoverFlow</include>
  <control type="largeimage">
    <description>settings background image</description>
    <posx>23</posx>
    <posy>23</posy>
    <width>1233</width>
    <height>673</height>
    <texture>panel_tablet.png</texture>
    <visible>Control.IsVisible(52)</visible>
  </control>
  <control type="group">
    <posy>-40</posy>
    <visible>Control.IsVisible(52)</visible>
  <control type="image"><!-- extraImage1 -->
    <description>mainview1</description>
    <posx>80</posx>
    <include>Furniture_FloorMediaFlagsVars</include>
    <texture>$INFO[ListItem.Property(extraImage1)]</texture>
  </control>
  <control type="image"><!-- extraImage2 -->
    <description>mainview2</description>
    <posx>280</posx>
    <include>Furniture_FloorMediaFlagsVars</include>
    <texture>$INFO[ListItem.Property(extraImage2)]</texture>
  </control>
  <control type="image"><!-- extraImage3 -->
    <description>mainview3</description>
    <posx>480</posx>
    <include>Furniture_FloorMediaFlagsVars</include>
    <texture>$INFO[ListItem.Property(extraImage3)]</texture>
  </control>
  </control>
  <control type="image">
    <posx>606</posx>
    <posy>69</posy>
    <width>54.5</width>
    <height>615</height>
    <texture>panel_list_detailwide.png</texture>
    <visible>Control.IsVisible(52)</visible>
  </control>
  <control type="image">
    <posx>1155</posx>
    <posy>69</posy>
    <width>54.5</width>
    <height>615</height>
    <texture>panel_list_detailwide.png</texture>
    <visible>Control.IsVisible(52)</visible>
  </control>
  <control type="image">
    <description>gamelist background image</description>
    <posx>660</posx>
    <posy>69</posy>
    <width>580</width>
    <height>615</height>
    <texture>common_black.png</texture>
    <colordiffuse>c3FFFFFF</colordiffuse>
    <animation effect="fade" end="30" condition="true">Conditional</animation>
    <include>Animation_CommonFade</include>
    <visible>Control.IsVisible(52)</visible>
  </control>
  <control type="group">
    <posx>635r</posx>
    <posy>0</posy>
    <visible>Control.IsVisible(52)</visible>
  <control type="list" id="52">
    <viewtype label="31823">list</viewtype>
    <posx>16.5</posx>
    <posy>70</posy>
    <width>637</width>
    <height>600</height>
    <onleft>9900</onleft>
    <onright>62</onright>
    <onup>52</onup>
    <ondown>52</ondown>
    <pagecontrol>62</pagecontrol>
    <scrolltime>100</scrolltime>
    <itemlayout height="35" width="586">
  <control type="image">
    <posx>0</posx>
    <posy>0</posy>
    <width>600</width>
    <height>37</height>
    <texture>settings_button_nofocus.png</texture>
  </control>
  <control type="label">
    <posx>10</posx>
    <posy>0</posy>
    <width>475</width>
		<height>41</height>
		<font>Font_ListSmall</font>
		<aligny>center</aligny>
		<align>left</align>
    <include>listcolornofocus</include>
    <label>$INFO[ListItem.Label]</label>
  </control>
  <control type="image">
    <posx>503</posx>
    <posy>1</posy>
    <width>35</width>
    <height>35</height>
    <texture>star.png</texture>
    <visible>!IsEmpty(ListItem.Property(isfavorite))</visible>
  </control>
  </itemlayout>
  <focusedlayout height="35" width="586">
  <control type="image">
    <posx>10</posx>
    <posy>0</posy>
    <width>600</width>
    <height>37</height>
    <texture>settings_button_nofocus.png</texture>
    <visible>!Control.HasFocus(52)</visible>
  </control>
  <control type="image">
    <posx>0</posx>
    <posy>0</posy>
    <width>585</width>
    <height>37</height>
    <texture>settings_button_focus.png</texture>
    <visible>Control.HasFocus(52)</visible>
  </control>
  <control type="label">
    <posx>10</posx>
    <posy>0</posy>
    <width>475</width>
    <height>35</height>
    <height>41</height>
    <font>Font_List</font>
    <align>left</align>
    <aligny>center</aligny>
    <textcolor>d0000000</textcolor>
    <selectedcolor>$VAR[value_headercolors]</selectedcolor>
    <label>$INFO[ListItem.Label]</label>
    <visible>Control.HasFocus(52)</visible>
  </control>
  <control type="label">
    <posx>10</posx>
    <posy>0</posy>
    <width>475</width>
    <height>35</height>
    <height>41</height>
    <font>Font_List</font>
    <align>left</align>
    <aligny>center</aligny>
    <include>listcolornofocus</include>
    <label>$INFO[ListItem.Label]</label>
    <visible>!Control.HasFocus(52)</visible>
  </control>
  <control type="image">
    <posx>503</posx>
    <posy>1</posy>
    <width>35</width>
    <height>35</height>
    <texture>star.png</texture>
    <visible>!IsEmpty(ListItem.Property(isfavorite))</visible>
  </control>
  <control type="group">
    <visible>SubString(skin.string(games_video),trigger)</visible>
  <control type="button">
    <include>InvisibleButton</include>
    <animation effect="fade" start="100" end="100" time="150" delay="500" condition="true">Focus</animation>
    <onfocus>PlayMedia($ESCINFO[ListItem.Property(gameplaymain)],1)</onfocus>
    <visible>!IsEmpty(ListItem.Property(autoplayvideomain)) + !IsEmpty(ListItem.Property(gameplaymain))</visible>
  </control>
  </control>
  </focusedlayout>
  </control>
  <!-- Counter -->
  <control type="label">
    <posx>40r</posx>
    <posy>25r</posy>
    <width>500</width>
    <height>20</height>
    <font>Font_OSDOptions</font>
    <scroll>false</scroll>
    <align>right</align>
    <aligny>center</aligny>
    <label>[COLOR=$VAR[value_headercolors]]$LOCALIZE[31093]: [/COLOR]$INFO[Container.NumItems] / [COLOR=$VAR[value_headercolors]]$LOCALIZE[31757]: [/COLOR]$INFO[Container.CurrentPage]/$INFO[Container.NumPages]</label>
    <visible>Control.IsVisible(52)</visible>
  </control>
  <control type="scrollbar" id="62">
    <include>ScrollBar_Vertical</include>
    <posx>565</posx>
    <posy>75</posy>
    <height>600</height>
    <onleft>52</onleft>
    <onright>70197</onright>
    <onright>Skin.Reset(videomode)</onright>
    <onright>Skin.Reset(videoplay)</onright>
    <include>Animation_CommonFade</include>
    <visible allowhiddenfocus="true">Control.IsVisible(52) + Control.HasFocus(62)</visible>
  </control>
  </control>

  <control type="group" id="350">
    <visible allowhiddenfocus="true">Control.IsVisible(52)</visible>
    <posx>25</posx>
    <posy>10</posy>
  <control type="image">
    <posx>24</posx>
    <posy>60</posy>
    <width>541</width>
    <height>293</height>
    <texture>common_black.png</texture>
    <colordiffuse>94FFFFFF</colordiffuse>
  </control>
  <control type="image" id="2001"><!-- gameinfobig -->
    <posx>25</posx>
    <posy>61</posy>
    <width>540</width>
    <height>291</height>
    <visible>!Player.HasVideo</visible>
    <texture background="true">$INFO[ListItem.Property(gameinfobig)]</texture>
    <aspectratio>keep</aspectratio>
    <fadetime>FanartCrossfadeTime</fadetime>
  </control>
  <control type="videowindow" id="2301"><!-- videowindowbig -->
    <posx>25</posx>
    <posy>61</posy>
    <width>540</width>
    <height>291</height>
    <animation effect="slide" start="0,0" end="-2000,0" time="0">WindowClose</animation>
    <visible>![IsEmpty(ListItem.Property(videosizebig)) | Skin.HasSetting(trailerplay)]</visible>
  </control>
  <control type="button"><!-- click absorber -->
    <posx>25</posx>
    <posy>61</posy>
    <width>540</width>
    <height>291</height>
    <texturefocus></texturefocus>
    <texturenofocus></texturenofocus>
    <visible>!IsEmpty(ListItem.Property(videosizebig))</visible>
  </control>
  <control type="image" id="2401"><!-- gameinfoupperleft -->
    <posx>25</posx>
    <posy>60</posy>
    <width>268</width>
    <height>145</height>
    <texture background="true">$INFO[ListItem.Property(gameinfoupperleft)]</texture>
    <aspectratio>keep</aspectratio>
    <fadetime>FanartCrossfadeTime</fadetime>
  </control>
  <control type="image" id="2501"><!-- gameinfoupperright -->
    <posx>295</posx>
    <posy>60</posy>
    <width>268</width>
    <height>145</height>
    <texture background="true">$INFO[ListItem.Property(gameinfoupperright)]</texture>
    <aspectratio>keep</aspectratio>
    <fadetime>FanartCrossfadeTime</fadetime>
  </control>
  <control type="image" id="2601"><!-- gameinfolowerleft -->
    <posx>25</posx>
    <posy>207</posy>
    <width>268</width>
    <height>145</height>
    <texture background="true">$INFO[ListItem.Property(gameinfolowerleft)]</texture>
    <aspectratio>keep</aspectratio>
    <fadetime>FanartCrossfadeTime</fadetime>
  </control>
  <control type="image" id="2701"><!-- gameinfolowerright -->
    <posx>295</posx>
    <posy>207</posy>
    <width>268</width>
    <height>145</height>
    <visible>!Player.HasVideo</visible>
    <texture background="true">$INFO[ListItem.Property(gameinfolowerright)]</texture>
    <aspectratio>keep</aspectratio>
    <fadetime>FanartCrossfadeTime</fadetime>
  </control>
  <control type="image" id="2711"><!-- gameinfoupper -->
    <posx>25</posx>
    <posy>60</posy>
    <width>538</width>
    <height>145</height>
    <texture background="true">$INFO[ListItem.Property(gameinfoupper)]</texture>
    <aspectratio>keep</aspectratio>
    <fadetime>FanartCrossfadeTime</fadetime>
  </control>
  <control type="image" id="2721"><!-- gameinfolower -->
    <posx>25</posx>
    <posy>207</posy>
    <width>538</width>
    <height>145</height>
    <texture background="true">$INFO[ListItem.Property(gameinfolower)]</texture>
    <aspectratio>keep</aspectratio>
    <fadetime>FanartCrossfadeTime</fadetime>
  </control>
  <control type="image" id="2731"><!-- gameinfoleft -->
    <posx>25</posx>
    <posy>60</posy>
    <width>268</width>
    <height>290</height>
    <texture background="true">$INFO[ListItem.Property(gameinfoleft)]</texture>
    <aspectratio>keep</aspectratio>
    <fadetime>FanartCrossfadeTime</fadetime>
  </control>
  <control type="image" id="2741"><!-- gameinforight -->
    <posx>295</posx>
    <posy>60</posy>
    <width>268</width>
    <height>290</height>
    <texture background="true">$INFO[ListItem.Property(gameinforight)]</texture>
    <aspectratio>keep</aspectratio>
    <fadetime>FanartCrossfadeTime</fadetime>
  </control>
  <control type="videowindow" id="2801"><!-- videowindowsmall -->
    <posx>295</posx>
    <posy>207</posy>
    <width>268</width>
    <height>145</height>
    <animation effect="slide" start="0,0" end="-2000,0" time="0">WindowClose</animation>
    <visible>![IsEmpty(ListItem.Property(videosizesmall)) | Skin.HasSetting(trailerplay)]</visible>
  </control>
  <control type="button"><!-- video absorber -->
    <posx>269</posx>
    <posy>207</posy>
    <width>268</width>
    <height>145</height>
    <texturefocus></texturefocus>
    <texturenofocus></texturenofocus>
    <visible>!IsEmpty(ListItem.Property(videosizesmall))</visible>
  </control>
  <control type="group">
    <posx>25</posx>
    <posy>345</posy>
  <control type="image">
    <posx>-15</posx>
    <posy>10</posy>
    <width>570</width>
    <height>2</height>
    <texture>panel_horizontal_separator.png</texture>
  </control>
  <control type="image">
    <posx>-15</posx>
    <posy>125</posy>
    <width>570</width>
    <height>2</height>
    <texture>panel_horizontal_separator.png</texture>
  </control>
  <control type="image">
    <posx>160</posx>
    <posy>11</posy>
    <width>2</width>
    <height>114</height>
    <texture>panel_vertical_separator.png</texture>
  </control>
  <control type="image">
    <posx>553</posx>
    <posy>-286</posy>
    <width>2</width>
    <height>615</height>
    <texture>panel_vertical_separator.png</texture>
  </control>
  <control type="label"><!-- Year -->
    <posx>5</posx>
    <posy>20</posy>
    <width>160</width>
    <height>25</height>
    <label>345</label>
    <include>ShowcaseInfoLabel</include>
  </control>
  <control type="label">
    <posx>170</posx>
    <posy>20</posy>
    <width>370</width>
    <height>25</height>
    <label fallback="416">$INFO[ListItem.Property(year)]</label>
    <include>ShowcaseInfoValue</include>
  </control>
  <control type="label"><!-- Genre -->
    <posx>5</posx>
    <posy>45</posy>
    <width>160</width>
    <height>25</height>
    <label>515</label>
    <include>ShowcaseInfoLabel</include>
  </control>
  <control type="label">
    <posx>170</posx>
    <posy>45</posy>
    <width>370</width>
    <height>25</height>
    <label fallback="416">$INFO[ListItem.Property(genre)]</label>
    <include>ShowcaseInfoValue</include>
  </control>
  <control type="label"><!-- Publisher -->
    <posx>5</posx>
    <posy>70</posy>
    <width>160</width>
    <height>25</height>
    <label>31771</label>
    <include>ShowcaseInfoLabel</include>
  </control>
  <control type="label">
    <posx>170</posx>
    <posy>70</posy>
    <width>370</width>
    <height>25</height>
    <label fallback="416">$INFO[ListItem.Property(publisher)]</label>
    <include>ShowcaseInfoValue</include>
  </control>
  <control type="label"><!-- Developer -->
    <posx>5</posx>
    <posy>95</posy>
    <width>160</width>
    <height>25</height>
    <label>31788</label>
    <include>ShowcaseInfoLabel</include>
  </control>
  <control type="label">
    <posx>170</posx>
    <posy>95</posy>
    <width>370</width>
    <height>25</height>
    <label fallback="416">$INFO[ListItem.Property(developer)]</label>
    <include>ShowcaseInfoValue</include>
  </control>
  <control type="textbox" id="2101">
    <posx>0</posx>
    <posy>135</posy>
    <width>540</width>
    <height>178</height>
    <font>Font_MultiplexPlotSmall</font>
    <label>$INFO[ListItem.Property(plot)]</label>
    <autoscroll delay="8000" time="2000" repeat="8000">!Skin.HasSetting(noallowscroll)</autoscroll>
    <visible>IsEmpty(ListItem.Property(extraImage1)) + IsEmpty(ListItem.Property(extraImage2)) + IsEmpty(ListItem.Property(extraImage3))</visible>
  </control>
  <control type="textbox" id="2101">
    <posx>0</posx>
    <posy>133</posy>
    <width>540</width>
    <height>126</height>
    <font>Font_MultiplexPlotSmall</font>
    <label>$INFO[ListItem.Property(plot)]</label>
    <autoscroll delay="8000" time="2000" repeat="8000">!Skin.HasSetting(noallowscroll)</autoscroll>
    <visible>!IsEmpty(ListItem.Property(extraImage1)) | !IsEmpty(ListItem.Property(extraImage2)) | !IsEmpty(ListItem.Property(extraImage3))</visible>
  </control>
  <control type="image">
    <description>front glass</description>
    <posx>351</posx>
    <posy>-390</posy>
    <width>869</width>
    <height>780</height>
    <texture>dialogs_setcontent_front.png</texture>
  </control>
  <control type="image">
    <description>front glass</description>
    <posx>-40.4</posx>
    <posy>-390</posy>
    <width>869</width>
    <height>780</height>
    <texture flipx="true">dialogs_setcontent_front.png</texture>
  </control>
  </control>
  </control>
  </control>

  <!--##################################################################################   VIEW POSTER - ID 51   #############################################################################-->
  <control type="group">
    <visible>Control.IsVisible(51)</visible>
  <control type="image">
    <description>gamelist background image</description>
    <include>FullScreenDimensions</include>
    <texture>common_black.png</texture>
    <animation effect="fade" end="50" condition="true">Conditional</animation>
    <include>Animation_HideCoverFlow</include>
    <include>Animation_CommonFade</include>
    <visible>Control.IsVisible(51)</visible>
  </control>
  <control type="image">
    <description>gamelist background image</description>
    <posx>0</posx>
    <posy>80</posy>
    <width>1280</width>
    <height>640</height>
    <texture>common_black.png</texture>
    <colordiffuse>c3FFFFFF</colordiffuse>
    <include>Animation_HideCoverFlow</include>
    <include>Animation_CommonFade</include>
    <visible>Control.IsVisible(51)</visible>
  </control>
  <control type="image">
    <description>gamelist background image</description>
    <posx>0</posx>
    <posy>640</posy>
    <width>1280</width>
    <height>80</height>
    <texture>common_black.png</texture>
    <animation effect="fade" end="50" condition="true">Conditional</animation>
    <include>Animation_HideCoverFlow</include>
    <include>Animation_CommonFade</include>
    <visible>Control.IsVisible(51)</visible>
  </control>
  <control type="wraplist" id="51">
    <!--<visible>Skin.HasSetting(postergames)</visible>-->
    <include>Animation_HideCoverFlow</include>
    <viewtype label="31808">wrap</viewtype>
    <posx>-102</posx>
    <posy>110</posy>
    <width>1420</width>
    <height>560</height>
    <onleft>51</onleft>
    <onright>51</onright>
    <onup>9900</onup>
    <ondown>61</ondown>
    <orientation>horizontal</orientation>
    <focusposition>2</focusposition>
    <preloaditems>2</preloaditems>
    <scrolltime>200</scrolltime>
    <pagecontrol>61</pagecontrol>
    <itemlayout width="298">
  <control type="image">
    <posx>0</posx>
    <posy>25</posy>
    <width>288</width>
    <height>350</height>
    <aspectratio align="center" aligny="bottom">keep</aspectratio>
    <bordersize>15</bordersize>
    <texture diffuse="thumb_list_movieicon_mask.png" background="true">$INFO[ListItem.ActualIcon]</texture>
  </control>
  <control type="image">
    <posx>215</posx>
    <posy>320</posy>
    <width>40</width>
    <height>40</height>
    <texture>star.png</texture>
    <visible>!IsEmpty(ListItem.Property(isfavorite))</visible>
  </control>
  </itemlayout>
  <focusedlayout width="298">
  <control type="image">
    <posx>0</posx>
    <posy>0</posy>
    <width>288</width>
    <height>350</height>
    <aspectratio align="center" aligny="bottom">keep</aspectratio>
    <texture diffuse="thumb_list_movieicon_mask.png" background="true">$INFO[ListItem.ActualIcon]</texture>
    <bordersize>15</bordersize>
    <animation reversible="false" effect="zoom" end="120" center="auto" time="200">Focus</animation>
  </control>
  <control type="image">
    <posx>233</posx>
    <posy>324</posy>
    <width>40</width>
    <height>40</height>
    <texture>star.png</texture>
    <visible>!IsEmpty(ListItem.Property(isfavorite))</visible>
    <animation reversible="false" effect="zoom" end="120" center="auto" time="200">Focus</animation>
  </control>
  </focusedlayout>
  </control>
  <control type="group">
    <posx>0</posx>
    <posy>515</posy>
    <include>Animation_HideCoverFlow</include>
    <include>Animation_CommonFade</include>
  <control type="image">
    <posx>0</posx>
    <posy>-435</posy>
    <width>1280</width>
    <height>2</height>
    <texture>panel_horizontal_separator.png</texture>
  </control>
  <control type="image">
    <posx>0</posx>
    <posy>0</posy>
    <width>1280</width>
    <height>2</height>
    <texture>panel_horizontal_separator.png</texture>
  </control>
  <control type="image">
    <posx>0</posx>
    <posy>125</posy>
    <width>1280</width>
    <height>2</height>
    <texture>panel_horizontal_separator.png</texture>
  </control>
  <control type="image">
    <posx>185</posx>
    <posy>3</posy>
    <width>2</width>
    <height>122</height>
    <texture>panel_vertical_separator.png</texture>
  </control>
  <control type="image">
    <posx>640</posx>
    <posy>3</posy>
    <width>2</width>
    <height>122</height>
    <texture>panel_vertical_separator.png</texture>
  </control>
  <control type="label"><!-- Year -->
    <posx>30</posx>
    <posy>15</posy>
    <width>160</width>
    <height>25</height>
    <label>345</label>
    <include>ShowcaseInfoLabel</include>
  </control>
  <control type="label">
    <posx>205</posx>
    <posy>15</posy>
    <width>385</width>
    <height>25</height>
    <label fallback="416">$INFO[ListItem.Property(year)]</label>
    <include>ShowcaseInfoValue</include>
  </control>
  <control type="label"><!-- Genre -->
    <posx>30</posx>
    <posy>40</posy>
    <width>160</width>
    <height>25</height>
    <label>515</label>
    <include>ShowcaseInfoLabel</include>
  </control>
  <control type="label">
    <posx>205</posx>
    <posy>40</posy>
    <width>385</width>
    <height>25</height>
    <label fallback="416">$INFO[ListItem.Property(genre)]</label>
    <include>ShowcaseInfoValue</include>
  </control>
  <control type="label"><!-- Publisher -->
    <posx>30</posx>
    <posy>65</posy>
    <width>160</width>
    <height>25</height>
    <label>31771</label>
    <include>ShowcaseInfoLabel</include>
  </control>
  <control type="label">
    <posx>205</posx>
    <posy>65</posy>
    <width>385</width>
    <height>25</height>
    <label fallback="416">$INFO[ListItem.Property(publisher)]</label>
    <include>ShowcaseInfoValue</include>
  </control>
  <control type="label"><!-- Developer -->
    <posx>30</posx>
    <posy>90</posy>
    <width>160</width>
    <height>25</height>
    <label>31788</label>
    <include>ShowcaseInfoLabel</include>
  </control>
  <control type="label">
    <posx>205</posx>
    <posy>90</posy>
    <width>385</width>
    <height>25</height>
    <label fallback="416">$INFO[ListItem.Property(developer)]</label>
    <include>ShowcaseInfoValue</include>
  </control>
  <control type="textbox" id="2101">
    <posx>660</posx>
    <posy>12</posy>
    <width>580</width>
    <height>105</height>
    <textcolor>DDFFFFFF</textcolor>
    <font>Font_MultiplexPlotSmall</font>
    <label>$INFO[ListItem.Property(plot)]</label>
    <autoscroll delay="8000" time="2000" repeat="8000">!Skin.HasSetting(noallowscroll)</autoscroll>
  </control>
  </control>
  <control type="scrollbar" id="61">
    <include>ScrollBar_Horizontal</include>
    <posx>305</posx>
    <posy>673</posy>
    <width>670</width>
    <onup>51</onup>
    <onleft>61</onleft>
    <onright>61</onright>
    <ondown>70197</ondown>
    <ondown>Skin.Reset(videomode)</ondown>
    <ondown>Skin.Reset(videoplay)</ondown>
    <include>Animation_HideShowcase</include>
    <include>Animation_CommonFade</include>
    <visible allowhiddenfocus="true">Control.IsVisible(51) + Control.HasFocus(61)</visible>
  </control>
  <control type="group">
    <include>Animation_HideCoverFlow</include>
    <include>Animation_OpenCloseZoom</include>
  <control type="fadelabel">
    <label>$INFO[ListItem.Label]</label>
    <posx>315</posx>
    <posy>693</posy>
    <width>650</width>
    <align>center</align>
    <aligny>center</aligny>
    <font>Font_FloorTextMainLabel</font>
    <colordiffuse>$VAR[value_colorfloortext]</colordiffuse>
    <scrollout>false</scrollout>
    <visible>Control.HasFocus(51)</visible>
  </control>
  <control type="fadelabel">
    <posy>667</posy>
    <label>[COLOR=$VAR[value_headercolors]]$LOCALIZE[31770]: [/COLOR]$INFO[ListItem.Property(console)] / [COLOR=$VAR[value_headercolors]]$LOCALIZE[562]: [/COLOR]$INFO[ListItem.Property(year)] / [COLOR=$VAR[value_headercolors]]$LOCALIZE[515]: [/COLOR]$INFO[ListItem.Property(genre)]</label>
    <label>[COLOR=$VAR[value_headercolors]]$LOCALIZE[31788]: [/COLOR]$INFO[ListItem.Property(developer)] / [COLOR=$VAR[value_headercolors]]$LOCALIZE[31771]: [/COLOR]$INFO[ListItem.Property(publisher)]</label>
    <label>[COLOR=$VAR[value_headercolors]]$LOCALIZE[31093]: [/COLOR]$INFO[Container.NumItems] / [COLOR=$VAR[value_headercolors]]$LOCALIZE[31757]: [/COLOR]$INFO[Container.CurrentPage]/$INFO[Container.NumPages]</label>
    <posx>340</posx>
    <width>600</width>
    <align>center</align>
    <aligny>center</aligny>
    <font>Font_FloorTextDetailLabel</font>
    <scrollout>false</scrollout>
    <scrollspeed>200</scrollspeed>
    <pauseatend>3000</pauseatend>
    <visible>Control.IsVisible(51) + !Skin.HasSetting(noheading)</visible>
  </control>
  <control type="fadelabel">
    <posy>667</posy>
    <label>$INFO[ListItem.Property(console) , / ]$INFO[ListItem.Property(year) , / ]$INFO[ListItem.Property(genre)]</label>
    <label>$INFO[ListItem.Property(developer) , / ]$INFO[ListItem.Property(publisher)]</label>
    <label>[COLOR=$VAR[value_headercolors]]$LOCALIZE[31093]: [/COLOR]$INFO[Container.NumItems] / [COLOR=$VAR[value_headercolors]]$LOCALIZE[31757]: [/COLOR]$INFO[Container.CurrentPage]/$INFO[Container.NumPages]</label>
    <posx>340</posx>
    <width>600</width>
    <align>center</align>
    <aligny>center</aligny>
    <font>Font_FloorTextDetailLabel</font>
    <scrollout>false</scrollout>
    <scrollspeed>200</scrollspeed>
    <pauseatend>3000</pauseatend>
    <visible>Control.IsVisible(51) + Skin.HasSetting(noheading)</visible>
  </control>
  </control>
  <control type="group">
    <visible>Control.IsVisible(51)</visible>
  <control type="image"><!-- extraImage1 -->
    <posx>110</posx>
    <include>Furniture_FloorMediaFlagsVars</include>
    <texture>$INFO[ListItem.Property(extraImage1)]</texture>
  </control>
  <control type="image"><!-- extraImage3 -->
    <posx>1070</posx>
    <include>Furniture_FloorMediaFlagsVars</include>
    <texture>$INFO[ListItem.Property(extraImage3)]</texture>
  </control>
  <control type="image"><!-- extraImage2 -->
    <posx>1170</posx>
    <include>Furniture_FloorMediaFlagsVars</include>
    <texture>$INFO[ListItem.Property(extraImage2)]</texture>
  </control>
  </control>
  </control>
  </control>

  <!-- Messages -->
  <control type="label" id="4000">
    <description>Notes</description>
    <posx>10</posx>
    <posy>560</posy>
    <width>680</width>
    <height>10</height>
    <align>left</align>
    <scroll>true</scroll>
    <textcolor>DDFFFFFF</textcolor>
    <label></label>
    <font>Font_OSDOptions</font>
  </control>
  </control>
  
  	<include>TopMenu_BGBlack</include>
  	
  <!-- Widget Video -->
  <control type="group">
    <include>Animation_OpenCloseSlideDown</include>
    <visible>![IsEmpty(ListItem.Property(gameplaymain)) | SubString(skin.string(games_video),off)] + SubString(skin.string(games_video),manual)</visible>
  <control type="image">
    <posx>440</posx>
    <posy>0</posy>
    <width>400</width>
    <height>27</height>
    <texture flipy="true">osd_trailer_pause.png</texture>
    <animation effect="fade" start="100" end="0" time="400" delay="10000" condition="Player.HasVideo">Conditional</animation>
    <animation effect="slide" start="0,0" end="0,-28" time="500" delay="9000" tween="cubic" easing="out" condition="Player.HasVideo">Conditional</animation>
  </control>
  <control type="fadelabel">
    <posx>460</posx>
    <posy>2.5</posy>
    <align>center</align>
    <width>360</width>
    <font>Font_Time</font>
    <textcolor>d0000000</textcolor>
    <scroll>true</scroll>
    <scrollout>false</scrollout>
    <pauseatend>3000</pauseatend>
    <label>$VAR[value_trailer_1]</label>
    <label>$VAR[value_gametrailer_2]</label>
  </control>
  </control>
  
	<!-- Filter Controls -->
  <control type="group" id="100">
    <posy>-350</posy>
    <animation effect="slide" start="0,0" end="0,430" time="600" tween="sine" easing="inout" condition="Control.HasFocus(9300)">Conditional</animation>
    <animation effect="slide" start="0,0" end="0,350" time="600" tween="sine" easing="inout" condition="ControlGroup(100).HasFocus">Conditional</animation>

  <control type="wraplist" id="500"><!-- Console filter -->
    <posx>0</posx>
    <posy>28</posy>
    <width>274</width>
    <height>100</height>
    <onleft>50</onleft>
    <onright>600</onright>
    <onup>500</onup>
    <ondown>500</ondown>
    <viewtype label="Console">wrap</viewtype>
    <focusposition>1</focusposition>
    <scrolltime>200</scrolltime>
    <itemlayout height="25">
  <control type="image">
    <include>TopMenuButtonFilter</include>
    <texture>topmenu_button_nofocus.png</texture>
  </control>
  <control type="label">
    <include>TopMenuFilter</include>
    <info>ListItem.Label</info>
  </control>
  </itemlayout>
  <focusedlayout height="25">
  <control type="image">
    <include>TopMenuButtonFilter</include>
    <texture>topmenu_button_focus.png</texture>
    <visible>Control.HasFocus(500)</visible>
  </control>
  <control type="image">
    <include>TopMenuButtonFilter</include>
    <texture>topmenu_button_nofocus.png</texture>
    <visible>!Control.HasFocus(500)</visible>
  </control>
  <control type="image">
    <include>TopMenuButtonFilter</include>
    <texture>topmenu_button_focus.png</texture>
    <animation effect="fade" end="20" condition="true">Conditional</animation>
    <visible>!Control.HasFocus(500)</visible>
  </control>
  <control type="label">
    <include>TopMenuFilterFocus</include>
    <info>ListItem.Label</info>
    <visible>Control.HasFocus(500)</visible>
  </control>
  <control type="label">
    <include>TopMenuFilter</include>
    <info>ListItem.Label</info>
    <visible>!Control.HasFocus(500)</visible>
  </control>
  </focusedlayout>
  </control>
  <control type="image">
    <posx>274</posx>
    <posy>28</posy>
    <width>2</width>
    <height>100</height>
    <texture>panel_vertical_separator.png</texture>
  </control>

  <control type="wraplist" id="600"><!-- Genre filter -->
    <posx>276</posx>
    <posy>28</posy>
    <width>274</width>
    <height>100</height>
    <onleft>500</onleft>
    <onright>700</onright>
    <onup>600</onup>
    <ondown>600</ondown>
    <viewtype label="Genre">wrap</viewtype>
    <focusposition>1</focusposition>
    <scrolltime>200</scrolltime>
    <itemlayout height="25">
  <control type="image">
    <include>TopMenuButtonFilter</include>
    <texture>topmenu_button_nofocus.png</texture>
  </control>
  <control type="label">
    <include>TopMenuFilter</include>
    <info>ListItem.Label</info>
  </control>
  </itemlayout>
  <focusedlayout height="25">
  <control type="image">
    <include>TopMenuButtonFilter</include>
    <texture>topmenu_button_focus.png</texture>
    <visible>Control.HasFocus(600)</visible>
  </control>
  <control type="image">
    <include>TopMenuButtonFilter</include>
    <texture>topmenu_button_nofocus.png</texture>
    <visible>!Control.HasFocus(600)</visible>
  </control>
  <control type="image">
    <include>TopMenuButtonFilter</include>
    <texture>topmenu_button_focus.png</texture>
    <animation effect="fade" end="20" condition="true">Conditional</animation>
    <visible>!Control.HasFocus(600)</visible>
  </control>
  <control type="label">
    <include>TopMenuFilterFocus</include>
    <info>ListItem.Label</info>
    <visible>Control.HasFocus(600)</visible>
  </control>
  <control type="label">
    <include>TopMenuFilter</include>
    <info>ListItem.Label</info>
    <visible>!Control.HasFocus(600)</visible>
  </control>
  </focusedlayout>
  </control>
  <control type="image">
    <posx>548</posx>
    <posy>28</posy>
    <width>2</width>
    <height>100</height>
    <texture>panel_vertical_separator.png</texture>
  </control>

  <control type="wraplist" id="700"><!-- Year filter -->
    <posx>550</posx>
    <posy>28</posy>
    <width>274</width>
    <height>100</height>
    <onleft>600</onleft>
    <onright>800</onright>
    <onup>700</onup>
    <ondown>700</ondown>
    <viewtype label="Year">wrap</viewtype>
    <focusposition>1</focusposition>
    <scrolltime>200</scrolltime>
    <itemlayout height="25">
  <control type="image">
    <include>TopMenuButtonFilter</include>
    <texture>topmenu_button_nofocus.png</texture>
  </control>
  <control type="label">
    <include>TopMenuFilter</include>
    <info>ListItem.Label</info>
  </control>
  </itemlayout>
  <focusedlayout height="25">
  <control type="image">
    <include>TopMenuButtonFilter</include>
    <texture>topmenu_button_focus.png</texture>
    <visible>Control.HasFocus(700)</visible>
  </control>
  <control type="image">
    <include>TopMenuButtonFilter</include>
    <texture>topmenu_button_nofocus.png</texture>
    <visible>!Control.HasFocus(700)</visible>
  </control>
  <control type="image">
    <include>TopMenuButtonFilter</include>
    <texture>topmenu_button_focus.png</texture>
    <animation effect="fade" end="20" condition="true">Conditional</animation>
    <visible>!Control.HasFocus(700)</visible>
  </control>
  <control type="label">
    <include>TopMenuFilterFocus</include>
    <info>ListItem.Label</info>
    <visible>Control.HasFocus(700)</visible>
  </control>
  <control type="label">
    <include>TopMenuFilter</include>
    <info>ListItem.Label</info>
    <visible>!Control.HasFocus(700)</visible>
  </control>
  </focusedlayout>
  </control>
  <control type="image">
    <posx>822</posx>
    <posy>28</posy>
    <width>2</width>
    <height>100</height>
    <texture>panel_vertical_separator.png</texture>
  </control>

  <control type="wraplist" id="800"><!-- Publisher filter -->
    <posx>824</posx>
    <posy>28</posy>
    <width>274</width>
    <height>100</height>
    <onleft>700</onleft>
    <onright>900</onright>
    <onup>800</onup>
    <ondown>800</ondown>
    <viewtype label="Publisher">wrap</viewtype>
    <focusposition>1</focusposition>
    <scrolltime>200</scrolltime>
    <itemlayout height="25">
  <control type="image">
    <include>TopMenuButtonFilter</include>
    <texture>topmenu_button_nofocus.png</texture>
  </control>
  <control type="label">
    <include>TopMenuFilter</include>
    <info>ListItem.Label</info>
  </control>
  </itemlayout>
  <focusedlayout height="25">
  <control type="image">
    <include>TopMenuButtonFilter</include>
    <texture>topmenu_button_focus.png</texture>
    <visible>Control.HasFocus(800)</visible>
  </control>
  <control type="image">
    <include>TopMenuButtonFilter</include>
    <texture>topmenu_button_nofocus.png</texture>
    <visible>!Control.HasFocus(800)</visible>
  </control>
  <control type="image">
    <include>TopMenuButtonFilter</include>
    <texture>topmenu_button_focus.png</texture>
    <animation effect="fade" end="20" condition="true">Conditional</animation>
    <visible>!Control.HasFocus(800)</visible>
  </control>
  <control type="label">
    <include>TopMenuFilterFocus</include>
    <info>ListItem.Label</info>
    <visible>Control.HasFocus(800)</visible>
  </control>
  <control type="label">
    <include>TopMenuFilter</include>
    <info>ListItem.Label</info>
    <visible>!Control.HasFocus(800)</visible>
  </control>
  </focusedlayout>
  </control>
  <control type="image">
    <posx>1096</posx>
    <posy>28</posy>
    <width>2</width>
    <height>100</height>
    <texture>panel_vertical_separator.png</texture>
  </control>

  <control type="wraplist" id="900">
    <viewtype label="Character">wrap</viewtype>
    <posx>1098</posx>
    <posy>28</posy>
    <width>182</width>
    <height>100</height>
    <onleft>800</onleft>
    <onright>50</onright>
    <onup>900</onup>
    <ondown>900</ondown>
    <focusposition>1</focusposition>
    <scrolltime>200</scrolltime>
    <itemlayout height="25">
  <control type="image">
    <width>182</width>
    <include>TopMenuButtonFilter</include>
    <texture>topmenu_button_nofocus.png</texture>
  </control>
  <control type="label">
    <width>162</width>
    <include>TopMenuFilter</include>
    <info>ListItem.Label</info>
  </control>
  </itemlayout>
  <focusedlayout height="25">
  <control type="image">
    <width>182</width>
    <include>TopMenuButtonFilter</include>
    <texture>topmenu_button_focus.png</texture>
    <visible>Control.HasFocus(900)</visible>
  </control>
  <control type="image">
    <include>TopMenuButtonFilter</include>
    <texture>topmenu_button_nofocus.png</texture>
    <visible>!Control.HasFocus(900)</visible>
  </control>
  <control type="image">
    <width>182</width>
    <include>TopMenuButtonFilter</include>
    <texture>topmenu_button_focus.png</texture>
    <animation effect="fade" end="20" condition="true">Conditional</animation>
    <visible>!Control.HasFocus(900)</visible>
  </control>
  <control type="label">
    <width>162</width>
    <include>TopMenuFilterFocus</include>
    <info>ListItem.Label</info>
    <visible>Control.HasFocus(900)</visible>
  </control>
  <control type="label">
    <width>162</width>
    <include>TopMenuFilter</include>
    <info>ListItem.Label</info>
    <visible>!Control.HasFocus(900)</visible>
  </control>
  </focusedlayout>
  </control>
    <control type="image">
    <posx>0</posx>
    <posy>-20</posy>
    <height>70</height>
    <width>1280</width>
    <texture background="true">topmenu_bar.png</texture>
    <colordiffuse>$VAR[value_texturecolors]</colordiffuse>
    <animation effect="fade" end="85" condition="true">Conditional</animation>
  </control>
  <control type="label"><!-- Console filter -->
    <posx>33</posx>
    <posy>3</posy>
    <width>208</width>
    <align>center</align>
    <font>Font_OSDOptions</font>
    <textcolor>$VAR[value_headercolors]</textcolor>
    <label>31770</label>
  </control>
  <control type="label"><!-- Genre filter -->
    <posx>309</posx>
    <posy>3</posy>
    <width>208</width>
    <align>center</align>
    <font>Font_OSDOptions</font>
    <textcolor>$VAR[value_headercolors]</textcolor>
    <label>515</label>
  </control>
  <control type="label"><!-- Year filter -->
    <posx>583</posx>
    <posy>3</posy>
    <width>208</width>
    <align>center</align>
    <textcolor>$VAR[value_headercolors]</textcolor>
    <label>345</label>
  </control>
  <control type="label"><!-- Publisher filter -->
    <posx>857</posx>
    <posy>3</posy>
    <width>208</width>
    <align>center</align>
    <textcolor>$VAR[value_headercolors]</textcolor>
    <label>31771</label>
  </control>
  <control type="label"><!-- Character filter -->
    <posx>1140</posx>
    <posy>3</posy>
    <width>98</width>
    <align>center</align>
    <textcolor>$VAR[value_headercolors]</textcolor>
    <label>31792</label>
  </control>
  </control>

  
  <!-- Furniture -->
		<include condition="!Skin.HasSetting(noscrollletters)">ScrollOffsetGamesLabel</include>
    <include>TopMenu_Games</include>
    
  <control type="image"><!-- Trailer Warning -->
    <include>FullScreenDimensions</include>
    <texture>common_grey.png</texture>
    <animation effect="fade" end="98" condition="true">Conditional</animation>
    <include>Animation_CommonFade</include>
    <animation effect="fade" start="100" end="0" time="300" condition="System.IdleTime(5)">Conditional</animation>
    <visible>Skin.HasSetting(trailermode)</visible>
  </control>
  <control type="group">
    <animation effect="fade" start="100" end="0" time="300" delay="1000" condition="System.IdleTime(3)">Conditional</animation>
    <animation effect="slide" start="-40" end="0" time="500" easing="inout" tween="cubic">Visible</animation>
    <animation effect="fade" start="0" end="100" time="500">Visible</animation>
    <visible>Skin.HasSetting(trailermode)</visible>
  <control type="image">
    <posx>350</posx>
    <posy>225</posy>
    <width>120</width>
    <height>70</height>
    <align>left</align>
    <aligny>top</aligny>
    <texture>logo_trailer.png</texture>
    <aspectratio>keep</aspectratio>
  </control>
  <control type="label">
    <posx>500</posx>
    <posy>225</posy>
    <width>580</width>
    <height>38</height>
		<font>Font_WeatherTitle</font>
		<textcolor>c0FFFFFF</textcolor>
    <align>left</align>
    <aligny>top</aligny>
    <label>31458</label>
  </control>
  <control type="label">
    <posx>500</posx>
    <posy>280</posy>
    <width>470</width>
    <height>120</height>
    <font>Font_MultiplexPlot</font>
    <align>left</align>
    <aligny>top</aligny>
    <label>$LOCALIZE[31460] $VAR[value_trailercounter][CR][COLOR=$VAR[value_headercolors]]$LOCALIZE[31459][/COLOR]</label>
  </control>
  </control>
  
  <control type="group"><!-- Window Video -->
    <visible>Player.HasVideo + Skin.HasSetting(trailerplay) + !Skin.HasSetting(fullscreengamevideo)</visible>
  <control type="image">
    <include>FullScreenDimensions</include>
    <texture>common_black.png</texture>
    <animation effect="fade" end="95" condition="true">Conditional</animation>
    <include>Animation_CommonFade</include>
  </control>
  <control type="largeimage">
    <posx>158</posx>
    <posy>82</posy>
    <width>964</width>
    <height>556</height>
    <aspectratio>stretch</aspectratio>
    <texture border="20">home_nowplaying_videowindow.png</texture>
  </control>
  <control type="videowindow" id="8">
    <posx>178</posx>
    <posy>102</posy>
    <width>924</width>
    <height>516</height>
    <aspectratio>stretch</aspectratio>
  </control>
  <control type="progress" id="23">
    <description>Progressbar small</description>
    <posx>246</posx>
    <posy>640</posy>
    <width>789</width>
    <height>15</height>
    <info>Player.Progress</info>
		<animation effect="fade" start="0" end="100" delay="300" time="400" reversible="false">Visible</animation>
		<animation effect="fade" start="100" end="0" time="200" reversible="false">Hidden</animation>
    <visible>!Player.Paused</visible>
  </control>
  <control type="label">
    <posx>340</posx>
    <posy>660</posy>
    <width>600</width>
    <height>25</height>
    <align>center</align>
    <font>Font_Time</font>
    <colordiffuse>d0FFFFFF</colordiffuse>
    <label>$INFO[VideoPlayer.Time] / $INFO[VideoPlayer.Duration]</label>
		<animation effect="fade" start="0" end="100" delay="300" time="400" reversible="false">Visible</animation>
		<animation effect="fade" start="100" end="0" time="200" reversible="false">Hidden</animation>
    <visible>![Skin.HasSetting(fullscreengamevideo) | Player.Paused]</visible>
  </control>
  <control type="label">
    <posx>220</posx>
    <posy>678</posy>
    <width>840</width>
    <height>30</height>
    <align>center</align>
    <font>Font_FloorTextMainLabel</font>
    <textcolor>$VAR[value_headercolors]</textcolor>
    <scroll>true</scroll>
    <label>[UPPERCASE]$INFO[Videoplayer.Title][/UPPERCASE]</label>
    <visible>!Skin.HasSetting(notrailertitle)</visible>
  </control>
  <control type="image">
    <posx>178</posx>
    <posy>102</posy>
    <width>924</width>
    <height>516</height>
    <texture>common_black.png</texture>
    <animation effect="fade" end="95" condition="true">Conditional</animation>
    <visible>Player.Paused</visible>
  </control>
  <control type="label"><!-- Paused Label -->
    <posx>261</posx>
    <posy>430</posy>
    <width>759</width>
    <height>28</height>
    <aligny>center</aligny>
    <align>center</align>
    <label>31437</label>
    <font>Sml_Text</font>
    <textcolor>33FFFFFF</textcolor>
    <include>Animation_CommonFade</include>
    <visible>Player.Paused + !Skin.HasSetting(fullscreengamevideo)</visible>
  </control>
  <control type="label" id="24"><!-- Buffering Dialog -->
    <posx>261</posx>
    <posy>480</posy>
    <width>759</width>
    <height>28</height>
    <aligny>center</aligny>
    <align>center</align>
    <label>$LOCALIZE[15107] $INFO[Player.CacheLevel]%</label>
    <font>Font_SettingsSectionTitle</font>
    <textcolor>33FFFFFF</textcolor>
    <include>Animation_CommonFade</include>
    <visible>Player.Paused + !Skin.HasSetting(fullscreengamevideo)</visible>
  </control>
  </control>
    <include>BGGradient</include>
    <include>BGBlack</include>
  </control>
  </controls>
  </window>
