﻿<!-- Aeon MQ 4 -->

<window id="5200">
	<defaultcontrol>7000</defaultcontrol>
  <controls>
  <control type="image">
    <include>FullScreenDimensions</include>
    <texture>common_black.png</texture>
    <colordiffuse>c3FFFFFF</colordiffuse>
    <include>Animation_CommonFade</include>
  </control>
  <control type="group">
    <include>Animation_OpenCloseWindow</include>
  <control type="image">
    <posx>23</posx>
    <posy>23</posy>
    <width>1233</width>
    <height>673</height>
    <texture background="true">settings_panelback.png</texture>
  </control>
  <control type="label">
    <description>Section Title</description>
    <include>SettingsSectionTitle</include>
    <label>OPTIONS</label>
  </control>
	<control type="label">
    <description>Header Label</description>
    <include>SettingsContentTitle</include>
    <label>Rom Collection Browser - Configuration</label>
  </control>
  
  <!-- Category buttons -->
	<control type="group">
  <include>ButtonGroupXBMCDimensions</include>
    <posy>54</posy>
  <control type="list" id="7000">
    <posx>0</posx>
    <posy>0</posy>
    <width>216</width>
    <height>500</height>
    <onleft>7010</onleft>
    <onright>7010</onright>
    <onup>7000</onup>
    <ondown>7000</ondown>
    <pagecontrol>-</pagecontrol>
    <scrolltime>300</scrolltime>
    <itemlayout height="40" width="216">
  <control type="label">
    <include>SettingsButtonLabel</include>
    <label>$INFO[ListItem.Label]</label>
    <textcolor>FFf5f5f5</textcolor>
  </control>
  </itemlayout>
  <focusedlayout height="40" width="216">
  <control type="image">
    <posx>0</posx>
    <posy>0</posy>
    <width>215</width>
    <height>40</height>
    <texture>settings_button_focus.png</texture>
    <colordiffuse>$VAR[value_texturecolors]</colordiffuse>
    <animation effect="fade" start="100" end="30" time="100" condition="!Control.HasFocus(7000)">Conditional</animation>
  </control>
  <control type="label">
    <include>SettingsButtonLabel</include>
    <label>$INFO[ListItem.Label]</label>
    <textcolor>FF101010</textcolor>
  </control>
  </focusedlayout>
  <content>
  <item id="1">
    <label>Import games</label>
    <onclick>-</onclick>
  </item>
  <item id="2">
    <label>Import game data</label>
    <onclick>-</onclick>
  </item>
  <item id="3">
    <label>Browse games</label>
    <onclick>-</onclick>
  </item>
  <item id="4">
    <label>Launch games</label>
    <onclick>-</onclick>
  </item>
  </content>
  </control>
  </control>
  
  <!-- Settings List -->
  <control type="group">
    <include>DefaultControlDimensions</include>

  <!-- Rom Collection List -->
  <control type="list" id="5210">
    <hitrect x="0" y="0" w="0" h="0" />
    <visible>!Container(7000).Hasfocus(5)</visible>
    <posx>0</posx>
    <posy>0</posy>
    <width>936</width>
    <height>49</height>
    <onleft>5210</onleft>
    <onright>5210</onright>
    <onup>5210</onup>
    <ondown>5210</ondown>
    <pagecontrol>-</pagecontrol>
    <scrolltime>0</scrolltime>
    <itemlayout height="1" width="750">
    </itemlayout>
    <focusedlayout height="49" width="936">
  <control type="image">
    <posx>0</posx>
    <posy>0</posy>
    <width>936</width>
    <height>49</height>
    <texture>settings_radiobuttonoff.png</texture>
    <visible>![Control.HasFocus(5211) | Control.HasFocus(5212)]</visible>
  </control>
  <control type="image">
    <posx>0</posx>
    <posy>0</posy>
    <width>936</width>
    <height>49</height>
    <texture>settings_radiobuttonofffocus.png</texture>
    <visible>[Control.HasFocus(5211) | Control.HasFocus(5212)]</visible>
  </control>
  <control type="label">
    <posx>50</posx>
    <posy>0</posy>
    <width>200</width>
    <height>49</height>
    <font>Font_SettingsOptions</font>
    <textcolor>FFFFFFFF</textcolor>
    <align>left</align>
    <aligny>center</aligny>
    <label>Rom Collection</label>
    <animation effect="fade" start="100" end="70" time="0" condition="![Control.HasFocus(5211) | Control.HasFocus(5212)]">conditional</animation>
  </control>
  <control type="label">
    <posx>815</posx>
    <posy>0</posy>
    <width>370</width>
    <height>49</height>
    <font>Font_SettingsOptions</font>
    <textcolor>FFFFFFFF</textcolor>
    <align>right</align>
    <aligny>center</aligny>
    <label>$INFO[ListItem.Label]</label>
    <animation effect="fade" start="100" end="70" time="0" condition="![Control.HasFocus(5211) | Control.HasFocus(5212)]">conditional</animation>
  </control>
  </focusedlayout>
  </control>
  <control type="button" id="5211">
    <description>Menu Item Next Button</description>
    <visible>!Container(7000).Hasfocus(5)</visible>
    <posx>855</posx>
    <posy>-8</posy>
    <width>40</width>
    <height>65</height>
    <label>-</label>
    <font>-</font>
    <texturenofocus>settings_spindown.png</texturenofocus>
    <texturefocus>settings_spindown_focus.png</texturefocus>
    <onclick>Control.Move(5210,1)</onclick>
    <onleft>7000</onleft>
    <onright>5212</onright>
    <onup>5101</onup>
    <ondown>7010</ondown>
  </control>
  <control type="button" id="5212">
    <description>Menu Item Prev Button</description>
    <visible>!Container(7000).Hasfocus(5)</visible>
    <posx>895</posx>
    <posy>-8</posy>
    <width>40</width>
    <height>65</height>
    <label>-</label>
    <font>-</font>
    <texturenofocus>settings_spinup.png</texturenofocus>
    <texturefocus>settings_spinup_focus.png</texturefocus>
    <onclick>Control.Move(5210,-1)</onclick>
    <onleft>5211</onleft>
    <onright>6000</onright>
    <onup>5101</onup>
    <ondown>7010</ondown>
  </control>

	<control type="group" id="7010">
  <!-- Game Import -->
  <control type="group" id="7001">
    <visible>Container(7000).Hasfocus(1)</visible>
    <posx>0</posx>
    <posy>49</posy>
    <pagecontrol>60</pagecontrol>
  <!-- Rom Path -->
  <control type="label">
    <posx>50</posx>
    <posy>0</posy>
    <width>200</width>
    <height>49</height>
    <font>Font_SettingsOptions</font>
    <textcolor>FFFFFFFF</textcolor>
    <align>left</align>
    <aligny>center</aligny>
    <label>Rom path</label>
    <animation effect="fade" start="100" end="70" time="0" condition="!Control.HasFocus(5240)">conditional</animation>
  </control>
  <control type="button" id="5240">
    <description>Rom Path</description>
    <posx>0</posx>
    <posy>0</posy>
    <label>Rom path</label>
    <align>right</align>
    <onup>5211</onup>
    <ondown>5250</ondown>
    <onleft>7000</onleft>
    <onright>6000</onright>
  </control>
  <!-- Rom file mask -->
  <control type="label">
    <posx>50</posx>
    <posy>49</posy>
    <width>200</width>
    <height>49</height>
    <font>Font_SettingsOptions</font>
    <textcolor>FFFFFFFF</textcolor>
    <align>left</align>
    <aligny>center</aligny>
    <label>Rom file mask</label>
    <animation effect="fade" start="100" end="70" time="0" condition="!Control.HasFocus(5250)">conditional</animation>
  </control>
  <control type="button" id="5250">
    <description>Rom file mask</description>
    <posx>0</posx>
    <posy>49</posy>
    <label>Rom file mask</label>
    <align>right</align>
    <onup>5240</onup>
    <ondown>5330</ondown>
    <onleft>7000</onleft>
    <onright>6000</onright>
  </control>
  <!-- Ignore on scan -->
  <control type="radiobutton" id="5330">
    <posx>0</posx>
    <posy>98</posy>
    <label>Ignore on scan</label>
    <onleft>7000</onleft>
    <onright>6000</onright>
    <onup>5250</onup>
    <ondown>5400</ondown>
  </control>
  <!-- Allow update -->
  <control type="radiobutton" id="5400">
    <posx>0</posx>
    <posy>147</posy>
    <label>Allow update</label>
    <onleft>7000</onleft>
    <onright>6000</onright>
    <onup>5330</onup>
    <ondown>5410</ondown>
  </control>

  <!-- Max folder depth -->
  <control type="label">
    <posx>50</posx>
    <posy>196</posy>
    <width>200</width>
    <height>49</height>
    <font>Font_SettingsOptions</font>
    <textcolor>FFFFFFFF</textcolor>
    <align>left</align>
    <aligny>center</aligny>
    <label>Max folder depth</label>
    <animation effect="fade" start="100" end="70" time="0" condition="!Control.HasFocus(5410)">conditional</animation>
  </control>
  <control type="button" id="5410">
    <description>Max folder depth</description>
    <posx>0</posx>
    <posy>196</posy>
    <align>right</align>
    <onup>5400</onup>
    <ondown>5420</ondown>
    <onleft>7000</onleft>
    <onright>6000</onright>
  </control>

  <!-- Disk indicator -->
  <control type="label">
    <posx>50</posx>
    <posy>245</posy>
    <width>200</width>
    <height>49</height>
    <font>Font_SettingsOptions</font>
    <textcolor>FFFFFFFF</textcolor>
    <align>left</align>
    <aligny>center</aligny>
    <label>Disk indicator</label>
    <animation effect="fade" start="100" end="70" time="0" condition="!Control.HasFocus(5420)">conditional</animation>
  </control>
  <control type="button" id="5420">
    <description>Disk indicator</description>
    <posx>0</posx>
    <posy>245</posy>
    <align>right</align>
    <onup>5410</onup>
    <ondown>5430</ondown>
    <onleft>7000</onleft>
    <onright>6000</onright>
  </control>
  <control type="radiobutton" id="5430">
    <posx>0</posx>
    <posy>294</posy>
    <label>Use foldername as gamename</label>
    <onleft>7000</onleft>
    <onright>6000</onright>
    <onup>5420</onup>
    <ondown>6000</ondown>
  </control>
  </control>

  <!-- Import Game data -->
  <control type="group" id="7002">
    <visible>Container(7000).Hasfocus(2)</visible>
    <posx>0</posx>
    <posy>49</posy>

  <!-- Scrapers -->
  <!-- Scraper 1 -->
  <control type="list" id="5290">
    <hitrect x="0" y="0" w="0" h="0" />
    <posx>0</posx>
    <posy>0</posy>
    <width>936</width>
    <height>49</height>
    <onleft>5280</onleft>
    <onright>5280</onright>
    <onup>5280</onup>
    <ondown>5280</ondown>
    <enable>false</enable>
    <pagecontrol>-</pagecontrol>
    <scrolltime>0</scrolltime>
    <itemlayout height="1" width="380"></itemlayout>
    <focusedlayout height="49" width="936">
  <control type="image">
    <posx>0</posx>
    <posy>0</posy>
    <width>936</width>
    <height>49</height>
    <texture>settings_radiobuttonoff.png</texture>
    <visible>![Control.HasFocus(5291) | Control.HasFocus(5292)]</visible>
  </control>
  <control type="image">
    <posx>0</posx>
    <posy>0</posy>
    <width>936</width>
    <height>49</height>
    <texture>settings_radiobuttonofffocus.png</texture>
    <visible>[Control.HasFocus(5291) | Control.HasFocus(5292)]</visible>
  </control>
  <control type="label">
    <posx>50</posx>
    <posy>0</posy>
    <width>200</width>
    <height>49</height>
    <font>Font_SettingsOptions</font>
    <textcolor>FFFFFFFF</textcolor>
    <align>left</align>
    <aligny>center</aligny>
    <label>Scraper 1</label>
    <animation effect="fade" start="100" end="70" time="0" condition="![Control.HasFocus(5291) | Control.HasFocus(5292)]">conditional</animation>
  </control>
  <control type="label">
    <posx>815</posx>
    <posy>0</posy>
    <width>370</width>
    <height>49</height>
    <font>Font_SettingsOptions</font>
    <textcolor>FFFFFFFF</textcolor>
    <align>right</align>
    <aligny>center</aligny>
    <label>$INFO[ListItem.Label]</label>
    <animation effect="fade" start="100" end="70" time="0" condition="![Control.HasFocus(5291) | Control.HasFocus(5292)]">conditional</animation>
  </control>
  </focusedlayout>
  </control>
  <control type="button" id="5291">
    <description>Menu Item Next Button</description>
    <posx>855</posx>
    <posy>-8</posy>
    <width>40</width>
    <height>65</height>
    <label>-</label>
    <font>-</font>
    <texturenofocus>settings_spindown.png</texturenofocus>
    <texturefocus>settings_spindown_focus.png</texturefocus>
    <onclick>Control.Move(5290,1)</onclick>
    <onleft>7000</onleft>
    <onright>5292</onright>
    <onup>5211</onup>
    <ondown>5301</ondown>
  </control>
  <control type="button" id="5292">
    <description>Menu Item Prev Button</description>
    <posx>895</posx>
    <posy>-8</posy>
    <width>40</width>
    <height>65</height>
    <label>-</label>
    <font>-</font>
    <texturenofocus>settings_spinup.png</texturenofocus>
    <texturefocus>settings_spinup_focus.png</texturefocus>
    <onclick>Control.Move(5290,-1)</onclick>
    <onleft>5291</onleft>
    <onright>6000</onright>
    <onup>5212</onup>
    <ondown>5302</ondown>
  </control>
  <!-- Scraper 2 -->
  <control type="list" id="5300">
    <hitrect x="0" y="0" w="0" h="0" />
    <posx>0</posx>
    <posy>49</posy>
    <width>936</width>
    <height>49</height>
    <onleft>5290</onleft>
    <onright>5310</onright>
    <onup>5290</onup>
    <ondown>5310</ondown>
    <pagecontrol>-</pagecontrol>
    <scrolltime>0</scrolltime>
    <itemlayout height="1" width="380">
    </itemlayout>
    <focusedlayout height="49" width="936">
  <control type="image">
    <posx>0</posx>
    <posy>0</posy>
    <width>936</width>
    <height>49</height>
    <texture>settings_radiobuttonoff.png</texture>
    <visible>![Control.HasFocus(5301) | Control.HasFocus(5302)]</visible>
  </control>
  <control type="image">
    <posx>0</posx>
    <posy>0</posy>
    <width>936</width>
    <height>49</height>
    <texture>settings_radiobuttonofffocus.png</texture>
    <visible>[Control.HasFocus(5301) | Control.HasFocus(5302)]</visible>
  </control>
  <control type="label">
    <posx>50</posx>
    <posy>0</posy>
    <width>200</width>
    <height>49</height>
    <font>Font_SettingsOptions</font>
    <textcolor>FFFFFFFF</textcolor>
    <align>left</align>
    <aligny>center</aligny>
    <label>Scraper 2</label>
    <animation effect="fade" start="100" end="70" time="0" condition="![Control.HasFocus(5301) | Control.HasFocus(5302)]">conditional</animation>
  </control>
  <control type="label">
    <posx>815</posx>
    <posy>0</posy>
    <width>370</width>
    <height>49</height>
    <font>Font_SettingsOptions</font>
    <textcolor>FFFFFFFF</textcolor>
    <align>right</align>
    <aligny>center</aligny>
    <label>$INFO[ListItem.Label]</label>
    <animation effect="fade" start="100" end="70" time="0" condition="![Control.HasFocus(5301) | Control.HasFocus(5302)]">conditional</animation>
  </control>
  </focusedlayout>
  </control>
  <control type="button" id="5301">
    <description>Menu Item Next Button</description>
    <posx>855</posx>
    <posy>40</posy>
    <width>40</width>
    <height>65</height>
    <label>-</label>
    <font>-</font>
    <texturenofocus>settings_spindown.png</texturenofocus>
    <texturefocus>settings_spindown_focus.png</texturefocus>
    <onclick>Control.Move(5300,1)</onclick>
    <onleft>7000</onleft>
    <onright>5302</onright>
    <onup>5291</onup>
    <ondown>5311</ondown>
  </control>
  <control type="button" id="5302">
    <description>Menu Item Prev Button</description>
    <posx>895</posx>
    <posy>40</posy>
    <width>40</width>
    <height>65</height>
    <label>-</label>
    <font>-</font>
    <texturenofocus>settings_spinup.png</texturenofocus>
    <texturefocus>settings_spinup_focus.png</texturefocus>
    <onclick>Control.Move(5300,-1)</onclick>
    <onleft>5301</onleft>
    <onright>6000</onright>
    <onup>5292</onup>
    <ondown>5312</ondown>
  </control>
  <!-- Scraper 3 -->
  <control type="list" id="5310">
    <hitrect x="0" y="0" w="0" h="0" />
    <posx>0</posx>
    <posy>98</posy>
    <width>936</width>
    <height>49</height>
    <onleft>5302</onleft>
    <onright>5320</onright>
    <onup>5301</onup>
    <ondown>5320</ondown>
    <pagecontrol>-</pagecontrol>
    <scrolltime>0</scrolltime>
    <itemlayout height="1" width="380"></itemlayout>
    <focusedlayout height="49" width="936">
  <control type="image">
    <posx>0</posx>
    <posy>0</posy>
    <width>936</width>
    <height>49</height>
    <texture>settings_radiobuttonoff.png</texture>
    <visible>![Control.HasFocus(5311) | Control.HasFocus(5312)]</visible>
  </control>
  <control type="image">
    <posx>0</posx>
    <posy>0</posy>
    <width>936</width>
    <height>49</height>
    <texture>settings_radiobuttonofffocus.png</texture>
    <visible>[Control.HasFocus(5311) | Control.HasFocus(5312)]</visible>
  </control>
  <control type="label">
    <posx>50</posx>
    <posy>0</posy>
    <width>200</width>
    <height>49</height>
    <font>Font_SettingsOptions</font>
    <textcolor>FFFFFFFF</textcolor>
    <align>left</align>
    <aligny>center</aligny>
    <label>Scraper 3</label>
    <animation effect="fade" start="100" end="70" time="0" condition="![Control.HasFocus(5311) | Control.HasFocus(5312)]">conditional</animation>
  </control>
  <control type="label">
    <posx>815</posx>
    <posy>0</posy>
    <width>370</width>
    <height>49</height>
    <font>Font_SettingsOptions</font>
    <textcolor>FFFFFFFF</textcolor>
    <align>right</align>
    <aligny>center</aligny>
    <label>$INFO[ListItem.Label]</label>
    <animation effect="fade" start="100" end="70" time="0" condition="![Control.HasFocus(5311) | Control.HasFocus(5312)]">conditional</animation>
  </control>
  </focusedlayout>
  </control>
  <control type="button" id="5311">
    <description>Menu Item Next Button</description>
    <posx>855</posx>
    <posy>90</posy>
    <width>40</width>
    <height>65</height>
    <label>-</label>
    <font>-</font>
    <texturenofocus>settings_spindown.png</texturenofocus>
    <texturefocus>settings_spindown_focus.png</texturefocus>
    <onclick>Control.Move(5310,1)</onclick>
    <onleft>7000</onleft>
    <onright>5312</onright>
    <onup>5301</onup>
    <ondown>5261</ondown>
  </control>
  <control type="button" id="5312">
    <description>Menu Item Prev Button</description>
    <posx>895</posx>
    <posy>90</posy>
    <width>40</width>
    <height>65</height>
    <label>-</label>
    <font>-</font>
    <texturenofocus>settings_spinup.png</texturenofocus>
    <texturefocus>settings_spinup_focus.png</texturefocus>
    <onclick>Control.Move(5310,-1)</onclick>
    <onleft>5311</onleft>
    <onright>6000</onright>
    <onup>5302</onup>
    <ondown>5262</ondown>
  </control>

  <!-- Media Path -->
  <control type="group">
    <posx>0</posx>
    <posy>147</posy>
  <control type="list" id="5260">
    <hitrect x="0" y="0" w="0" h="0" />
    <posx>0</posx>
    <posy>0</posy>
    <width>936</width>
    <height>49</height>
    <onleft>7000</onleft>
    <onright>5210</onright>
    <onup>5210</onup>
    <ondown>5210</ondown>
    <pagecontrol>-</pagecontrol>
    <scrolltime>0</scrolltime>
    <enable>false</enable>
    <itemlayout height="1" width="750">
    </itemlayout>
    <focusedlayout height="49" width="936">
  <control type="image">
    <posx>0</posx>
    <posy>0</posy>
    <width>936</width>
    <height>49</height>
    <texture>settings_radiobuttonoff.png</texture>
    <visible>![Control.HasFocus(5261) | Control.HasFocus(5262)]</visible>
  </control>
  <control type="image">
    <posx>0</posx>
    <posy>0</posy>
    <width>936</width>
    <height>49</height>
    <texture>settings_radiobuttonofffocus.png</texture>
    <visible>[Control.HasFocus(5261) | Control.HasFocus(5262)]</visible>
  </control>
  <control type="label">
    <posx>50</posx>
    <posy>0</posy>
    <width>200</width>
    <height>49</height>
    <font>Font_SettingsOptions</font>
    <textcolor>FFFFFFFF</textcolor>
    <align>left</align>
    <aligny>center</aligny>
    <label>Media type</label>
    <animation effect="fade" start="100" end="70" time="0" condition="![Control.HasFocus(5261) | Control.HasFocus(5262)]">conditional</animation>
  </control>
  <control type="label">
    <posx>815</posx>
    <posy>0</posy>
    <width>370</width>
    <height>49</height>
    <font>Font_SettingsOptions</font>
    <textcolor>FFFFFFFF</textcolor>
    <align>right</align>
    <aligny>center</aligny>
    <label>$INFO[ListItem.Label]</label>
    <animation effect="fade" start="100" end="70" time="0" condition="![Control.HasFocus(5261) | Control.HasFocus(5262)]">conditional</animation>
  </control>
  </focusedlayout>
  </control>
  <control type="button" id="5261">
    <description>Menu Item Next Button</description>
    <posx>855</posx>
    <posy>-8</posy>
    <width>40</width>
    <height>65</height>
    <label>-</label>
    <font>-</font>
    <texturenofocus>settings_spindown.png</texturenofocus>
    <texturefocus>settings_spindown_focus.png</texturefocus>
    <onclick>Control.Move(5260,1)</onclick>
    <onleft>7000</onleft>
    <onright>5262</onright>
    <onup>5311</onup>
    <ondown>5270</ondown>
  </control>
  <control type="button" id="5262">
    <description>Menu Item Prev Button</description>
    <posx>895</posx>
    <posy>-8</posy>
    <width>40</width>
    <height>65</height>
    <label>-</label>
    <font>-</font>
    <texturenofocus>settings_spinup.png</texturenofocus>
    <texturefocus>settings_spinup_focus.png</texturefocus>
    <onclick>Control.Move(5260,-1)</onclick>
    <onleft>5261</onleft>
    <onright>6000</onright>
    <onup>5312</onup>
    <ondown>5270</ondown>
  </control>
  
  <!-- Media Path -->
  <control type="label">
    <posx>50</posx>
    <posy>49</posy>
    <width>200</width>
    <height>49</height>
    <font>Font_SettingsOptions</font>
    <textcolor>FFFFFFFF</textcolor>
    <align>left</align>
    <aligny>center</aligny>
    <label>Media path</label>
    <animation effect="fade" start="100" end="70" time="0" condition="!Control.Hasfocus(5270)">conditional</animation>
  </control>
  <control type="button" id="5270">
    <description>Media Path</description>
    <posx>0</posx>
    <posy>49</posy>
    <label>Media path</label>
    <align>right</align>
    <aligny>center</aligny>
    <onup>5262</onup>
    <ondown>5280</ondown>
    <onleft>7000</onleft>
    <onright>6000</onright>
  </control>
  <!-- File Mask -->
  <control type="label">
    <posx>50</posx>
    <posy>98</posy>
    <width>200</width>
    <height>49</height>
    <font>Font_SettingsOptions</font>
    <textcolor>FFFFFFFF</textcolor>
    <align>left</align>
    <aligny>center</aligny>
    <label>Media file mask</label>
    <animation effect="fade" start="100" end="70" time="0" condition="!Control.Hasfocus(5280)">conditional</animation>
  </control>
  <control type="button" id="5280">
    <description>Media File Mask</description>
    <posx>0</posx>
    <posy>98</posy>
    <label>Media file mask</label>
    <align>right</align>
    <aligny>center</aligny>
    <onup>5270</onup>
    <ondown>5490</ondown>
    <onleft>7000</onleft>
    <onright>6000</onright>
  </control>

  <control type="button" id="5490">
    <description>Remove Media path</description>
    <posx>0</posx>
    <posy>147</posy>
    <label>Remove media path</label>
    <align>left</align>
    <aligny>center</aligny>
    <onup>5280</onup>
    <ondown>5500</ondown>
    <onleft>7000</onleft>
    <onright>6000</onright>
  </control>
  <control type="button" id="5500">
    <description>Add Media path</description>
    <posx>0</posx>
    <posy>196</posy>
    <label>Add media path</label>
    <align>left</align>
    <aligny>center</aligny>
    <onup>5490</onup>
    <ondown>6000</ondown>
    <onleft>7000</onleft>
    <onright>6000</onright>
  </control>
  </control>
  </control>

  <!-- Game Browsing -->
  <control type="group" id="7002">
    <visible>Container(7000).Hasfocus(3)</visible>
    <posx>0</posx>
    <posy>49</posy>

  <control type="list" id="5320">
    <hitrect x="0" y="0" w="0" h="0" />
    <enable>false</enable>
    <posx>0</posx>
    <posy>0</posy>
    <width>936</width>
    <height>49</height>
    <onleft>5320</onleft>
    <onright>5320</onright>
    <onup>5320</onup>
    <ondown>5320</ondown>
    <pagecontrol>-</pagecontrol>
    <scrolltime>0</scrolltime>
    <itemlayout height="1" width="750">
    </itemlayout>
    <focusedlayout height="49" width="936">
  <control type="image">
    <posx>0</posx>
    <posy>0</posy>
    <width>936</width>
    <height>49</height>
    <texture>settings_radiobuttonoff.png</texture>
    <visible>![Control.HasFocus(5321) | Control.HasFocus(5322)]</visible>
  </control>
  <control type="image">
    <posx>0</posx>
    <posy>0</posy>
    <width>936</width>
    <height>49</height>
    <texture>settings_radiobuttonofffocus.png</texture>
    <visible>[Control.HasFocus(5321) | Control.HasFocus(5322)]</visible>
  </control>
  <control type="label">
    <posx>50</posx>
    <posy>0</posy>
    <width>300</width>
    <height>49</height>
    <font>Font_SettingsOptions</font>
    <textcolor>FFFFFFFF</textcolor>
    <align>left</align>
    <aligny>center</aligny>
    <label>Images (Main window)</label>
    <animation effect="fade" start="100" end="70" time="0" condition="![Control.Hasfocus(5321) | Control.HasFocus(5322)]">conditional</animation>
  </control>
  <control type="label">
    <posx>815</posx>
    <posy>0</posy>
    <width>370</width>
    <height>49</height>
    <font>Font_SettingsOptions</font>
    <textcolor>FFFFFFFF</textcolor>
    <align>right</align>
    <aligny>center</aligny>
    <label>$INFO[ListItem.Label]</label>
    <animation effect="fade" start="100" end="70" time="0" condition="![Control.Hasfocus(5321) | Control.HasFocus(5322)]">conditional</animation>
  </control>
  </focusedlayout>
  </control>
  <control type="button" id="5321">
    <description>Menu Item Next Button</description>
    <posx>855</posx>
    <posy>-8</posy>
    <width>40</width>
    <height>65</height>
    <label>-</label>
    <font>-</font>
    <texturenofocus>settings_spindown.png</texturenofocus>
    <texturefocus>settings_spindown_focus.png</texturefocus>
    <onclick>Control.Move(5320,1)</onclick>
    <onleft>7000</onleft>
    <onright>5322</onright>
    <onup>5211</onup>
    <ondown>5341</ondown>
  </control>
  <control type="button" id="5322">
    <description>Menu Item Prev Button</description>
    <posx>895</posx>
    <posy>-8</posy>
    <width>40</width>
    <height>65</height>
    <label>-</label>
    <font>-</font>
    <texturenofocus>settings_spinup.png</texturenofocus>
    <texturefocus>settings_spinup_focus.png</texturefocus>
    <onclick>Control.Move(5320,-1)</onclick>
    <onleft>5321</onleft>
    <onright>6000</onright>
    <onup>5212</onup>
    <ondown>5342</ondown>
  </control>

  <control type="list" id="5340">
    <hitrect x="0" y="0" w="0" h="0" />
    <enable>false</enable>
    <posx>0</posx>
    <posy>49</posy>
    <width>936</width>
    <height>49</height>
    <onleft>5340</onleft>
    <onright>5340</onright>
    <onup>5340</onup>
    <ondown>5340</ondown>
    <pagecontrol>-</pagecontrol>
    <scrolltime>0</scrolltime>
    <itemlayout height="1" width="750">
    </itemlayout>
    <focusedlayout height="49" width="936">
  <control type="image">
    <posx>0</posx>
    <posy>0</posy>
    <width>936</width>
    <height>49</height>
    <texture>settings_radiobuttonoff.png</texture>
    <visible>![Control.HasFocus(5341) | Control.HasFocus(5342)]</visible>
  </control>
  <control type="image">
    <posx>0</posx>
    <posy>0</posy>
    <width>936</width>
    <height>49</height>
    <texture>settings_radiobuttonofffocus.png</texture>
    <visible>[Control.HasFocus(5341) | Control.HasFocus(5342)]</visible>
  </control>
  <control type="label">
    <posx>50</posx>
    <posy>0</posy>
    <width>300</width>
    <height>49</height>
    <font>Font_SettingsOptions</font>
    <textcolor>FFFFFFFF</textcolor>
    <align>left</align>
    <aligny>center</aligny>
    <label>Images (Info window)</label>
    <animation effect="fade" start="100" end="70" time="0" condition="![Control.Hasfocus(5341) | Control.HasFocus(5342)]">conditional</animation>
  </control>
  <control type="label">
    <posx>815</posx>
    <posy>0</posy>
    <width>370</width>
    <height>49</height>
    <font>Font_SettingsOptions</font>
    <textcolor>FFFFFFFF</textcolor>
    <align>right</align>
    <aligny>center</aligny>
    <label>$INFO[ListItem.Label]</label>
    <animation effect="fade" start="100" end="70" time="0" condition="![Control.Hasfocus(5341) | Control.HasFocus(5342)]">conditional</animation>
  </control>
  </focusedlayout>
  </control>
  <control type="button" id="5341">
    <description>Menu Item Next Button</description>
    <posx>855</posx>
    <posy>40</posy>
    <width>40</width>
    <height>65</height>
    <label>-</label>
    <font>-</font>
    <texturenofocus>settings_spindown.png</texturenofocus>
    <texturefocus>settings_spindown_focus.png</texturefocus>
    <onclick>Control.Move(5340,1)</onclick>
    <onleft>7000</onleft>
    <onright>5342</onright>
    <onup>5321</onup>
    <ondown>5350</ondown>
  </control>
  <control type="button" id="5342">
    <description>Menu Item Prev Button</description>
    <posx>895</posx>
    <posy>40</posy>
    <width>40</width>
    <height>65</height>
    <label>-</label>
    <font>-</font>
    <texturenofocus>settings_spinup.png</texturenofocus>
    <texturefocus>settings_spinup_focus.png</texturefocus>
    <onclick>Control.Move(5340,-1)</onclick>
    <onleft>5341</onleft>
    <onright>6000</onright>
    <onup>5322</onup>
    <ondown>5350</ondown>
  </control>
  <control type="radiobutton" id="5350"><!-- Autoplay Main -->
    <posx>0</posx>
    <posy>98</posy>
    <label>Autoplay video (Main window)</label>
    <onleft>7000</onleft>
    <onright>6000</onright>
    <onup>5342</onup>
    <ondown>6000</ondown>
  </control>
  </control>

  <!-- Game Launching -->
  <control type="group" id="7003">
  <visible>Container(7000).Hasfocus(4)</visible>
  <posx>0</posx>
  <posy>49</posy>
  <height>200</height>
  <!-- Emulator Cmd -->
  <control type="label">
    <posx>50</posx>
    <posy>0</posy>
    <width>200</width>
    <height>45</height>
    <font>Font_SettingsOptions</font>
    <textcolor>FFFFFFFF</textcolor>
    <align>left</align>
    <aligny>center</aligny>
    <label>Emulator cmd</label>
    <animation effect="fade" start="100" end="70" time="0" condition="!Control.Hasfocus(5220)">conditional</animation>
  </control>
  <control type="button" id="5220">
    <description>EmuCmd</description>
    <posx>0</posx>
    <posy>0</posy>
    <height>45</height>
    <label>$INFO[ListItem.Label]</label>
    <align>right</align>
    <aligny>center</aligny>
    <onup>5212</onup>
    <ondown>5230</ondown>
    <onleft>7000</onleft>
    <onright>6000</onright>
  </control>
  <!-- Emulator Params -->
  <control type="label">
    <posx>50</posx>
    <posy>45</posy>
    <width>200</width>
    <height>45</height>
    <font>Font_SettingsOptions</font>
    <textcolor>FFFFFFFF</textcolor>
    <align>left</align>
    <aligny>center</aligny>
    <label>Emulator params</label>
    <animation effect="fade" start="100" end="70" time="0" condition="!Control.Hasfocus(5230)">conditional</animation>
  </control>
  <control type="button" id="5230">
    <description>EmuParams</description>
    <posx>0</posx>
    <posy>45</posy>
    <height>45</height>
    <align>right</align>
    <aligny>center</aligny>
    <onup>5220</onup>
    <ondown>5440</ondown>
    <onleft>7000</onleft>
    <onright>6000</onright>
  </control>
  <!-- Use emu solo -->
  <control type="radiobutton" id="5440">
    <posx>0</posx>
    <posy>90</posy>
    <height>45</height>
    <label>Use emulator in solo mode</label>
    <onleft>7000</onleft>
    <onright>6000</onright>
    <onup>5230</onup>
    <ondown>5530</ondown>
  </control>
  <!-- Use Popen -->
  <control type="radiobutton" id="5530">
    <posx>0</posx>
    <posy>135</posy>
    <height>45</height>
    <label>Use Popen to launch emulator</label>
    <onleft>7000</onleft>
    <onright>6000</onright>
    <onup>5440</onup>
    <ondown>5450</ondown>
  </control>
  <!-- Do not extract zip files -->
  <control type="radiobutton" id="5450">
    <posx>0</posx>
    <posy>180</posy>
    <height>45</height>
    <label>Do not extract zip files</label>
    <onleft>7000</onleft>
    <onright>6000</onright>
    <onup>5530</onup>
    <ondown>5460</ondown>
  </control>
  <!-- Savestate path -->
  <control type="label">
    <posx>50</posx>
    <posy>225</posy>
    <width>200</width>
    <height>45</height>
    <font>Font_SettingsOptions</font>
    <textcolor>FFFFFFFF</textcolor>
    <align>left</align>
    <aligny>center</aligny>
    <label>Savestate path</label>
    <animation effect="fade" start="100" end="70" time="0" condition="!Control.Hasfocus(5460)">conditional</animation>
  </control>
  <control type="button" id="5460">
    <description>Savestates</description>
    <posx>0</posx>
    <posy>225</posy>
    <height>45</height>
    <align>right</align>
    <aligny>center</aligny>
    <onup>5450</onup>
    <ondown>5470</ondown>
    <onleft>7000</onleft>
    <onright>6000</onright>
  </control>
  <!-- Savestate file mask -->
  <control type="label">
    <posx>50</posx>
    <posy>270</posy>
    <width>200</width>
    <height>45</height>
    <font>Font_SettingsOptions</font>
    <textcolor>FFFFFFFF</textcolor>
    <align>left</align>
    <aligny>center</aligny>
    <label>Savestate file mask</label>
    <animation effect="fade" start="100" end="70" time="0" condition="!Control.Hasfocus(5470)">conditional</animation>
  </control>
  <control type="button" id="5470">
    <description>Savestates</description>
    <posx>0</posx>
    <posy>270</posy>
    <height>45</height>
    <align>right</align>
    <aligny>center</aligny>
    <onup>5460</onup>
    <ondown>5480</ondown>
    <onleft>7000</onleft>
    <onright>6000</onright>
  </control>
  <!-- Savestate params -->
  <control type="label">
    <posx>50</posx>
    <posy>315</posy>
    <width>200</width>
    <height>45</height>
    <font>Font_SettingsOptions</font>
    <textcolor>FFFFFFFF</textcolor>
    <align>left</align>
    <aligny>center</aligny>
    <label>Savestate params</label>
    <animation effect="fade" start="100" end="70" time="0" condition="!Control.Hasfocus(5480)">conditional</animation>
  </control>
  <control type="button" id="5480">
    <description>Savestates</description>
    <posx>0</posx>
    <posy>315</posy>
    <height>45</height>
    <align>right</align>
    <aligny>center</aligny>
    <onup>5470</onup>
    <ondown>5510</ondown>
    <onleft>7000</onleft>
    <onright>6000</onright>
  </control>
  <!-- PreCmd -->
  <control type="label">
    <posx>50</posx>
    <posy>360</posy>
    <width>200</width>
    <height>45</height>
    <font>Font_SettingsOptions</font>
    <textcolor>FFFFFFFF</textcolor>
    <align>left</align>
    <aligny>center</aligny>
    <label>Pre-Launch cmd</label>
    <animation effect="fade" start="100" end="70" time="0" condition="!Control.HasFocus(5510)">conditional</animation>
  </control>
  <control type="button" id="5510">
    <description>Pre-Launch Command</description>
    <posx>0</posx>
    <posy>360</posy>
    <height>45</height>
    <align>right</align>
    <aligny>center</aligny>
    <onup>5480</onup>
    <ondown>5520</ondown>
    <onleft>7000</onleft>
    <onright>6000</onright>
  </control>
  <!-- PostCmd -->
  <control type="label">
    <posx>50</posx>
    <posy>405</posy>
    <width>200</width>
    <height>45</height>
    <font>Font_SettingsOptions</font>
    <textcolor>FFFFFFFF</textcolor>
    <align>left</align>
    <aligny>center</aligny>
    <label>Post-Launch cmd</label>
    <animation effect="fade" start="100" end="70" time="0" condition="!Control.HasFocus(5520)">conditional</animation>
  </control>
  <control type="button" id="5520">
  <description>Post-Launch Command</description>
    <posx>0</posx>
    <posy>405</posy>
    <height>45</height>
    <align>right</align>
    <aligny>center</aligny>
    <onup>5510</onup>
    <ondown>6000</ondown>
    <texturenofocus>-</texturenofocus>
  <onleft>7000</onleft>
  <onright>6000</onright>
  </control>
  </control>
  </control>
  </control>
  <control type="image">
    <posx>258</posx>
    <posy>574</posy>
    <width>936</width>
    <height>49</height>
    <texture>settings_radiobuttonoff.png</texture>
  </control>
  <!-- Buttons -->
  <control type="group">
    <posx>200</posx>
    <posy>622</posy>
  <control type="button" id="6000">
    <description>Save</description>
    <posx>200</posx>
    <align>center</align>
    <aligny>center</aligny>
    <include>SettingsAddonSectionButton</include>
    <label>Save config</label>
    <onup>7010</onup>
    <ondown>5101</ondown>
    <onleft>7000</onleft>
    <onright>6010</onright>
  </control>
  <control type="button" id="6010">
    <description>Cancel</description>
    <posx>600</posx>
    <align>center</align>
    <aligny>center</aligny>
    <include>SettingsAddonSectionButton</include>
    <label>Cancel</label>
    <onup>7010</onup>
    <ondown>5101</ondown>
    <onleft>6000</onleft>
    <onright>7000</onright>
  </control>
  </control>
	<control type="image">
    <description>front pane for Settings panel</description>
    <posx>42</posx>
    <posy>28</posy>
    <width>1196</width>
    <height>651</height>
    <texture background="true">settings_panelfront.png</texture>
	</control>
    <include>BGBlack</include>
  </control>
  </controls>
  </window>