﻿<!-- Aeon MQ 4 -->

<window id="5400">
	<defaultcontrol>5411</defaultcontrol>
	<coordinates>
		<system>1</system>
		<posx>0</posx>
		<posy>0</posy>
	</coordinates>
	<controls>
		
   <control type="image">
    <include>FullScreenDimensions</include>
    <texture>common_black.png</texture>
    <colordiffuse>c3FFFFFF</colordiffuse>
    <include>Animation_CommonFade</include>
  </control>
  <control type="group">
  <include>Animation_DialogPopup</include>
    <posy>100</posy>
  <control type="image">
    <description>Panel</description>
    <posx>200</posx>
    <posy>40</posy>
    <width>881</width>
    <height>481</height>
    <texture>osd_settings_back.png</texture>
  </control>
  <control type="label">
    <posx>215</posx>
    <posy>72</posy>
    <width>852</width>
    <height>28</height>
    <label>RCB - DELETE ROM COLLECTION</label>
		<font>Font_SettingsSectionTitle</font>
		<textcolor>FFbec0c2</textcolor>
    <align>center</align>
    <aligny>center</aligny>
    <include>Animation_CommonFade</include>
  </control>
  <control type="image">
    <description>separator</description>
    <posx>200</posx>
    <posy>115</posy>
    <width>851</width>
    <height>2</height>
    <texture>common_divider.png</texture>
  </control>

  <!-- Rom Collection List -->
  <control type="group">
    <posx>213.5</posx>
  <control type="list" id="5410">
    <hitrect x="0" y="0" w="0" h="0" />
    <posx>0</posx>
    <posy>140</posy>
    <width>854.5</width>
    <height>28</height>
    <onleft>5410</onleft>
    <onright>5410</onright>
    <onup>5410</onup>
    <ondown>5410</ondown>
    <pagecontrol>-</pagecontrol>
    <scrolltime>0</scrolltime>
    <itemlayout height="1" width="750">
    </itemlayout>
    <focusedlayout height="28" width="854.5">
  <control type="image">
    <posx>0</posx>
    <posy>0</posy>
    <width>854.5</width>
    <height>28</height>
    <texture>settings_button_nofocus.png</texture>
    <visible>![Control.HasFocus(5411) | Control.HasFocus(5412)]</visible>
  </control>
  <control type="image">
    <posx>0</posx>
    <posy>0</posy>
    <width>854.5</width>
    <height>28</height>
    <texture>settings_button_focus.png</texture>
    <visible>[Control.HasFocus(5411) | Control.HasFocus(5412)]</visible>
  </control>
  <control type="label">
    <posx>50</posx>
    <posy>4</posy>
    <width>200</width>
    <height>20</height>
    <font>Font_SettingsOptions</font>
    <textcolor>FFf5f5f5</textcolor>
    <align>left</align>
    <aligny>center</aligny>
    <label>Rom Collection</label>
    <visible>![Control.HasFocus(5411) | Control.HasFocus(5412)]</visible>
  </control>
  <control type="label">
    <posx>50</posx>
    <posy>4</posy>
    <width>200</width>
    <height>20</height>
    <font>Font_SettingsOptions</font>
    <textcolor>d0000000</textcolor>
    <align>left</align>
    <aligny>center</aligny>
    <label>Rom Collection</label>
    <visible>[Control.HasFocus(5411) | Control.HasFocus(5412)]</visible>
  </control>
  <control type="label">
    <posx>730</posx>
    <posy>4</posy>
    <width>330</width>
    <height>20</height>
    <font>Font_SettingsOptions</font>
    <textcolor>FFf5f5f5</textcolor>
    <align>right</align>
    <aligny>center</aligny>
    <label>$INFO[ListItem.Label]</label>
    <visible>![Control.HasFocus(5411) | Control.HasFocus(5412)]</visible>
  </control>
  <control type="label">
    <posx>730</posx>
    <posy>4</posy>
    <width>330</width>
    <height>20</height>
    <font>Font_SettingsOptions</font>
    <textcolor>d0000000</textcolor>
    <align>right</align>
    <aligny>center</aligny>
    <label>$INFO[ListItem.Label]</label>
    <visible>[Control.HasFocus(5411) | Control.HasFocus(5412)]</visible>
  </control>
  </focusedlayout>
  </control>
  <control type="button" id="5411">
  <description>Menu Item Next Button</description>
    <posx>742</posx>
    <posy>121</posy>
    <width>40</width>
    <height>65</height>
    <label>-</label>
    <font>-</font>
    <texturenofocus>settings_spindown.png</texturenofocus>
    <texturefocus>settings_spindown_focus.png</texturefocus>
    <onclick>Control.Move(5410,1)</onclick>
    <onleft>6000</onleft>
    <onright>5412</onright>
    <onup>5101</onup>
    <ondown>5491</ondown>
  </control>
  <control type="button" id="5412">
  <description>Menu Item Prev Button</description>
    <posx>782</posx>
    <posy>121</posy>
    <width>40</width>
    <height>65</height>
    <label>-</label>
    <font>-</font>
    <texturenofocus>settings_spinup.png</texturenofocus>
    <texturefocus>settings_spinup_focus.png</texturefocus>
    <onclick>Control.Move(5410,-1)</onclick>
    <onleft>5411</onleft>
    <onright>6000</onright>
    <onup>5101</onup>
    <ondown>5492</ondown>
  </control>
  </control>

  <!-- Delete Options -->
  <control type="group">
    <posx>213.5</posx>
  <control type="list" id="5490">
    <hitrect x="0" y="0" w="0" h="0" />
    <posx>0</posx>
    <posy>168</posy>
    <width>854.5</width>
    <height>28</height>
    <onleft>5490</onleft>
    <onright>5490</onright>
    <onup>5490</onup>
    <ondown>5490</ondown>
    <pagecontrol>-</pagecontrol>
    <scrolltime>0</scrolltime>
    <itemlayout height="1" width="750">
    </itemlayout>
    <focusedlayout height="28" width="854.5">
  <control type="image">
    <posx>0</posx>
    <posy>0</posy>
    <width>854.5</width>
    <height>28</height>
    <texture>settings_button_nofocus.png</texture>
    <visible>![Control.HasFocus(5491) | Control.HasFocus(5492)]</visible>
  </control>
  <control type="image">
    <posx>0</posx>
    <posy>0</posy>
    <width>854.5</width>
    <height>28</height>
    <texture>settings_button_focus.png</texture>
    <visible>[Control.HasFocus(5491) | Control.HasFocus(5492)]</visible>
  </control>
  <control type="label">
    <posx>50</posx>
    <posy>4</posy>
    <width>200</width>
    <height>20</height>
    <font>Font_SettingsOptions</font>
    <textcolor>FFf5f5f5</textcolor>
    <align>left</align>
    <aligny>center</aligny>
    <label>Removal Option</label>
    <visible>![Control.HasFocus(5491) | Control.HasFocus(5492)]</visible>
  </control>
  <control type="label">
    <posx>50</posx>
    <posy>4</posy>
    <width>200</width>
    <height>20</height>
    <font>Font_SettingsOptions</font>
    <textcolor>d0000000</textcolor>
    <align>left</align>
    <aligny>center</aligny>
    <label>Removal Option</label>
    <visible>[Control.HasFocus(5491) | Control.HasFocus(5492)]</visible>
  </control>
  <control type="label">
    <posx>730</posx>
    <posy>4</posy>
    <width>330</width>
    <height>20</height>
    <font>Font_SettingsOptions</font>
    <textcolor>FFf5f5f5</textcolor>
    <align>right</align>
    <aligny>center</aligny>
    <label>$INFO[ListItem.Label]</label>
    <visible>![Control.HasFocus(5491) | Control.HasFocus(5492)]</visible>
  </control>
  <control type="label">
    <posx>730</posx>
    <posy>4</posy>
    <width>330</width>
    <height>20</height>
    <font>Font_SettingsOptions</font>
    <textcolor>d0000000</textcolor>
    <align>right</align>
    <aligny>center</aligny>
    <label>$INFO[ListItem.Label]</label>
    <visible>[Control.HasFocus(5491) | Control.HasFocus(5492)]</visible>
  </control>
  </focusedlayout>
  </control>
  <control type="button" id="5491">
		<description>Menu Item Next Button</description>
    <posx>742</posx>
    <posy>149</posy>
    <width>40</width>
    <height>65</height>
    <label>-</label>
    <font>-</font>
    <texturenofocus>settings_spindown.png</texturenofocus>
    <texturefocus>settings_spindown_focus.png</texturefocus>
    <onclick>Control.Move(5490,1)</onclick>
    <onleft>6000</onleft>
    <onright>5492</onright>
    <onup>5411</onup>
    <ondown>6000</ondown>
  </control>
  <control type="button" id="5492">
		<description>Menu Item Prev Button</description>
    <posx>782</posx>
    <posy>149</posy>
    <width>40</width>
    <height>65</height>
    <label>-</label>
    <font>-</font>
    <texturenofocus>settings_spinup.png</texturenofocus>
    <texturefocus>settings_spinup_focus.png</texturefocus>
    <onclick>Control.Move(5490,-1)</onclick>
    <onleft>5491</onleft>
    <onright>6000</onright>
    <onup>5412</onup>
    <ondown>6000</ondown>
  </control>
  </control>
  
  <!-- Save and Cancel -->
  <control type="image">
    <posx>213.5</posx>
    <posy>450</posy>
    <width>854.5</width>
    <height>28</height>
    <texture>settings_button_nofocus.png</texture>
  </control>
  <control type="group">
    <posx>383</posx>
    <posy>478</posy>
  <control type="button" id="6000">
		<description>Delete</description>
    <posx>0</posx>
    <posy>0</posy>
    <width>215</width>
    <height>30</height>
    <texture>settings_button_focus.png</texture>
    <texturefocus>settings_button_focus.png</texturefocus>
    <texturenofocus>-</texturenofocus>
    <font>Font_SettingsSectionMenuButton</font>
    <textcolor>FFf5f5f5</textcolor>
    <disabledcolor>60FFFFFF</disabledcolor>
    <focusedcolor>FFFFFFFF</focusedcolor>
    <selectedcolor>FFFFFFFF</selectedcolor>
    <align>center</align>
    <aligny>center</aligny>
    <label>Delete</label>
    <textoffsetx>20</textoffsetx>
    <textoffsety></textoffsety>
    <pulseonselect></pulseonselect>
    <onup>5491</onup>
    <ondown>5101</ondown>
    <onleft>6010</onleft>
    <onright>6010</onright>
		<colordiffuse>$VAR[value_texturecolors]</colordiffuse>
    <animation effect="fade" end="80" condition="true">Conditional</animation>
    <visible>true</visible>
		</control>
		<control type="button" id="6010">
    <description>Cancel</description>
    <posx>300</posx>
    <posy>0</posy>
    <width>215</width>
    <height>30</height>
    <texture>settings_button_focus.png</texture>
    <texturefocus>settings_button_focus.png</texturefocus>
    <texturenofocus>-</texturenofocus>
    <font>Font_SettingsSectionMenuButton</font>
    <textcolor>FFf5f5f5</textcolor>
    <disabledcolor>60FFFFFF</disabledcolor>
    <focusedcolor>FFFFFFFF</focusedcolor>
    <selectedcolor>FFFFFFFF</selectedcolor>
    <align>center</align>
    <aligny>center</aligny>
    <label>Cancel</label>
    <textoffsetx>20</textoffsetx>
    <textoffsety></textoffsety>
    <pulseonselect></pulseonselect>
    <onup>5491</onup>
    <ondown>5101</ondown>
    <onleft>6000</onleft>
    <onright>6000</onright>
		<colordiffuse>$VAR[value_texturecolors]</colordiffuse>
    <animation effect="fade" end="80" condition="true">Conditional</animation>
    <visible>true</visible>
  </control>
  </control>
  <control type="image">
    <description>front glass</description>
    <posx>222</posx>
    <posy>0</posy>
    <width>869</width>
    <height>550</height>
    <texture>dialogs_setcontent_front.png</texture>
  </control>
  <control type="image">
    <description>front glass</description>
    <posx>190</posx>
    <posy>0</posy>
    <width>869</width>
    <height>550</height>
    <texture flipx="true">dialogs_setcontent_front.png</texture>
  </control>
  </control>
  </controls>
  </window>