﻿<!-- Aeon MQ 4 -->

<window id="3003">
	<defaultcontrol always="true">149</defaultcontrol>
	  <onload>Skin.Reset(trailermode)</onload>
	  <onload>Skin.Reset(trailers)</onload>
	  <onload>Skin.Reset(musictrailers)</onload>
	  <onload>Skin.Reset(trailerplay)</onload>
	<controls>
	
  <control type="group"><!-- default group -->
    <visible>!Window.IsVisible(FileBrowser)</visible>
    <include>Animation_OpenCloseZoom</include>
    
  <control type="list" id="50">
    <description>container actor properties</description>
    <viewtype label="Actor">list</viewtype>
    <posx>0</posx>
    <posy>0</posy>
    <width>1</width>
    <height>1</height>
    <onleft>9000</onleft>
    <onright>9000</onright>
    <onup>9000</onup>
    <ondown>9000</ondown>
    <pagecontrol>-</pagecontrol>
  <itemlayout height="1" width="1" />
  <focusedlayout height="1" width="1" />
  </control>
  
  <control type="button" id="90000">
    <include>InvisibleButton</include>
    <onup>SetFocus(90100)</onup>
    <ondown>SetFocus(90100)</ondown>
    <onleft>SetFocus(90100)</onleft>
    <onright>SetFocus(90100)</onright>
    <onfocus>Skin.SetBool(trailermode)</onfocus>
    <onfocus>AlarmClock(playtrailer,PlayMedia($INFO[ListItem.Trailer],1),0:03,true)</onfocus>
  </control>
  <control type="button" id="90100">
    <include>InvisibleButton</include>
    <onfocus>CancelAlarm(playtrailer,true)</onfocus>
    <onfocus>SetFocus(149)</onfocus>
    <onfocus>Skin.Reset(trailermode)</onfocus>
    <onfocus>PlayerControl(stop)</onfocus>
  </control>
  
  <control type="image">
    <include>FullScreenDimensions</include>
    <texture>common_grey.png</texture>
  </control>
  <control type="image"><!-- Fanart -->
    <include>FullScreenDimensions</include>
    <texture background="true">$INFO[ListItem.Property(Fanart_Image)]</texture>
    <aspectratio>keep</aspectratio>
  </control>
  <control type="image">
    <include>FullScreenDimensions</include>
    <texture background="true">hive_back.png</texture>
    <colordiffuse>80FFFFFF</colordiffuse>
  </control>
  <control type="image">
    <include>FullScreenDimensions</include>
    <texture>common_black.png</texture>
    <colordiffuse>c3FFFFFF</colordiffuse>
  </control>
  
  <control type="label"><!-- Title -->
    <posx>30</posx>
    <posy>5</posy>
    <height>40</height>
    <width>1100</width>
    <font>Font_MenuVirtualClassic</font>
    <label>$INFO[Listitem.Title]</label>
    <textcolor>FFececec</textcolor>
    <scroll>true</scroll>
    <scrollout>false</scrollout>
  </control>
  <control type="label">
    <posx>30</posx>
    <posy>55</posy>
    <width>1100</width>
    <height>25</height>
    <font>Font_Time</font>
    <label>$INFO[ListItem.Tagline]</label>
		<scroll>true</scroll>
    <scrollout>false</scrollout>
  </control>
  <control type="image">
    <posx>0</posx>
    <posy>80</posy>
    <height>340</height>
    <width>1280</width>
    <texture>common_black.png</texture>
    <colordiffuse>90FFFFFF</colordiffuse>
  </control>
  <control type="image"><!-- Star -->
    <posx>1185</posx>
    <posy>10</posy>
    <height>60</height>
    <width>60</width>
    <align>center</align>
    <aligny>center</aligny>
    <texture>star_big.png</texture>
    <colordiffuse>FF7DDDDDD</colordiffuse>
  </control>
  <control type="label">
    <posx>1185</posx>
    <posy>13</posy>
    <height>60</height>
    <width>60</width>
    <align>center</align>
    <aligny>center</aligny>
    <font>Font_WeatherLabel</font>
    <label>[B]$INFO[ListItem.Rating][/B]</label>
    <textcolor>FF101010</textcolor>
  </control>
  <control type="image">
    <posx>0</posx>
    <posy>0</posy>
    <height>80</height>
    <width>1280</width>
    <texture>multiplex_seasongradient.png</texture>
  </control>
  <control type="image">
    <posx>205</posx>
    <posy>80</posy>
    <height>190</height>
    <width>2</width>
    <texture>panel_vertical_separator.png</texture>
  </control>
  <control type="image">
    <posx>30</posx>
    <posy>136</posy>
    <height>2</height>
    <width>570</width>
    <texture>panel_horizontal_separator.png</texture>
  </control>
  <control type="image"><!-- Certification -->
		<posx>30</posx>
		<posy>89</posy>
		<height>40</height>
		<width>158</width>
		<align>cemter</align>
		<aligny>center</aligny>
		<aspectratio>keep</aspectratio>
    <texture>$VAR[Furniture_VideoRatingInfo]</texture>
  </control>
  <control type="label"><!-- Year -->
    <posx>220</posx>
    <posy>89</posy>
		<height>40</height>
		<width>110</width>
		<align>left</align>
		<aligny>center</aligny>
		<font>Font_FSInfoYear</font>
		<label>$INFO[ListItem.Year]</label>
		<textcolor>FF868686</textcolor>
  </control>
  <control type="image">
    <posx>310</posx>
    <posy>80</posy>
    <height>56</height>
    <width>2</width>
    <texture>panel_vertical_separator.png</texture>
  </control>
  <control type="label"><!-- Genre -->
    <posx>326</posx>
    <posy>89</posy>
		<height>40</height>
		<width>260</width>
		<align>left</align>
		<aligny>center</aligny>
		<textcolor>FFe5e5e5</textcolor>
		<font>Font_List</font>
		<label>$INFO[ListItem.Genre]</label>
		<scroll>true</scroll>
    <scrollout>false</scrollout>
  </control>
  <control type="image">
    <posx>310</posx>
    <posy>80</posy>
    <height>56</height>
    <width>2</width>
    <texture>panel_vertical_separator.png</texture>
  </control>
  
  <control type="group"><!-- Movie info -->
    <animation effect="fade" reversible="true" time="200">VisibleChange</animation>
  <control type="label"><!-- Set -->
	  <posx>190</posx>
	  <posy>140</posy>
		<height>27</height>
		<width>200</width>
		<align>right</align>
		<aligny>center</aligny>
		<font>Font_MultiplexInfoLabel</font>
		<textcolor>FF868686</textcolor>
    <label>$LOCALIZE[20457]</label>
  </control>
  <control type="label">
		<posx>220</posx>
		<posy>140</posy>
		<height>27</height>
		<width>366</width>
		<align>left</align>
		<aligny>center</aligny>
		<font>Font_MultiplexInfoLabel</font>
		<textcolor>FFececec</textcolor>
    <label fallback="161">$INFO[Listitem.Property(set)]</label>
    <scroll>true</scroll>
    <scrollout>false</scrollout>
  </control>
  <control type="label"><!-- Director -->
	  <posx>190</posx>
	  <posy>160</posy>
		<height>27</height>
		<width>200</width>
		<align>right</align>
		<aligny>center</aligny>
		<font>Font_MultiplexInfoLabel</font>
		<textcolor>FF868686</textcolor>
    <label>$LOCALIZE[20339]</label>
  </control>
  <control type="label">
		<posx>220</posx>
		<posy>160</posy>
		<height>27</height>
		<width>366</width>
		<align>left</align>
		<aligny>center</aligny>
		<font>Font_MultiplexInfoLabel</font>
		<textcolor>FFececec</textcolor>
    <label fallback="161">$INFO[ListItem.Director]</label>
    <scroll>true</scroll>
    <scrollout>false</scrollout>
  </control>
  <control type="label"><!-- Writer -->
	  <posx>190</posx>
	  <posy>180</posy>
		<height>27</height>
		<width>200</width>
		<align>right</align>
		<aligny>center</aligny>
		<font>Font_MultiplexInfoLabel</font>
		<textcolor>FF868686</textcolor>
    <label>$LOCALIZE[20417]</label>
  </control>
  <control type="label">
		<posx>220</posx>
		<posy>180</posy>
		<height>27</height>
		<width>366</width>
		<align>left</align>
		<aligny>center</aligny>
		<font>Font_MultiplexInfoLabel</font>
		<textcolor>FFececec</textcolor>
    <label fallback="161">$INFO[ListItem.Writer]</label>
    <scroll>true</scroll>
    <scrollout>false</scrollout>
  </control>
  <control type="label"><!-- Country -->
	  <posx>190</posx>
	  <posy>200</posy>
		<height>27</height>
		<width>200</width>
		<align>right</align>
		<aligny>center</aligny>
		<font>Font_MultiplexInfoLabel</font>
		<textcolor>FF868686</textcolor>
    <label>$LOCALIZE[21875]</label>
  </control>
  <control type="label">
		<posx>220</posx>
		<posy>200</posy>
		<height>27</height>
		<width>366</width>
		<align>left</align>
		<aligny>center</aligny>
		<font>Font_MultiplexInfoLabel</font>
		<textcolor>FFececec</textcolor>
    <label fallback="161">$INFO[Listitem.Property(country)]</label>
    <scroll>true</scroll>
    <scrollout>false</scrollout>
  </control>
  <control type="label"><!-- Duration -->
	  <posx>190</posx>
	  <posy>220</posy>
		<height>27</height>
		<width>200</width>
		<align>right</align>
		<aligny>center</aligny>
		<font>Font_MultiplexInfoLabel</font>
		<textcolor>FF868686</textcolor>
    <label>31522</label>
  </control>
  <control type="label">
		<posx>220</posx>
		<posy>220</posy>
		<height>27</height>
		<width>366</width>
		<align>left</align>
		<aligny>center</aligny>
		<font>Font_MultiplexInfoLabel</font>
		<textcolor>FFececec</textcolor>
    <label fallback="161">$VAR[value_actorinfo_duration]</label>
    <scroll>true</scroll>
    <scrollout>false</scrollout>
  </control>
  <control type="label"><!-- Path -->
	  <posx>190</posx>
	  <posy>240</posy>
		<height>27</height>
		<width>200</width>
		<align>right</align>
		<aligny>center</aligny>
		<font>Font_MultiplexInfoLabel</font>
		<textcolor>FF868686</textcolor>
    <label>$LOCALIZE[15311]</label>
  </control>
  <control type="label">
		<posx>220</posx>
		<posy>240</posy>
		<height>27</height>
		<width>366</width>
		<align>left</align>
		<aligny>center</aligny>
		<font>Font_MultiplexInfoLabel</font>
		<textcolor>FFececec</textcolor>
    <label fallback="161">$INFO[ListItem.FilenameAndPath]</label>
    <scroll>true</scroll>
    <scrollout>false</scrollout>
  </control>
  </control>
  <control type="textbox"><!-- Plot -->
    <posx>30</posx>
    <posy>280</posy>
    <height>135</height>
    <width>555</width>
    <align>justify</align>
    <font>Font_MultiplexPlotSmall</font>
    <label>$INFO[ListItem.Plot]</label>
    <textcolor>FFececec</textcolor>
    <autoscroll delay="8000" time="2000" repeat="8000">!Skin.HasSetting(noinfoplotscroll)</autoscroll>
  </control>
  
  <control type="image">
    <posx>30</posx>
    <posy>270</posy>
    <height>2</height>
    <width>570</width>
    <texture>panel_horizontal_separator.png</texture>
  </control>
   <control type="image">
    <posx>600</posx>
    <posy>80</posy>
    <height>340</height>
    <width>70</width>
    <texture>common_grey.png</texture>
    <colordiffuse>55000000</colordiffuse>
  </control>
  <control type="image">
    <posx>600</posx>
    <posy>80</posy>
    <height>340</height>
    <width>2</width>
    <texture>panel_vertical_separator.png</texture>
  </control>
  <control type="image">
    <posx>670</posx>
    <posy>80</posy>
    <height>340</height>
    <width>2</width>
    <texture>panel_vertical_separator.png</texture>
  </control>
  <control type="grouplist">
  	<posx>605</posx>
		<posy>90</posy>
    <orientation>vertical</orientation>
    <itemgap>1</itemgap>
  <control type="image"><!-- Video Codec -->
		<height>45</height>
		<width>60</width>
		<align>center</align>
		<aligny>center</aligny>
		<colordiffuse>FFDDDDDD</colordiffuse>
    <texture>$VAR[Furniture_VideoCodec]</texture>
    <visible>!IsEmpty(ListItem.VideoCodec)</visible>
  </control>
  <control type="image"><!-- Resolution -->
		<height>45</height>
		<width>60</width>
		<align>center</align>
		<aligny>center</aligny>
		<colordiffuse>FFDDDDDD</colordiffuse>
    <texture>$INFO[ListItem.VideoResolution,flags/resolution/,.png]</texture>
    <visible>!IsEmpty(ListItem.VideoResolution)</visible>
  </control>
  <control type="image"><!-- Aspect Ratio -->
		<height>45</height>
		<width>60</width>
		<align>center</align>
		<aligny>center</aligny>
		<colordiffuse>FFDDDDDD</colordiffuse>
    <texture>$INFO[ListItem.VideoAspect,flags/aspectratio/,.png]</texture>
    <visible>!IsEmpty(ListItem.VideoAspect)</visible>
  </control>
  <control type="image"><!-- Studios -->
		<height>45</height>
		<width>60</width>
		<align>center</align>
		<aligny>center</aligny>
		<colordiffuse>FFDDDDDD</colordiffuse>
    <include condition="!Skin.HasSetting(nostudiosbuiltin)">Furniture_VideoStudiosBuiltIn</include>
    <include condition="Skin.HasSetting(nostudiosbuiltin)">Furniture_VideoStudios</include>
    <visible>!IsEmpty(ListItem.Studio)</visible>
  </control>
  <control type="label"><!-- Audio Language -->
		<height>45</height>
		<width>60</width>
		<align>center</align>
		<aligny>center</aligny>
		<colordiffuse>FFDDDDDD</colordiffuse>
    <font>Sml_Text_small</font>
    <label>$VAR[Furniture_AudioLanguage]</label>
    <visible>!IsEmpty(ListItem.AudioLanguage)</visible>
  </control>
  <control type="image"><!-- Audio Codec -->
		<height>45</height>
		<width>60</width>
		<align>center</align>
		<aligny>center</aligny>
		<colordiffuse>FFDDDDDD</colordiffuse>
    <texture>$INFO[ListItem.AudioCodec,flags/audio/,.png]</texture>
    <visible>!IsEmpty(ListItem.AudioCodec)</visible>
  </control>
  <control type="image"><!-- Channels -->
		<height>40</height>
		<width>60</width>
		<align>center</align>
		<aligny>center</aligny>
		<colordiffuse>FFDDDDDD</colordiffuse>
    <texture>$INFO[ListItem.AudioChannels,flags/audio/,ch.png]</texture>
    <visible>!IsEmpty(ListItem.AudioChannels)</visible>
  </control>
  </control>
  <control type="image">
    <posx>600</posx>
    <posy>80</posy>
    <height>340</height>
    <width>70</width>
    <texture>flags_gradient.png</texture>
    <colordiffuse>90DDDDDD</colordiffuse>
  </control>
  <control type="image">
    <posx>670</posx>
    <posy>82</posy>
    <height>340</height>
    <width>17</width>
    <texture>panel_list_detailwide.png</texture>
  </control>
  
  <control type="image">
    <posx>687</posx>
    <posy>82</posy>
    <height>340</height>
    <width>563</width>
    <texture>common_grey.png</texture>
    <colordiffuse>55000000</colordiffuse>
  </control>
  <control type="image"><!-- Thumb -->
    <posx>687</posx>
    <posy>80</posy>
    <height>340</height>
    <width>563</width>
    <aspectratio align="left">keep</aspectratio>
    <texture background="true">$INFO[ListItem.Icon]</texture>
  </control>
  <control type="image"><!-- Logo -->
    <posx>1000</posx>
    <posy>80</posy>
    <height>145</height>
    <width>190</width>
    <aspectratio>keep</aspectratio>
    <texture background="true">$VAR[value_logovideoinfo]</texture>
  </control>
  <control type="image"><!-- ClearArt -->
    <posx>1000</posx>
    <posy>285</posy>
    <height>165</height>
    <width>190</width>
    <aspectratio>keep</aspectratio>
    <texture background="true">$VAR[value_clearartvideoinfo]</texture>
  </control>
  <control type="image">
    <posx>687</posx>
    <posy>80</posy>
    <height>340</height>
    <width>2</width>
    <texture>panel_vertical_separator.png</texture>
  </control>
  <control type="image">
    <posx>0</posx>
    <posy>80</posy>
    <height>2</height>
    <width>1280</width>
    <texture>panel_horizontal_separator.png</texture>
  </control>
  <control type="image">
    <posx>0</posx>
    <posy>420</posy>
    <height>2</height>
    <width>1280</width>
    <texture>panel_horizontal_separator.png</texture>
  </control>
  
  <control type="image">
    <posx>0</posx>
    <posy>467</posy>
    <height>195</height>
    <width>1280</width>
    <texture>common_black.png</texture>
    <animation effect="fade" end="80" condition="true">conditional</animation>
  </control>
  <control type="wraplist" id="150"><!-- Actor thumb -->
    <animation effect="fade" reversible="true" time="200">VisibleChange</animation>
    <viewtype label="">List Info</viewtype>
    <posx>30</posx>
    <posy>471.5</posy>
    <width>1220</width>
    <height>220</height>
    <onup>149</onup>
    <ondown>Skin.Reset(artistzoom)</ondown>
    <ondown>Skin.Reset(coverzoom)</ondown>
    <ondown>SetFocus(160)</ondown>
    <ondown>Skin.SetBool(actorzoom)</ondown>
    <orientation>horizontal</orientation>
    <scrolltime>350</scrolltime>
    <focusposition>3</focusposition>
    <movement>2</movement>
  <itemlayout height="170" width="181">
   <control type="image">
    <posx>0</posx>
    <posy>5</posy>
    <width>130</width>
    <height>180</height>
    <aligny>center</aligny>
    <align>center</align>
    <aspectratio>stretch</aspectratio>
    <texture background="true">$INFO[ListItem.Icon]</texture>
  </control>
  <control type="image">
    <posx>0</posx>
    <posy>5</posy>
    <width>130</width>
    <height>180</height>
    <aligny>center</aligny>
    <align>center</align>
    <aspectratio>stretch</aspectratio>
    <texture>common_black.png</texture>
    <colordiffuse>50FFFFFF</colordiffuse>
  </control>
  </itemlayout>
  <focusedlayout height="170" width="181">
  <control type="image">
    <posx>-15</posx>
    <posy>-10</posy>
    <width>160</width>
    <height>210</height>
    <aligny>center</aligny>
    <align>center</align>
    <aspectratio>stretch</aspectratio>
    <texture>thumb_multiplex_iconframe.png</texture>
    <visible>Control.Hasfocus(150)</visible>
  </control>
  <control type="image">
    <posx>0</posx>
    <posy>5</posy>
    <width>130</width>
    <height>180</height>
    <aligny>center</aligny>
    <align>center</align>
    <aspectratio>stretch</aspectratio>
    <texture background="true">$INFO[ListItem.Icon]</texture>
  </control>
  </focusedlayout>
  </control>
   
  <control type="image">
    <posx>0</posx>
    <posy>680</posy>
    <height>43</height>
    <width>1280</width>
    <texture>common_black.png</texture>
    <colordiffuse>90FFFFFF</colordiffuse>
  </control>
  <control type="image">
    <posx>-150</posx>
    <posy>677</posy>
    <width>350</width>
    <height>23</height>
    <texture flipy="true">osd_trailer_pause.png</texture>
    <colordiffuse>FF848484</colordiffuse>
  </control>
  <control type="label">
	  <posx>30</posx>
	  <posy>675</posy>
		<width>400</width>
		<height>27</height>
		<align>left</align>
		<aligny>center</aligny>
		<textcolor>FF404040</textcolor>
		<font>Font_MultiplexInfoLabel</font>
		<label>31703</label>
		<textcolor>FF868686</textcolor>
  </control>
  <control type="image">
    <posx>0</posx>
    <posy>453</posy>
    <width>1280</width>
    <height>18</height>
    <texture>film_roll.png</texture>
    <colordiffuse>FF848484</colordiffuse>
  </control>
  <control type="image">
    <posx>0</posx>
    <posy>662</posy>
    <width>1280</width>
    <height>18</height>
    <texture>film_roll.png</texture>
    <colordiffuse>FF848484</colordiffuse>
  </control>
  <control type="label">
    <posx>315</posx>
    <posy>700</posy>
    <width>650</width>
    <align>center</align>
    <aligny>center</aligny>
    <label>$INFO[Container(150).ListItem.Label]$INFO[Container(150).ListItem.Label2, $LOCALIZE[20347] ]</label>
    <font>Font_List</font>
    <textcolor>FFe5e5e5</textcolor>
    <scroll>true</scroll>
    <scrollout>false</scrollout>
  </control>
  <control type="image">
    <posx>0</posx>
    <posy>680</posy>
    <height>43</height>
    <width>1280</width>
    <texture>multiplex_seasongradient.png</texture>
  </control>
  
  <!-- Menu bar -->
  <control type="group">
    <posx>0</posx>
    <posy>405</posy>
  <control type="image">
    <posx>0</posx>
    <posy>0</posy>
    <height>66</height>
    <width>1280</width>
    <texture background="true">topmenu_bar.png</texture>
    <animation effect="fade" end="75" condition="true">Conditional</animation>
  </control>
  <control type="grouplist" id="9000">
    <posx>0</posx>
    <posy>19.5</posy>
    <width>1</width>
    <height>1</height>
    <orientation>horizontal</orientation>
    <itemgap>0</itemgap>
  <control type="group" id="21">
    <visible>false</visible>
    <width>40</width>
  <control type="button" id="22"><!-- Parent dir push button -->
    <posx>0</posx>
    <posy>0</posy>
    <width>40</width>
    <height>40</height>
    <label>1036</label>
    <font>-</font>
    <aligny>-</aligny>
    <onclick>ParentDir</onclick>
    <onleft>25</onleft>
    <onright>8</onright>
    <onup>150</onup>
    <ondown>49</ondown>
  </control>
  </control>
  <control type="button" id="8"><!-- Play -->
    <visible>false</visible>
  </control>
  <control type="button" id="6"><!-- Refresh -->
    <visible>false</visible>
  </control>
  <control type="button" id="10"><!-- Get Thumb -->
    <visible>false</visible>
  </control>
  <control type="button" id="20"><!-- Get Fanart -->
    <visible>false</visible>
  </control>
  <control type="button" id="15"><!-- Play Trailer -->
    <visible>false</visible>
  </control>
  </control>

  <control type="wraplist" id="149">
    <posx>0</posx>
    <posy>19.5</posy>
    <width>1280</width>
    <height>25</height>
    <onup>49</onup>
    <ondown>150</ondown>
    <orientation>horizontal</orientation>
    <pagecontrol>-</pagecontrol>
    <scrolltime>300</scrolltime>
    <focusposition>3</focusposition>
  <itemlayout height="25" width="182.5">
  <control type="image">
    <posx>0</posx>
    <posy>0</posy>
    <width>1</width>
    <height>25</height>
    <texture>panel_vertical_separator.png</texture>
  </control>
  <control type="label">
    <posx>91</posx>
    <posy>0</posy>
    <height>25</height>
    <width>162</width>
    <align>center</align>
    <aligny>center</aligny>
		<font>Font_MultiplexPlotTips</font>
    <label>[UPPERCASE]$INFO[ListItem.Label][/UPPERCASE]</label>
    <textcolor>48FFFFFF</textcolor>
  </control>
  </itemlayout>
  <focusedlayout height="25" width="182.5">
  <control type="image">
    <posx>0</posx>
    <posy>0</posy>
    <width>182.5</width>
    <height>25</height>
    <texture background="true">settings_button_focus.png</texture>
    <visible>Control.Hasfocus(149)</visible>
  </control>
  <control type="image">
    <posx>0</posx>
    <posy>0</posy>
    <width>1</width>
    <height>25</height>
    <texture>panel_vertical_separator.png</texture>
  </control>
  <control type="label">
    <posx>91</posx>
    <posy>0</posy>
    <height>25</height>
    <width>162</width>
    <align>center</align>
    <aligny>center</aligny>
		<font>Font_MultiplexPlotTips</font>
    <label>[UPPERCASE]$INFO[ListItem.Label][/UPPERCASE]</label>
    <textcolor>FF101010</textcolor>
    <visible>Control.Hasfocus(149)</visible>
  </control>
  <control type="label">
    <posx>91</posx>
    <posy>0</posy>
    <height>25</height>
    <width>162</width>
    <align>center</align>
    <aligny>center</aligny>
		<font>Font_MultiplexPlotTips</font>
    <label>[UPPERCASE]$INFO[ListItem.Label][/UPPERCASE]</label>
    <textcolor>48FFFFFF</textcolor>
    <visible>!Control.Hasfocus(149)</visible>
  </control>
  </focusedlayout>
  <content>
  <item id="6"><!-- Refresh -->
    <label>184</label>
    <onclick>SendClick(6)</onclick>
  </item>
  <item id="8"><!-- Play -->
    <label>208</label>
    <onclick>PlayMedia($INFO[ListItem.FilenameAndPath])</onclick>
    <onclick>PreviousMenu</onclick><!-- cancel all parent dir of add-on -->
    <onclick>Dialog.Close(all,true)</onclick>
    <visible>!IsEmpty(ListItem.FilenameAndPath)</visible>
  </item>
  <item id="30"><!-- Artist Zoom -->
    <label>31944</label>
    <onclick>Skin.Reset(artistzoom)</onclick>
    <onclick>Skin.Reset(actorzoom)</onclick>
    <onclick>Skin.SetBool(coverzoom)</onclick>
    <onclick>SetFocus(160)</onclick>
  </item>
  <item id="10"><!-- Get Thumb -->
    <label>13405</label>
    <onclick>SendClick(10)</onclick>
    <visible>false</visible>
  </item>
  <item id="20"><!-- Get Fanart -->
    <label>20413</label>
    <onclick>SendClick(20)</onclick>
  </item>
  <item id="15"><!-- Play Trailer Windowed -->
    <label>20410</label>
    <onclick>SetFocus(90000)</onclick>
    <visible>!IsEmpty(ListItem.Trailer)</visible>
  </item>
  <item id="31"><!-- Homepage -->
    <label>$ADDON[script.metadata.actors 32017]</label>
    <onclick>RunScript(script.metadata.actors,homepage=$INFO[ListItem.Property(Homepage)])</onclick>
    <visible>!IsEmpty(ListItem.Property(Homepage))</visible>
  </item>
  <item id="32"><!-- Online Info -->
    <label>$ADDON[script.metadata.actors 32050]</label>
    <onclick>RunScript(script.metadata.actors,homepage=$INFO[ListItem.Property(onlineinfo)])</onclick>
    <visible>!IsEmpty(ListItem.Property(onlineinfo))</visible>
  </item>
  </content>
  </control>
  </control>
 
  <control type="button" id="160">
    <include>InvisibleButton</include>
    <onup condition="Skin.HasSetting(coverzoom)">SetFocus(149)</onup>
    <onup condition="Skin.HasSetting(actorzoom)">SetFocus(150)</onup>
    <ondown condition="Skin.HasSetting(coverzoom)">SetFocus(149)</ondown>
    <ondown condition="Skin.HasSetting(actorzoom)">SetFocus(150)</ondown>
    <onleft condition="Skin.HasSetting(coverzoom)">SetFocus(149)</onleft>
    <onleft condition="Skin.HasSetting(actorzoom)">SetFocus(150)</onleft>
    <onright condition="Skin.HasSetting(coverzoom)">SetFocus(149)</onright>
    <onright condition="Skin.HasSetting(actorzoom)">SetFocus(150)</onright>
  </control>
  <control type="image">
    <include>FullScreenDimensions</include>
    <texture>common_grey.png</texture>
    <animation effect="fade" start="0" end="100" time="200">Visible</animation>
    <animation effect="fade" start="100" end="0" time="400">Hidden</animation>
    <visible>Control.HasFocus(160)</visible>
  </control>
  <control type="image">
    <include>FullScreenDimensions</include>
    <texture background="true">hive_back.png</texture>
    <animation effect="fade" start="0" end="100" time="200">Visible</animation>
    <animation effect="fade" start="100" end="0" time="400">Hidden</animation>
    <visible>Control.HasFocus(160)</visible>
  </control>
  <control type="group">
    <posx>-1280</posx>
    <posy>15</posy>
    <animation effect="slide" start="0,0" end="1280,0" time="400" tween="cubic" easing="inout" condition="Control.HasFocus(160)">Conditional</animation>
    <animation effect="slide" start="0,0" end="0,-25" time="600" delay="1000" tween="cubic" easing="inout" condition="Control.HasFocus(160)">Conditional</animation>
  <control type="image">
    <posx>360</posx>
    <posy>0</posy>
    <width>560</width>
    <height>700</height>
    <align>center</align>
    <texture background="true">artist_border.png</texture>
    <animation effect="rotate" start="0,0" end="-2.0.0" center="auto" delay="1000" easing="out" tween="back" time="600" condition="Control.HasFocus(160)">Conditional</animation>
    <visible>Control.HasFocus(160) + Skin.HasSetting(actorzoom)</visible>
  </control>
  <control type="image">
    <description>Cover image</description>
    <posx>390</posx>
    <posy>32</posy>
    <width>500</width>
    <height>640</height>
    <aspectratio>keep</aspectratio>
    <texture background="true">$INFO[Container(50).ListItem.Icon]</texture>
    <visible>Skin.HasSetting(coverzoom)</visible>
  </control>
  <control type="image">
    <description>Cover image</description>
    <posx>390</posx>
    <posy>32</posy>
    <width>500</width>
    <height>640</height>
    <texture background="true">$INFO[Container(150).ListItem.Icon]</texture>
    <aspectratio>scale</aspectratio>
    <fadetime>FanartCrossFadeTime</fadetime>
    <visible>Skin.HasSetting(actorzoom)</visible>
  </control>
  <control type="image">
    <posx>360</posx>
    <posy>0</posy>
    <width>560</width>
    <height>700</height>
    <align>center</align>
    <texture background="true">artist_border.png</texture>
    <visible>Skin.HasSetting(actorzoom)</visible>
  </control>
  </control>
  <control type="group">
    <visible>Control.HasFocus(160)</visible>
    <animation effect="slide" start="0,0" end="0,-80" time="600" delay="1000" tween="cubic" easing="inout" condition="Control.HasFocus(160)">Conditional</animation>
  <control type="image">
    <posx>0</posx>
    <posy>760</posy>
    <height>40</height>
    <width>1280</width>
    <texture>common_black.png</texture>
    <colordiffuse>95000000</colordiffuse>
  </control>
  <control type="label">
    <posx>0</posx>
    <posy>760</posy>
    <height>40</height>
    <width>1280</width>
    <align>center</align>
    <aligny>center</aligny>
    <label>$VAR[value_actorinfo_zoomlabel]</label>
    <font>Font_List</font>
    <textcolor>FFe5e5e5</textcolor>
    <scroll>true</scroll>
    <scrollout>false</scrollout>
  </control>
  <control type="image">
    <posx>0</posx>
    <posy>760</posy>
    <height>40</height>
    <width>1280</width>
    <texture>multiplex_seasongradient.png</texture>
  </control>
  </control>
  </control>
  <control type="group"><!-- Window Video -->
    <visible>Player.HasVideo + Skin.HasSetting(trailermode)</visible>
  <control type="image">
    <include>FullScreenDimensions</include>
    <texture>common_black.png</texture>
    <animation effect="fade" end="95" condition="true">Conditional</animation>
    <include>Animation_CommonFade</include>
  </control>
  <control type="largeimage">
    <posx>158</posx>
    <posy>82</posy>
    <width>964</width>
    <height>556</height>
    <aspectratio>stretch</aspectratio>
    <texture border="20">home_nowplaying_videowindow.png</texture>
  </control>
  <control type="videowindow" id="8">
    <posx>178</posx>
    <posy>102</posy>
    <width>924</width>
    <height>516</height>
    <aspectratio>stretch</aspectratio>
  </control>
  <control type="progress" id="23">
    <description>Progressbar small</description>
    <posx>246</posx>
    <posy>640</posy>
    <width>789</width>
    <height>15</height>
    <info>Player.Progress</info>
		<animation effect="fade" start="0" end="100" delay="300" time="400" reversible="false">Visible</animation>
		<animation effect="fade" start="100" end="0" time="200" reversible="false">Hidden</animation>
    <visible>!Player.Paused</visible>
  </control>
  <control type="label">
    <posx>340</posx>
    <posy>660</posy>
    <width>600</width>
    <height>25</height>
    <align>center</align>
    <font>Font_Time</font>
    <colordiffuse>d0FFFFFF</colordiffuse>
    <label>$INFO[VideoPlayer.Time] / $INFO[VideoPlayer.Duration]</label>
		<animation effect="fade" start="0" end="100" delay="300" time="400" reversible="false">Visible</animation>
		<animation effect="fade" start="100" end="0" time="200" reversible="false">Hidden</animation>
    <visible>![Skin.HasSetting(fullscreentrailer) | Player.Paused]</visible>
  </control>
  <control type="label">
    <posx>220</posx>
    <posy>678</posy>
    <width>840</width>
    <height>30</height>
    <align>center</align>
    <font>Font_FloorTextMainLabel</font>
    <textcolor>$VAR[value_headercolors]</textcolor>
    <scroll>true</scroll>
    <label>[UPPERCASE]$INFO[Videoplayer.Title][/UPPERCASE]</label>
    <animation effect="slide" start="0,0" end="0,7" time="0" condition="VideoPlayer.Content(episodes)">Conditional</animation>
    <visible>!Skin.HasSetting(notrailertitle)</visible>
  </control>
  <control type="image">
    <posx>178</posx>
    <posy>102</posy>
    <width>924</width>
    <height>516</height>
    <texture>common_black.png</texture>
    <animation effect="fade" end="95" condition="true">Conditional</animation>
    <visible>Player.Paused</visible>
  </control>
  <control type="label"><!-- Paused Label -->
    <posx>261</posx>
    <posy>430</posy>
    <width>759</width>
    <height>28</height>
    <aligny>center</aligny>
    <align>center</align>
    <label>31737</label>
    <font>Sml_Text</font>
    <textcolor>33FFFFFF</textcolor>
    <include>Animation_CommonFade</include>
    <visible>Player.Paused + !Skin.HasSetting(fullscreentrailer)</visible>
  </control>
  <control type="label" id="24"><!-- Buffering Dialog -->
    <posx>261</posx>
    <posy>480</posy>
    <width>759</width>
    <height>28</height>
    <aligny>center</aligny>
    <align>center</align>
    <label>$LOCALIZE[15107] $INFO[Player.CacheLevel]%</label>
    <font>Font_SettingsSectionTitle</font>
    <textcolor>33FFFFFF</textcolor>
    <include>Animation_CommonFade</include>
    <visible>Player.Paused + !Skin.HasSetting(fullscreentrailer)</visible>
  </control>
  </control>
  <include>BGBlack</include>
	</controls>
</window>