﻿<!-- Aeon MQ 4 -->

<window>
    <onload>ClearProperty(TVGuide.MondayList,Home)</onload>
    <onload>ClearProperty(TVGuide.TuesdayList,Home)</onload>
    <onload>ClearProperty(TVGuide.WednesdayList,Home)</onload>
    <onload>ClearProperty(TVGuide.ThursdayList,Home)</onload>
    <onload>ClearProperty(TVGuide.FridayList,Home)</onload>
    <onload>ClearProperty(TVGuide.SaturdayList,Home)</onload>
    <onload>ClearProperty(TVGuide.SundayList,Home)</onload>
    <allowoverlay>no</allowoverlay>
	<controls>
	
	<control type="image"><!-- Fanart -->
    <include>FullScreenDimensions</include>
		<fadetime>FanartCrossFadeTime</fadetime>
		<animation effect="zoom" start="110" end="130" center="auto" time="10000" tween="cubic" easing="inout" pulse="true" condition="Skin.HasSetting(animation_panscan)">Conditional</animation>
		<animation effect="slide" start="-10,-10" end="10,10" time="5000" tween="cubic" easing="inout" pulse="true" condition="Skin.HasSetting(animation_panscan)">Conditional</animation>
		<animation effect="slide" start="1280,0" end="0,0" time="500" tween="cubic" easing="out" reversible="false" condition="Skin.HasSetting(animation_slide) + Control.IsVisible(110)">Conditional</animation>
		<animation effect="slide" start="-1280,0" end="0,0" time="500" tween="cubic" easing="out" reversible="false" condition="Skin.HasSetting(animation_slide) + Control.IsVisible(111)">Conditional</animation>
    <texture background="true" fallback="special://skin/backgrounds/default.jpg">$VAR[value_nextairedfanart]</texture>
  </control>
  <control type="image"><!-- Fanart -->
    <include>FullScreenDimensions</include>
		<timeperimage>6000</timeperimage>
		<randomize>true</randomize>
		<fadetime>FanartCrossFadeTime</fadetime>
		<animation effect="slide" start="0,0" end="-1280,0" time="500" tween="cubic" easing="out" reversible="false" condition="Control.IsVisible(110)">Conditional</animation>
    <texture background="true" fallback="special://skin/backgrounds/default.jpg">$VAR[value_nextairedfanart]</texture>
    <visible>Skin.HasSetting(animation_slide)</visible>
  </control>
  <control type="image"><!-- Fanart -->
    <include>FullScreenDimensions</include>
		<timeperimage>6000</timeperimage>
		<randomize>true</randomize>
		<fadetime>FanartCrossFadeTime</fadetime>
		<animation effect="slide" start="0,0" end="1280,0" time="500" tween="cubic" easing="out" reversible="false" condition="Control.IsVisible(111)">Conditional</animation>
    <texture background="true" fallback="special://skin/backgrounds/default.jpg">$VAR[value_nextairedfanart]</texture>
    <visible>Skin.HasSetting(animation_slide)</visible>
  </control>

  <control type="image">
    <include>FullScreenDimensions</include>
    <texture>common_black.png</texture>
    <colordiffuse>c3FFFFFF</colordiffuse>
    <include>Animation_CommonFade</include>
  </control>
  <control type="group">
    <include>Animation_OpenCloseWindow</include>
  <control type="group">
    <animation effect="slide" start="-100,0" end="0,0" time="250">WindowOpen</animation>
    <animation effect="fade" time="250">WindowOpen</animation>
    <animation effect="fade" time="250">WindowClose</animation>
  <control type="image">
    <posx>0</posx>
    <posy>0</posy>
    <height>720</height>
    <width>100</width>
    <texture>common_black.png</texture>
    <animation effect="fade" end="60" condition="true">Conditional</animation>
    <include>Animation_CommonFade</include>
  </control>
  <control type="grouplist" id="50">
    <description>Day labels</description>
    <posx>0</posx>
    <posy>31</posy>
  <control type="label"><!-- Monday -->
    <label>$LOCALIZE[41]</label>
    <include>NextAiredLabelDay</include>
    <visible>!Control.HasFocus(200)</visible>
  </control>
  <control type="label"><!-- Monday -->
    <label>$LOCALIZE[41]</label>
    <include>NextAiredLabelDaySelect</include>
    <visible>Control.HasFocus(200)</visible>
  </control>
  <control type="image">
    <include>NextAiredLabelSeparator</include>
  </control>
  <control type="label"><!-- Tuesday -->
    <label>$LOCALIZE[42]</label>
    <include>NextAiredLabelDay</include>
    <visible>!Control.HasFocus(201)</visible>
  </control>
  <control type="label"><!-- Tuesday -->
    <label>$LOCALIZE[42]</label>
    <include>NextAiredLabelDaySelect</include>
    <visible>Control.HasFocus(201)</visible>
  </control>
  <control type="image">
    <include>NextAiredLabelSeparator</include>
  </control>
  <control type="label"><!-- Wednesday -->
    <label>$LOCALIZE[43]</label>
    <include>NextAiredLabelDay</include>
    <visible>!Control.HasFocus(202)</visible>
  </control>
  <control type="label"><!-- Wednesday -->
    <label>$LOCALIZE[43]</label>
    <include>NextAiredLabelDaySelect</include>
    <visible>Control.HasFocus(202)</visible>
  </control>
  <control type="image">
    <include>NextAiredLabelSeparator</include>
  </control>
  <control type="label"><!-- Thursday -->
    <label>$LOCALIZE[44]</label>
    <include>NextAiredLabelDay</include>
    <visible>!Control.HasFocus(203)</visible>
  </control>
  <control type="label"><!-- Thursday -->
    <label>$LOCALIZE[44]</label>
    <include>NextAiredLabelDaySelect</include>
    <visible>Control.HasFocus(203)</visible>
  </control>
  <control type="image">
    <include>NextAiredLabelSeparator</include>
  </control>
  <control type="label"><!-- Friday -->
    <label>$LOCALIZE[45]</label>
    <include>NextAiredLabelDay</include>
    <visible>!Control.HasFocus(204)</visible>
  </control>
  <control type="label"><!-- Friday -->
    <label>$LOCALIZE[45]</label>
    <include>NextAiredLabelDaySelect</include>
    <visible>Control.HasFocus(204)</visible>
  </control>
  <control type="image">
    <include>NextAiredLabelSeparator</include>
  </control>
  <control type="label"><!-- Saturday -->
    <label>$LOCALIZE[46]</label>
    <include>NextAiredLabelDay</include>
    <visible>!Control.HasFocus(205)</visible>
  </control>
  <control type="label"><!-- Saturday -->
    <label>$LOCALIZE[46]</label>
    <include>NextAiredLabelDaySelect</include>
    <visible>Control.HasFocus(205)</visible>
  </control>
  <control type="image">
    <include>NextAiredLabelSeparator</include>
  </control>
  <control type="label"><!-- Sunday -->
    <label>$LOCALIZE[47]</label>
    <include>NextAiredLabelDay</include>
    <visible>!Control.HasFocus(206)</visible>
  </control>
  <control type="label"><!-- Sunday -->
    <label>$LOCALIZE[47]</label>
    <include>NextAiredLabelDaySelect</include>
    <visible>Control.HasFocus(206)</visible>
  </control>
  </control>
  <control type="image">
    <posx>100</posx>
    <posy>0</posy>
    <width>2</width>
    <height>720</height>
    <texture>panel_vertical_separator.png</texture>
  </control>
  </control>
  
  <!-- Floor Background -->
  <control type="image">
    <posx>0</posx>
    <posy>363</posy>
    <width>1280</width>
    <height>430</height>
    <texture>$VAR[value_floor]</texture>
    <include>Animation_CommonFade</include>
  </control>
  <control type="image">
    <posx>144</posx>
    <posy>647</posy>
    <width>993</width>
    <height>137</height>
    <texure>$VAR[value_spot]</texure>
    <include>Animation_CommonFade</include>
  </control>
  
  <!-- Episode Title -->
  <control type="group"><!-- Monday -->
    <visible>Control.HasFocus(200)</visible>
  <control type="fadelabel">
    <description>Episode Title</description>
    <posx>315</posx>
    <posy>693</posy>
    <width>650</width>
    <align>center</align>
    <aligny>center</aligny>
    <font>Font_FloorTextMainLabel</font>
    <textcolor>$VAR[value_colorfloortext]</textcolor>
    <scrollout>false</scrollout>
    <scrollspeed>200</scrollspeed>
    <pauseatend>3000</pauseatend>
    <label>$INFO[Container(200).ListItem.Label]</label>
  </control>
  <control type="fadelabel">
    <label>[COLOR=$VAR[value_headercolors]]$LOCALIZE[31522]: [/COLOR] $INFO[Container(200).ListItem.Property(Runtime)] $LOCALIZE[12391] - [COLOR=$VAR[value_headercolors]]$LOCALIZE[31032]: [/COLOR]$INFO[Container(200).ListItem.Property(Genre)]</label>
    <label>[COLOR=$VAR[value_headercolors]]$LOCALIZE[31347]: [/COLOR]$INFO[Container(200).ListItem.Property(ShortTime)] - $INFO[Container(200).ListItem.Property(NextDate)] - [COLOR=$VAR[value_headercolors]]$INFO[Container(200).ListItem.Property(NextTitle)][/COLOR]</label>
    <posx>340</posx>
    <posy>667</posy>
    <width>600</width>
    <align>center</align>
    <aligny>center</aligny>
    <font>Font_FloorTextDetailLabel</font>
    <textcolor>$VAR[value_colorfloortext]</textcolor>
    <scrollout>false</scrollout>
    <scrollspeed>200</scrollspeed>
    <pauseatend>3000</pauseatend>
    <scrollout>false</scrollout>
  </control>
  </control>
  <control type="group"><!-- Tuesday -->
    <visible>Control.HasFocus(201)</visible>
  <control type="fadelabel">
    <posx>315</posx>
    <posy>693</posy>
    <width>650</width>
    <align>center</align>
    <aligny>center</aligny>
    <font>Font_FloorTextMainLabel</font>
    <textcolor>$VAR[value_colorfloortext]</textcolor>
    <scrollout>false</scrollout>
    <scrollspeed>200</scrollspeed>
    <pauseatend>3000</pauseatend>
    <label>$INFO[Container(201).ListItem.Label]</label>
  </control>
  <control type="fadelabel">
    <label>[COLOR=$VAR[value_headercolors]]$LOCALIZE[31522]: [/COLOR] $INFO[Container(201).ListItem.Property(Runtime)] $LOCALIZE[12391] - [COLOR=$VAR[value_headercolors]]$LOCALIZE[31032]: [/COLOR]$INFO[Container(201).ListItem.Property(Genre)]</label>
    <label>[COLOR=$VAR[value_headercolors]]$LOCALIZE[31347]: [/COLOR]$INFO[Container(201).ListItem.Property(ShortTime)] - $INFO[Container(201).ListItem.Property(NextDate)] - [COLOR=$VAR[value_headercolors]]$INFO[Container(201).ListItem.Property(NextTitle)][/COLOR]</label>
    <posx>340</posx>
    <posy>667</posy>
    <width>600</width>
    <align>center</align>
    <aligny>center</aligny>
    <font>Font_FloorTextDetailLabel</font>
    <scrollout>false</scrollout>
    <scrollspeed>200</scrollspeed>
    <pauseatend>3000</pauseatend>
    <scrollout>false</scrollout>
  </control>
  </control>
  <control type="group"><!-- Wednesday -->
    <visible>Control.HasFocus(202)</visible>
  <control type="fadelabel">
    <description>Episode Title</description>
    <posx>315</posx>
    <posy>693</posy>
    <width>650</width>
    <align>center</align>
    <aligny>center</aligny>
    <font>Font_FloorTextMainLabel</font>
    <textcolor>$VAR[value_colorfloortext]</textcolor>
    <scrollout>false</scrollout>
    <scrollspeed>200</scrollspeed>
    <pauseatend>3000</pauseatend>
    <label>$INFO[Container(202).ListItem.Label]</label>
  </control>
  <control type="fadelabel">
    <label>[COLOR=$VAR[value_headercolors]]$LOCALIZE[31522]: [/COLOR] $INFO[Container(202).ListItem.Property(Runtime)] $LOCALIZE[12391] - [COLOR=$VAR[value_headercolors]]$LOCALIZE[31032]: [/COLOR]$INFO[Container(202).ListItem.Property(Genre)]</label>
    <label>[COLOR=$VAR[value_headercolors]]$LOCALIZE[31347]: [/COLOR]$INFO[Container(202).ListItem.Property(ShortTime)] - $INFO[Container(202).ListItem.Property(NextDate)] - [COLOR=$VAR[value_headercolors]]$INFO[Container(202).ListItem.Property(NextTitle)][/COLOR]</label>
    <posx>340</posx>
    <posy>667</posy>
    <width>600</width>
    <align>center</align>
    <aligny>center</aligny>
    <font>Font_FloorTextDetailLabel</font>
    <textcolor>$VAR[value_colorfloortext]</textcolor>
    <scrollout>false</scrollout>
    <scrollspeed>200</scrollspeed>
    <pauseatend>3000</pauseatend>
    <scrollout>false</scrollout>
  </control>
  </control>
  <control type="group"><!-- Thursday -->
    <visible>Control.HasFocus(203)</visible>
  <control type="fadelabel">
    <description>Episode Title</description>
    <posx>315</posx>
    <posy>693</posy>
    <width>650</width>
    <align>center</align>
    <aligny>center</aligny>
    <font>Font_FloorTextMainLabel</font>
    <textcolor>$VAR[value_colorfloortext]</textcolor>
    <scrollout>false</scrollout>
    <scrollspeed>200</scrollspeed>
    <pauseatend>3000</pauseatend>
    <label>$INFO[Container(203).ListItem.Label]</label>
  </control>
  <control type="fadelabel">
    <label>[COLOR=$VAR[value_headercolors]]$LOCALIZE[31522]: [/COLOR] $INFO[Container(203).ListItem.Property(Runtime)] $LOCALIZE[12391] - [COLOR=$VAR[value_headercolors]]$LOCALIZE[31032]: [/COLOR]$INFO[Container(203).ListItem.Property(Genre)]</label>
    <label>[COLOR=$VAR[value_headercolors]]$LOCALIZE[31347]: [/COLOR]$INFO[Container(203).ListItem.Property(ShortTime)] - $INFO[Container(203).ListItem.Property(NextDate)] - [COLOR=$VAR[value_headercolors]]$INFO[Container(203).ListItem.Property(NextTitle)][/COLOR]</label>
    <posx>340</posx>
    <posy>667</posy>
    <width>600</width>
    <align>center</align>
    <aligny>center</aligny>
    <font>Font_FloorTextDetailLabel</font>
    <textcolor>$VAR[value_colorfloortext]</textcolor>
    <scrollout>false</scrollout>
    <scrollspeed>200</scrollspeed>
    <pauseatend>3000</pauseatend>
    <scrollout>false</scrollout>
  </control>
  </control>
  <control type="group"><!-- Friday -->
    <visible>Control.HasFocus(204)</visible>
  <control type="fadelabel">
    <description>Episode Title</description>
    <posx>315</posx>
    <posy>693</posy>
    <width>650</width>
    <align>center</align>
    <aligny>center</aligny>
    <font>Font_FloorTextMainLabel</font>
    <textcolor>$VAR[value_colorfloortext]</textcolor>
    <scrollout>false</scrollout>
    <scrollspeed>200</scrollspeed>
    <pauseatend>3000</pauseatend>
    <label>$INFO[Container(204).ListItem.Label]</label>
  </control>
  <control type="fadelabel">
    <label>[COLOR=$VAR[value_headercolors]]$LOCALIZE[31522]: [/COLOR] $INFO[Container(204).ListItem.Property(Runtime)] $LOCALIZE[12391] - [COLOR=$VAR[value_headercolors]]$LOCALIZE[31032]: [/COLOR]$INFO[Container(204).ListItem.Property(Genre)]</label>
    <label>[COLOR=$VAR[value_headercolors]]$LOCALIZE[31347]: [/COLOR]$INFO[Container(204).ListItem.Property(ShortTime)] - $INFO[Container(204).ListItem.Property(NextDate)] - [COLOR=$VAR[value_headercolors]]$INFO[Container(204).ListItem.Property(NextTitle)][/COLOR]</label>
    <posx>340</posx>
    <posy>667</posy>
    <width>600</width>
    <align>center</align>
    <aligny>center</aligny>
    <font>Font_FloorTextDetailLabel</font>
    <textcolor>$VAR[value_colorfloortext]</textcolor>
    <scrollout>false</scrollout>
    <scrollspeed>200</scrollspeed>
    <pauseatend>3000</pauseatend>
    <scrollout>false</scrollout>
  </control>
  </control>
  <control type="group"><!-- Saturday -->
    <visible>Control.HasFocus(205)</visible>
  <control type="fadelabel">
    <description>Episode Title</description>
    <posx>315</posx>
    <posy>693</posy>
    <width>650</width>
    <align>center</align>
    <aligny>center</aligny>
    <font>Font_FloorTextMainLabel</font>
    <textcolor>$VAR[value_colorfloortext]</textcolor>
    <scrollout>false</scrollout>
    <scrollspeed>200</scrollspeed>
    <pauseatend>3000</pauseatend>
    <label>$INFO[Container(205).ListItem.Label]</label>
  </control>
  <control type="fadelabel">
    <label>[COLOR=$VAR[value_headercolors]]$LOCALIZE[31522]: [/COLOR] $INFO[Container(205).ListItem.Property(Runtime)] $LOCALIZE[12391] - [COLOR=$VAR[value_headercolors]]$LOCALIZE[31032]: [/COLOR]$INFO[Container(205).ListItem.Property(Genre)]</label>
    <label>[COLOR=$VAR[value_headercolors]]$LOCALIZE[31347]: [/COLOR]$INFO[Container(205).ListItem.Property(ShortTime)] - $INFO[Container(205).ListItem.Property(NextDate)] - [COLOR=$VAR[value_headercolors]]$INFO[Container(205).ListItem.Property(NextTitle)][/COLOR]</label>
    <posx>340</posx>
    <posy>667</posy>
    <width>600</width>
    <align>center</align>
    <aligny>center</aligny>
    <font>Font_FloorTextDetailLabel</font>
    <textcolor>$VAR[value_colorfloortext]</textcolor>
    <scrollout>false</scrollout>
    <scrollspeed>200</scrollspeed>
    <pauseatend>3000</pauseatend>
    <scrollout>false</scrollout>
  </control>
  </control>
  <control type="group"><!-- Sunday -->
    <visible>Control.HasFocus(206)</visible>
  <control type="fadelabel">
    <description>Episode Title</description>
    <posx>315</posx>
    <posy>693</posy>
    <width>650</width>
    <align>center</align>
    <aligny>center</aligny>
    <font>Font_FloorTextMainLabel</font>
    <textcolor>$VAR[value_colorfloortext]</textcolor>
    <scrollout>false</scrollout>
    <scrollspeed>200</scrollspeed>
    <pauseatend>3000</pauseatend>
    <label>$INFO[Container(206).ListItem.Label]</label>
  </control>
  <control type="fadelabel">
    <label>[COLOR=$VAR[value_headercolors]]$LOCALIZE[31522]: [/COLOR] $INFO[Container(206).ListItem.Property(Runtime)] $LOCALIZE[12391] - [COLOR=$VAR[value_headercolors]]$LOCALIZE[31032]: [/COLOR]$INFO[Container(206).ListItem.Property(Genre)]</label>
    <label>[COLOR=$VAR[value_headercolors]]$LOCALIZE[31347]: [/COLOR]$INFO[Container(206).ListItem.Property(ShortTime)] - $INFO[Container(206).ListItem.Property(NextDate)] - [COLOR=$VAR[value_headercolors]]$INFO[Container(206).ListItem.Property(NextTitle)][/COLOR]</label>
    <posx>340</posx>
    <posy>667</posy>
    <width>600</width>
    <align>center</align>
    <aligny>center</aligny>
    <font>Font_FloorTextDetailLabel</font>
    <textcolor>$VAR[value_colorfloortext]</textcolor>
    <scrollout>false</scrollout>
    <scrollspeed>200</scrollspeed>
    <pauseatend>3000</pauseatend>
    <scrollout>false</scrollout>
  </control>
  </control>
  
  <control type="group"><!-- Flags -->
    <posx>1180</posx>
  <control type="image">
    <include>Furniture_FloorMediaFlagsVars</include>
    <aspectratio>keep</aspectratio>
    <texture>flags/studios/$INFO[Container(200).ListItem.Property(Network),,.png]</texture>
    <visible>Control.HasFocus(200)</visible>
  </control>
  <control type="image">
    <include>Furniture_FloorMediaFlagsVars</include>
    <aspectratio>keep</aspectratio>
    <texture>flags/studios/$INFO[Container(201).ListItem.Property(Network),,.png]</texture>
    <visible>Control.HasFocus(201)</visible>
  </control>
  <control type="image">
    <include>Furniture_FloorMediaFlagsVars</include>
    <aspectratio>keep</aspectratio>
    <texture>flags/studios/$INFO[Container(202).ListItem.Property(Network),,.png]</texture>
    <visible>Control.HasFocus(202)</visible>
  </control>
  <control type="image">
    <include>Furniture_FloorMediaFlagsVars</include>
    <aspectratio>keep</aspectratio>
    <texture>flags/studios/$INFO[Container(203).ListItem.Property(Network),,.png]</texture>
    <visible>Control.HasFocus(203)</visible>
  </control>
  <control type="image">
    <include>Furniture_FloorMediaFlagsVars</include>
    <aspectratio>keep</aspectratio>
    <texture>flags/studios/$INFO[Container(204).ListItem.Property(Network),,.png]</texture>
    <visible>Control.HasFocus(204)</visible>
  </control>
  <control type="image">
    <include>Furniture_FloorMediaFlagsVars</include>
    <aspectratio>keep</aspectratio>
    <texture>flags/studios/$INFO[Container(205).ListItem.Property(Network),,.png]</texture>
    <visible>Control.HasFocus(205)</visible>
  </control>
  <control type="image">
    <include>Furniture_FloorMediaFlagsVars</include>
    <aspectratio>keep</aspectratio>
    <texture>flags/studios/$INFO[Container(206).ListItem.Property(Network),,.png]</texture>
    <visible>Control.HasFocus(206)</visible>
  </control>
  </control>
  <control type="image">
    <posx>0</posx>
    <posy>675</posy>
    <width>1280</width>
    <height>48</height>
    <texture background="true">showcase_gradient.png</texture>
    <include>Animation_CommonFade</include>
	</control>
 
  <control type="group">
    <posx>20</posx>
    <posy>-65</posy>
 	<control type="group" id="50">
	<!-- Monday -->
  <control type="list" id="200">
    <posx>95</posx>
    <posy>0</posy>
    <width>1200</width>
    <height>568</height>
    <orientation>horizontal</orientation>
    <pagecontrol>61</pagecontrol>
    <preloaditems>2</preloaditems>
    <onleft>SetFocus(9300)</onleft>
    <onup>200</onup>
    <ondown>61</ondown>
    <onleft>SetProperty(TVGuide.MondayList,1,Home)</onleft>
    <itemgap>0</itemgap>
    <scrolltime>300</scrolltime>
  <itemlayout condition="StringCompare(Window(Home).Property(TVGuide.ThumbType),0)" height="160" width="380"><!-- Thumb -->
  <control type="image">
    <description>Background</description>
    <include>NextAiredBackgroundBanner</include>
    <colordiffuse>$VAR[value_texturecolors]</colordiffuse>
  </control>
  <control type="image">
    <include>NextAiredThumb</include>
  </control>
  <control type="image">
    <description>Dimmer</description>
    <include>NextAiredBannerDimmer</include>
  </control>
  </itemlayout>
  <focusedlayout condition="StringCompare(Window(Home).Property(TVGuide.ThumbType),0)" height="160" width="380">
  <control type="image">
    <description>Background</description>
    <include>NextAiredBackgroundBanner</include>
  </control>
  <control type="image">
    <description>Background Double</description>
    <include>NextAiredBackgroundBanner</include>
  </control>
  <control type="image">
    <include>NextAiredThumb</include>
  </control>
  <control type="image">
    <description>Dimmer</description>
    <include>NextAiredBannerDimmer</include>
    <visible>!Control.HasFocus(200)</visible>
  </control>
  </focusedlayout>
  <itemlayout condition="StringCompare(Window(Home).Property(TVGuide.ThumbType),1)" height="160" width="380"><!-- Banner -->
  <control type="image">
    <description>Background</description>
    <include>NextAiredBackgroundBanner</include>
    <colordiffuse>$VAR[value_texturecolors]</colordiffuse>
  </control>
  <control type="image">
    <include>NextAiredThumbBanner</include>
  </control>
  <control type="image">
    <description>Dimmer</description>
    <include>NextAiredBannerDimmer</include>
  </control>
  </itemlayout>
  <focusedlayout condition="StringCompare(Window(Home).Property(TVGuide.ThumbType),1)" height="160" width="380">
  <control type="image">
    <description>Background</description>
    <include>NextAiredBackgroundBanner</include>
  </control>
  <control type="image">
    <description>Background Double</description>
    <include>NextAiredBackgroundBanner</include>
  </control>
  <control type="image">
    <include>NextAiredThumbBanner</include>
  </control>
  <control type="image">
    <description>Dimmer</description>
    <include>NextAiredBannerDimmer</include>
    <visible>!Control.HasFocus(200)</visible>
  </control>
  </focusedlayout>
  <itemlayout condition="StringCompare(Window(Home).Property(TVGuide.ThumbType),2)" height="160" width="380"><!-- Logo -->
  <control type="image">
    <description>Background</description>
    <include>NextAiredBackgroundBanner</include>
    <colordiffuse>$VAR[value_texturecolors]</colordiffuse>
  </control>
  <control type="image">
    <include>NextAiredThumbLogo</include>
    <animation effect="fade" end="50" condition="true">Conditional</animation>
  </control>
  </itemlayout>
  <focusedlayout condition="StringCompare(Window(Home).Property(TVGuide.ThumbType),2)" height="160" width="380">
  <control type="image">
    <description>Background</description>
    <include>NextAiredBackgroundBanner</include>
  </control>
  <control type="image">
    <description>Background Double</description>
    <include>NextAiredBackgroundBanner</include>
    <visible>Control.HasFocus(200)</visible>
  </control>
  <control type="image">
    <include>NextAiredThumbLogo</include>
    <animation effect="fade" end="50" condition="!Control.HasFocus(200)">Conditional</animation>
  </control>
  <control type="image">
    <include>NextAiredThumbLogo</include>
    <visible>Control.HasFocus(200)</visible>
  </control>
  </focusedlayout>
  </control>
  <control type="scrollbar" id="61">
    <include>NextAiredDefaultScrollBar</include>
    <visible>Control.HasFocus(200) | Control.HasFocus(61)</visible>
    <posy>170</posy>
    <onup>200</onup>
    <ondown>201</ondown>
    <onleft>61</onleft>
    <onright>61</onright>
  </control>
  
  <!-- Tuesday -->
  <control type="list" id="201">
    <posx>95</posx>
    <posy>87</posy>
    <width>1200</width>
    <height>568</height>
    <orientation>horizontal</orientation>
    <pagecontrol>62</pagecontrol>
    <preloaditems>2</preloaditems>
    <onleft>SetFocus(9300)</onleft>
    <onup>200</onup>
    <ondown>62</ondown>
    <onleft>SetProperty(TVGuide.TuesdayList,1,Home)</onleft>
    <itemgap>0</itemgap>
    <scrolltime>300</scrolltime>
  <itemlayout condition="StringCompare(Window(Home).Property(TVGuide.ThumbType),0)" height="160" width="380"><!-- Thumb -->
  <control type="image">
    <description>Background</description>
    <include>NextAiredBackgroundBanner</include>
    <colordiffuse>$VAR[value_texturecolors]</colordiffuse>
  </control>
  <control type="image">
    <include>NextAiredThumb</include>
  </control>
  <control type="image">
    <description>Dimmer</description>
    <include>NextAiredBannerDimmer</include>
  </control>
  </itemlayout>
  <focusedlayout condition="StringCompare(Window(Home).Property(TVGuide.ThumbType),0)" height="160" width="380">
  <control type="image">
    <description>Background</description>
    <include>NextAiredBackgroundBanner</include>
  </control>
  <control type="image">
    <description>Background Double</description>
    <include>NextAiredBackgroundBanner</include>
  </control>
  <control type="image">
    <include>NextAiredThumb</include>
  </control>
  <control type="image">
    <description>Dimmer</description>
    <include>NextAiredBannerDimmer</include>
    <visible>!Control.HasFocus(201)</visible>
  </control>
  </focusedlayout>
  <itemlayout condition="StringCompare(Window(Home).Property(TVGuide.ThumbType),1)" height="160" width="380"><!-- Banner -->
  <control type="image">
    <description>Background</description>
    <include>NextAiredBackgroundBanner</include>
    <colordiffuse>$VAR[value_texturecolors]</colordiffuse>
  </control>
  <control type="image">
    <include>NextAiredThumbBanner</include>
  </control>
  <control type="image">
    <description>Dimmer</description>
    <include>NextAiredBannerDimmer</include>
  </control>
  </itemlayout>
  <focusedlayout condition="StringCompare(Window(Home).Property(TVGuide.ThumbType),1)" height="160" width="380">
  <control type="image">
    <description>Background</description>
    <include>NextAiredBackgroundBanner</include>
  </control>
  <control type="image">
    <description>Background Double</description>
    <include>NextAiredBackgroundBanner</include>
  </control>
  <control type="image">
    <include>NextAiredThumbBanner</include>
  </control>
  <control type="image">
    <description>Dimmer</description>
    <include>NextAiredBannerDimmer</include>
    <visible>!Control.HasFocus(201)</visible>
  </control>
  </focusedlayout>
  <itemlayout condition="StringCompare(Window(Home).Property(TVGuide.ThumbType),2)" height="160" width="380"><!-- Logo -->
  <control type="image">
    <description>Background</description>
    <include>NextAiredBackgroundBanner</include>
    <colordiffuse>$VAR[value_texturecolors]</colordiffuse>
  </control>
  <control type="image">
    <include>NextAiredThumbLogo</include>
    <animation effect="fade" end="50" condition="true">Conditional</animation>
  </control>
  </itemlayout>
  <focusedlayout condition="StringCompare(Window(Home).Property(TVGuide.ThumbType),2)" height="160" width="380">
  <control type="image">
    <description>Background</description>
    <include>NextAiredBackgroundBanner</include>
  </control>
  <control type="image">
    <description>Background Double</description>
    <include>NextAiredBackgroundBanner</include>
    <visible>Control.HasFocus(201)</visible>
  </control>
  <control type="image">
    <include>NextAiredThumbLogo</include>
    <animation effect="fade" end="50" condition="!Control.HasFocus(201)">Conditional</animation>
  </control>
  <control type="image">
    <include>NextAiredThumbLogo</include>
    <visible>Control.HasFocus(201)</visible>
  </control>
  </focusedlayout>
  </control>
  <control type="scrollbar" id="62">
    <include>NextAiredDefaultScrollBar</include>
    <visible>Control.HasFocus(201) | Control.HasFocus(62)</visible>
    <posy>257</posy>
    <onup>201</onup>
    <ondown>202</ondown>
    <onleft>62</onleft>
    <onright>62</onright>
  </control>

  <!-- Wednesday -->
  <control type="list" id="202">
    <posx>95</posx>
    <posy>174</posy>
    <width>1200</width>
    <height>568</height>
    <orientation>horizontal</orientation>
    <pagecontrol>63</pagecontrol>
    <preloaditems>2</preloaditems>
    <onleft>SetFocus(9300)</onleft>
    <onup>201</onup>
    <ondown>63</ondown>
    <onleft>SetProperty(TVGuide.WednesdayList,1,Home)</onleft>
    <itemgap>0</itemgap>
    <scrolltime>300</scrolltime>
  <itemlayout condition="StringCompare(Window(Home).Property(TVGuide.ThumbType),0)" height="160" width="380"><!-- Thumb -->
  <control type="image">
    <description>Background</description>
    <include>NextAiredBackgroundBanner</include>
    <colordiffuse>$VAR[value_texturecolors]</colordiffuse>
  </control>
  <control type="image">
    <include>NextAiredThumb</include>
  </control>
  <control type="image">
    <description>Dimmer</description>
    <include>NextAiredBannerDimmer</include>
  </control>
  </itemlayout>
  <focusedlayout condition="StringCompare(Window(Home).Property(TVGuide.ThumbType),0)" height="160" width="380">
  <control type="image">
    <description>Background</description>
    <include>NextAiredBackgroundBanner</include>
  </control>
  <control type="image">
    <description>Background Double</description>
    <include>NextAiredBackgroundBanner</include>
  </control>
  <control type="image">
    <include>NextAiredThumb</include>
  </control>
  <control type="image">
    <description>Dimmer</description>
    <include>NextAiredBannerDimmer</include>
    <visible>!Control.HasFocus(202)</visible>
  </control>
  </focusedlayout>
  <itemlayout condition="StringCompare(Window(Home).Property(TVGuide.ThumbType),1)" height="160" width="380"><!-- Banner -->
  <control type="image">
    <description>Background</description>
    <include>NextAiredBackgroundBanner</include>
    <colordiffuse>$VAR[value_texturecolors]</colordiffuse>
  </control>
  <control type="image">
    <include>NextAiredThumbBanner</include>
  </control>
  <control type="image">
    <description>Dimmer</description>
    <include>NextAiredBannerDimmer</include>
  </control>
  </itemlayout>
  <focusedlayout condition="StringCompare(Window(Home).Property(TVGuide.ThumbType),1)" height="160" width="380">
  <control type="image">
    <description>Background</description>
    <include>NextAiredBackgroundBanner</include>
  </control>
  <control type="image">
    <description>Background Double</description>
    <include>NextAiredBackgroundBanner</include>
  </control>
  <control type="image">
    <include>NextAiredThumbBanner</include>
  </control>
  <control type="image">
    <description>Dimmer</description>
    <include>NextAiredBannerDimmer</include>
    <visible>!Control.HasFocus(202)</visible>
  </control>
  </focusedlayout>
  <itemlayout condition="StringCompare(Window(Home).Property(TVGuide.ThumbType),2)" height="160" width="380"><!-- Logo -->
  <control type="image">
    <description>Background</description>
    <include>NextAiredBackgroundBanner</include>
    <colordiffuse>$VAR[value_texturecolors]</colordiffuse>
  </control>
  <control type="image">
    <include>NextAiredThumbLogo</include>
    <animation effect="fade" end="50" condition="true">Conditional</animation>
  </control>
  </itemlayout>
  <focusedlayout condition="StringCompare(Window(Home).Property(TVGuide.ThumbType),2)" height="160" width="380">
  <control type="image">
    <description>Background</description>
    <include>NextAiredBackgroundBanner</include>
  </control>
  <control type="image">
    <description>Background Double</description>
    <include>NextAiredBackgroundBanner</include>
    <visible>Control.HasFocus(202)</visible>
  </control>
  <control type="image">
    <include>NextAiredThumbLogo</include>
    <animation effect="fade" end="50" condition="!Control.HasFocus(202)">Conditional</animation>
  </control>
  <control type="image">
    <include>NextAiredThumbLogo</include>
    <visible>Control.HasFocus(202)</visible>
  </control>
  </focusedlayout>
  </control>
  <control type="scrollbar" id="63">
    <include>NextAiredDefaultScrollBar</include>
    <visible>Control.HasFocus(202) | Control.HasFocus(63)</visible>
    <posy>344</posy>
    <onup>202</onup>
    <ondown>203</ondown>
    <onleft>63</onleft>
    <onright>63</onright>
  </control>
  
  <!-- Thursday -->
  <control type="list" id="203">
    <posx>95</posx>
    <posy>261</posy>
    <width>1200</width>
    <height>568</height>
    <orientation>horizontal</orientation>
    <pagecontrol>64</pagecontrol>
    <preloaditems>2</preloaditems>
    <onleft>SetFocus(9300)</onleft>
    <onup>202</onup>
    <ondown>64</ondown>
    <onleft>SetProperty(TVGuide.ThursdayList,1,Home)</onleft>
    <itemgap>0</itemgap>
    <scrolltime>300</scrolltime>
  <itemlayout condition="StringCompare(Window(Home).Property(TVGuide.ThumbType),0)" height="160" width="380"><!-- Thumb -->
  <control type="image">
    <description>Background</description>
    <include>NextAiredBackgroundBanner</include>
    <colordiffuse>$VAR[value_texturecolors]</colordiffuse>
  </control>
  <control type="image">
    <include>NextAiredThumb</include>
  </control>
  <control type="image">
    <description>Dimmer</description>
    <include>NextAiredBannerDimmer</include>
  </control>
  </itemlayout>
  <focusedlayout condition="StringCompare(Window(Home).Property(TVGuide.ThumbType),0)" height="160" width="380">
  <control type="image">
    <description>Background</description>
    <include>NextAiredBackgroundBanner</include>
  </control>
  <control type="image">
    <description>Background Double</description>
    <include>NextAiredBackgroundBanner</include>
  </control>
  <control type="image">
    <include>NextAiredThumb</include>
  </control>
  <control type="image">
    <description>Dimmer</description>
    <include>NextAiredBannerDimmer</include>
    <visible>!Control.HasFocus(203)</visible>
  </control>
  </focusedlayout>
  <itemlayout condition="StringCompare(Window(Home).Property(TVGuide.ThumbType),1)" height="160" width="380"><!-- Banner -->
  <control type="image">
    <description>Background</description>
    <include>NextAiredBackgroundBanner</include>
    <colordiffuse>$VAR[value_texturecolors]</colordiffuse>
  </control>
  <control type="image">
    <include>NextAiredThumbBanner</include>
  </control>
  <control type="image">
    <description>Dimmer</description>
    <include>NextAiredBannerDimmer</include>
  </control>
  </itemlayout>
  <focusedlayout condition="StringCompare(Window(Home).Property(TVGuide.ThumbType),1)" height="160" width="380">
  <control type="image">
    <description>Background</description>
    <include>NextAiredBackgroundBanner</include>
  </control>
  <control type="image">
    <description>Background Double</description>
    <include>NextAiredBackgroundBanner</include>
  </control>
  <control type="image">
    <include>NextAiredThumbBanner</include>
  </control>
  <control type="image">
    <description>Dimmer</description>
    <include>NextAiredBannerDimmer</include>
    <visible>!Control.HasFocus(203)</visible>
  </control>
  </focusedlayout>
  <itemlayout condition="StringCompare(Window(Home).Property(TVGuide.ThumbType),2)" height="160" width="380"><!-- Logo -->
  <control type="image">
    <description>Background</description>
    <include>NextAiredBackgroundBanner</include>
    <colordiffuse>$VAR[value_texturecolors]</colordiffuse>
  </control>
  <control type="image">
    <include>NextAiredThumbLogo</include>
    <animation effect="fade" end="50" condition="true">Conditional</animation>
  </control>
  </itemlayout>
  <focusedlayout condition="StringCompare(Window(Home).Property(TVGuide.ThumbType),2)" height="160" width="380">
  <control type="image">
    <description>Background</description>
    <include>NextAiredBackgroundBanner</include>
  </control>
  <control type="image">
    <description>Background Double</description>
    <include>NextAiredBackgroundBanner</include>
    <visible>Control.HasFocus(203)</visible>
  </control>
  <control type="image">
    <include>NextAiredThumbLogo</include>
    <animation effect="fade" end="50" condition="!Control.HasFocus(203)">Conditional</animation>
  </control>
  <control type="image">
    <include>NextAiredThumbLogo</include>
    <visible>Control.HasFocus(203)</visible>
  </control>
  </focusedlayout>
  </control>
  <control type="scrollbar" id="64">
    <include>NextAiredDefaultScrollBar</include>
    <visible>Control.HasFocus(203) | Control.HasFocus(64)</visible>
    <posy>431</posy>
    <onup>203</onup>
    <ondown>204</ondown>
    <onleft>64</onleft>
    <onright>64</onright>
  </control>
  
  <!-- Friday -->
  <control type="list" id="204">
    <posx>95</posx>
    <posy>348</posy>
    <width>1200</width>
    <height>568</height>
    <orientation>horizontal</orientation>
    <pagecontrol>65</pagecontrol>
    <preloaditems>2</preloaditems>
    <onleft>SetFocus(9300)</onleft>
    <onup>203</onup>
    <ondown>65</ondown>
    <onleft>SetProperty(TVGuide.FridayList,1,Home)</onleft>
    <itemgap>0</itemgap>
    <scrolltime>300</scrolltime>
  <itemlayout condition="StringCompare(Window(Home).Property(TVGuide.ThumbType),0)" height="160" width="380"><!-- Thumb -->
  <control type="image">
    <description>Background</description>
    <include>NextAiredBackgroundBanner</include>
    <colordiffuse>$VAR[value_texturecolors]</colordiffuse>
  </control>
  <control type="image">
    <include>NextAiredThumb</include>
  </control>
  <control type="image">
    <description>Dimmer</description>
    <include>NextAiredBannerDimmer</include>
  </control>
  </itemlayout>
  <focusedlayout condition="StringCompare(Window(Home).Property(TVGuide.ThumbType),0)" height="160" width="380">
  <control type="image">
    <description>Background</description>
    <include>NextAiredBackgroundBanner</include>
  </control>
  <control type="image">
    <description>Background Double</description>
    <include>NextAiredBackgroundBanner</include>
  </control>
  <control type="image">
    <include>NextAiredThumb</include>
  </control>
  <control type="image">
    <description>Dimmer</description>
    <include>NextAiredBannerDimmer</include>
    <visible>!Control.HasFocus(204)</visible>
  </control>
  </focusedlayout>
  <itemlayout condition="StringCompare(Window(Home).Property(TVGuide.ThumbType),1)" height="160" width="380"><!-- Banner -->
  <control type="image">
    <description>Background</description>
    <include>NextAiredBackgroundBanner</include>
    <colordiffuse>$VAR[value_texturecolors]</colordiffuse>
  </control>
  <control type="image">
    <include>NextAiredThumbBanner</include>
  </control>
  <control type="image">
    <description>Dimmer</description>
    <include>NextAiredBannerDimmer</include>
  </control>
  </itemlayout>
  <focusedlayout condition="StringCompare(Window(Home).Property(TVGuide.ThumbType),1)" height="160" width="380">
  <control type="image">
    <description>Background</description>
    <include>NextAiredBackgroundBanner</include>
  </control>
  <control type="image">
    <description>Background Double</description>
    <include>NextAiredBackgroundBanner</include>
  </control>
  <control type="image">
    <include>NextAiredThumbBanner</include>
  </control>
  <control type="image">
    <description>Dimmer</description>
    <include>NextAiredBannerDimmer</include>
    <visible>!Control.HasFocus(204)</visible>
  </control>
  </focusedlayout>
  <itemlayout condition="StringCompare(Window(Home).Property(TVGuide.ThumbType),2)" height="160" width="380"><!-- Logo -->
  <control type="image">
    <description>Background</description>
    <include>NextAiredBackgroundBanner</include>
    <colordiffuse>$VAR[value_texturecolors]</colordiffuse>
  </control>
  <control type="image">
    <include>NextAiredThumbLogo</include>
    <animation effect="fade" end="50" condition="true">Conditional</animation>
  </control>
  </itemlayout>
  <focusedlayout condition="StringCompare(Window(Home).Property(TVGuide.ThumbType),2)" height="160" width="380">
  <control type="image">
    <description>Background</description>
    <include>NextAiredBackgroundBanner</include>
  </control>
  <control type="image">
    <description>Background Double</description>
    <include>NextAiredBackgroundBanner</include>
    <visible>Control.HasFocus(204)</visible>
  </control>
  <control type="image">
    <include>NextAiredThumbLogo</include>
    <animation effect="fade" end="50" condition="!Control.HasFocus(204)">Conditional</animation>
  </control>
  <control type="image">
    <include>NextAiredThumbLogo</include>
    <visible>Control.HasFocus(204)</visible>
  </control>
  </focusedlayout>
  </control>
  <control type="scrollbar" id="65">
    <include>NextAiredDefaultScrollBar</include>
    <visible>Control.HasFocus(204) | Control.HasFocus(65)</visible>
    <posy>518</posy>
    <onup>204</onup>
    <ondown>205</ondown>
    <onleft>65</onleft>
    <onright>65</onright>
  </control>
  
  <!-- Saturday -->
  <control type="list" id="205">
    <posx>95</posx>
    <posy>435</posy>
    <width>1200</width>
    <height>568</height>
    <orientation>horizontal</orientation>
    <pagecontrol>66</pagecontrol>
    <preloaditems>2</preloaditems>
    <onleft>SetFocus(9300)</onleft>
    <onup>204</onup>
    <ondown>66</ondown>
    <onleft>SetProperty(TVGuide.SaturdayList,1,Home)</onleft>
    <itemgap>0</itemgap>
    <scrolltime>300</scrolltime>
  <itemlayout condition="StringCompare(Window(Home).Property(TVGuide.ThumbType),0)" height="160" width="380"><!-- Thumb -->
  <control type="image">
    <description>Background</description>
    <include>NextAiredBackgroundBanner</include>
    <colordiffuse>$VAR[value_texturecolors]</colordiffuse>
  </control>
  <control type="image">
    <include>NextAiredThumb</include>
  </control>
  <control type="image">
    <description>Dimmer</description>
    <include>NextAiredBannerDimmer</include>
  </control>
  </itemlayout>
  <focusedlayout condition="StringCompare(Window(Home).Property(TVGuide.ThumbType),0)" height="160" width="380">
  <control type="image">
    <description>Background</description>
    <include>NextAiredBackgroundBanner</include>
  </control>
  <control type="image">
    <description>Background Double</description>
    <include>NextAiredBackgroundBanner</include>
  </control>
  <control type="image">
    <include>NextAiredThumb</include>
  </control>
  <control type="image">
    <description>Dimmer</description>
    <include>NextAiredBannerDimmer</include>
    <visible>!Control.HasFocus(205)</visible>
  </control>
  </focusedlayout>
  <itemlayout condition="StringCompare(Window(Home).Property(TVGuide.ThumbType),1)" height="160" width="380"><!-- Banner -->
  <control type="image">
    <description>Background</description>
    <include>NextAiredBackgroundBanner</include>
    <colordiffuse>$VAR[value_texturecolors]</colordiffuse>
  </control>
  <control type="image">
    <include>NextAiredThumbBanner</include>
  </control>
  <control type="image">
    <description>Dimmer</description>
    <include>NextAiredBannerDimmer</include>
  </control>
  </itemlayout>
  <focusedlayout condition="StringCompare(Window(Home).Property(TVGuide.ThumbType),1)" height="160" width="380">
  <control type="image">
    <description>Background</description>
    <include>NextAiredBackgroundBanner</include>
  </control>
  <control type="image">
    <description>Background Double</description>
    <include>NextAiredBackgroundBanner</include>
  </control>
  <control type="image">
    <include>NextAiredThumbBanner</include>
  </control>
  <control type="image">
    <description>Dimmer</description>
    <include>NextAiredBannerDimmer</include>
    <visible>!Control.HasFocus(205)</visible>
  </control>
  </focusedlayout>
  <itemlayout condition="StringCompare(Window(Home).Property(TVGuide.ThumbType),2)" height="160" width="380"><!-- Logo -->
  <control type="image">
    <description>Background</description>
    <include>NextAiredBackgroundBanner</include>
    <colordiffuse>$VAR[value_texturecolors]</colordiffuse>
  </control>
  <control type="image">
    <include>NextAiredThumbLogo</include>
    <animation effect="fade" end="50" condition="true">Conditional</animation>
  </control>
  </itemlayout>
  <focusedlayout condition="StringCompare(Window(Home).Property(TVGuide.ThumbType),2)" height="160" width="380">
  <control type="image">
    <description>Background</description>
    <include>NextAiredBackgroundBanner</include>
  </control>
  <control type="image">
    <description>Background Double</description>
    <include>NextAiredBackgroundBanner</include>
    <visible>Control.HasFocus(205)</visible>
  </control>
  <control type="image">
    <include>NextAiredThumbLogo</include>
    <animation effect="fade" end="50" condition="!Control.HasFocus(205)">Conditional</animation>
  </control>
  <control type="image">
    <include>NextAiredThumbLogo</include>
    <visible>Control.HasFocus(205)</visible>
  </control>
  </focusedlayout>
  </control>
  <control type="scrollbar" id="66">
    <include>NextAiredDefaultScrollBar</include>
    <visible>Control.HasFocus(205) | Control.HasFocus(66)</visible>
    <posy>605</posy>
    <onup>205</onup>
    <ondown>206</ondown>
    <onleft>66</onleft>
    <onright>66</onright>
  </control>

  <!-- Sunday -->
  <control type="list" id="206">
    <posx>95</posx>
    <posy>522</posy>
    <width>1200</width>
    <height>568</height>
    <orientation>horizontal</orientation>
    <pagecontrol>67</pagecontrol>
    <preloaditems>2</preloaditems>
    <onleft>SetFocus(9300)</onleft>
    <onup>205</onup>
    <ondown>67</ondown>
    <onleft>SetProperty(TVGuide.SundayList,1,Home)</onleft>
    <itemgap>0</itemgap>
    <scrolltime>300</scrolltime>
  <itemlayout condition="StringCompare(Window(Home).Property(TVGuide.ThumbType),0)" height="160" width="380"><!-- Thumb -->
  <control type="image">
    <description>Background</description>
    <include>NextAiredBackgroundBanner</include>
    <colordiffuse>$VAR[value_texturecolors]</colordiffuse>
  </control>
  <control type="image">
    <include>NextAiredThumb</include>
  </control>
  <control type="image">
    <description>Dimmer</description>
    <include>NextAiredBannerDimmer</include>
  </control>
  </itemlayout>
  <focusedlayout condition="StringCompare(Window(Home).Property(TVGuide.ThumbType),0)" height="160" width="380">
  <control type="image">
    <description>Background</description>
    <include>NextAiredBackgroundBanner</include>
  </control>
  <control type="image">
    <description>Background Double</description>
    <include>NextAiredBackgroundBanner</include>
  </control>
  <control type="image">
    <include>NextAiredThumb</include>
  </control>
  <control type="image">
    <description>Dimmer</description>
    <include>NextAiredBannerDimmer</include>
    <visible>!Control.HasFocus(206)</visible>
  </control>
  </focusedlayout>
  <itemlayout condition="StringCompare(Window(Home).Property(TVGuide.ThumbType),1)" height="160" width="380"><!-- Banner -->
  <control type="image">
    <description>Background</description>
    <include>NextAiredBackgroundBanner</include>
    <colordiffuse>$VAR[value_texturecolors]</colordiffuse>
  </control>
  <control type="image">
    <include>NextAiredThumbBanner</include>
  </control>
  <control type="image">
    <description>Dimmer</description>
    <include>NextAiredBannerDimmer</include>
  </control>
  </itemlayout>
  <focusedlayout condition="StringCompare(Window(Home).Property(TVGuide.ThumbType),1)" height="160" width="380">
  <control type="image">
    <description>Background</description>
    <include>NextAiredBackgroundBanner</include>
  </control>
  <control type="image">
    <description>Background Double</description>
    <include>NextAiredBackgroundBanner</include>
  </control>
  <control type="image">
    <include>NextAiredThumbBanner</include>
  </control>
  <control type="image">
    <description>Dimmer</description>
    <include>NextAiredBannerDimmer</include>
    <visible>!Control.HasFocus(206)</visible>
  </control>
  </focusedlayout>
  <itemlayout condition="StringCompare(Window(Home).Property(TVGuide.ThumbType),2)" height="160" width="380"><!-- Logo -->
  <control type="image">
    <description>Background</description>
    <include>NextAiredBackgroundBanner</include>
    <colordiffuse>$VAR[value_texturecolors]</colordiffuse>
  </control>
  <control type="image">
    <include>NextAiredThumbLogo</include>
    <animation effect="fade" end="50" condition="true">Conditional</animation>
  </control>
  </itemlayout>
  <focusedlayout condition="StringCompare(Window(Home).Property(TVGuide.ThumbType),2)" height="160" width="380">
  <control type="image">
    <description>Background</description>
    <include>NextAiredBackgroundBanner</include>
  </control>
  <control type="image">
    <description>Background Double</description>
    <include>NextAiredBackgroundBanner</include>
    <visible>Control.HasFocus(206)</visible>
  </control>
  <control type="image">
    <include>NextAiredThumbLogo</include>
    <animation effect="fade" end="50" condition="!Control.HasFocus(206)">Conditional</animation>
  </control>
  <control type="image">
    <include>NextAiredThumbLogo</include>
    <visible>Control.HasFocus(206)</visible>
  </control>
  </focusedlayout>
  </control>
  <control type="scrollbar" id="67">
    <include>NextAiredDefaultScrollBar</include>
    <visible>Control.HasFocus(206) | Control.HasFocus(67)</visible>
    <posy>692</posy>
    <onup>206</onup>
    <ondown>200</ondown>
    <onleft>67</onleft>
    <onright>67</onright>
  </control>
  </control>
  </control>
  </control>
		<include condition="Skin.HasSetting(nowplayingwidget)">NowPlayingWidget</include>
		<include>TopMenu_BGBlack</include>
		<include>TopMenu_TVGuide</include>
    <include>BGBlack</include>
	</controls>
</window>