﻿<!-- Aeon MQ 4 -->

<window>
	<allowoverlay>no</allowoverlay>
	  <defaultcontrol always="false">130</defaultcontrol>
	<controls>
  <control type="group">
    <posy>48</posy>
    <animation effect="slide" start="0,0" end="0,38" time="500" tween="cubic" easing="out" condition="Player.ShowInfo">conditional</animation>
    <animation type="WindowOpen" reversible="false">
    <effect type="fade" start="20" end="100" time="1000" delay="1000" />
    <effect type="slide" start="0,-480" end="0,0" time="500" delay="1000" tween="cubic" easing="out" />
  </animation>
  <animation type="WindowClose" reversible="false">
    <effect type="fade" start="100" end="0" time="400" />
    <effect type="slide" start="0,0" end="0,-480" time="400" tween="cubic" easing="out" />
  </animation>
    <animation type="Visible" reversible="false">
    <effect type="fade" start="20" end="100" time="400" delay="400" />
    <effect type="slide" start="0,-480" end="0,0" time="400" delay="400" tween="cubic" easing="out" />
  </animation>
  <animation type="Hidden" reversible="false">
    <effect type="fade" start="100" end="0" time="400" />
    <effect type="slide" start="0,0" end="0,-480" time="400" tween="cubic" easing="out" />
  </animation>
	<control type="image">
    <posx>0</posx>
    <posy>-9</posy>
    <height>340</height>
    <width>1280</width>
    <texture background="true">now_player_fullscreen.png</texture>
    <colordiffuse>$VAR[value_texturecolors]</colordiffuse>
  </control>
  <control type="image">
    <posx>0</posx>
    <posy>-78</posy>
    <width>1280</width>
    <height>110</height>
    <texture background="true">topmenu_bar.png</texture>
    <colordiffuse>$VAR[value_texturecolors]</colordiffuse>
    <animation effect="fade" end="85" condition="true">Conditional</animation>
  </control>
  <control type="label">
    <description>header label</description>
    <posx>55</posx>
    <posy>-40</posy>
    <width>1169</width>
    <height>30</height>
    <font>Font_SettingsSectionTitle</font>
    <label>31723</label>
    <align>center</align>
    <aligny>center</aligny>
  </control>
  <!-- ** Required ** Do not change <id> or <type> (Text box for lyrics) -->
  <control type="textbox" id="100">
    <description>textarea</description>
    <posx>55</posx>
    <posy>100</posy>
    <width>1169</width>
    <height>319</height>
    <align>center</align>
    <font>Font_SettingsSectionTitle</font>
    <onup>100</onup>
    <ondown>100</ondown>
    <onleft>101</onleft>
    <onright>101</onright>
    <pagecontrol>101</pagecontrol>
  </control>
  <control type="spincontrol" id="101">
    <visible>false</visible>
  </control>
  <!-- ** Required ** Do not change <id> or <type> (Smooth scrolling list for lyrics) -->
  <control type="list" id="110">
    <posx>55</posx>
    <posy>12</posy>
    <width>1169</width>
    <height>300</height>
    <onleft>130</onleft>
    <onright>111</onright>
    <onup>110</onup>
    <ondown>110</ondown>
		<viewtype label="535">list</viewtype>
		<pagecontrol>111</pagecontrol>
		<scrolltime>200</scrolltime>
  <itemlayout height="25">
  <control type="label">
    <posx>585</posx>
    <posy>0</posy>
    <width>1169</width>
    <height>25</height>
    <font>Font_SettingsMenuButton</font>
    <aligny>center</aligny>
    <align>center</align>
    <textcolor>FF929191</textcolor>
    <align>left</align>
    <info>ListItem.Label</info>
  </control>
  </itemlayout>
  <focusedlayout height="25">
  <control type="label">
    <posx>585</posx>
    <posy>0</posy>
    <width>1169</width>
    <height>25</height>
    <font>Font_SettingsMenuButton</font>
    <aligny>center</aligny>
    <align>center</align>
    <textcolor>FFFFFAF0</textcolor>
    <align>left</align>
    <info>ListItem.Label</info>
  </control>
  </focusedlayout>
  </control>
  <control type="spincontrol" id="111">
    <visible>false</visible>
  </control>
  <!-- ** Required ** Do not change <id> or <type> (Song Chooser if it gets it wrong) -->
  <control type="list" id="120">
    <viewtype label="535">list</viewtype>
    <posx>55</posx>
    <posy>12</posy>
    <width>1169</width>
    <height>300</height>
    <onleft>121</onleft>
    <onright>121</onright>
    <onup>120</onup>
    <ondown>120</ondown>
    <pagecontrol>121</pagecontrol>
    <scrolltime>200</scrolltime>
  <itemlayout height="40">
  <control type="image">
    <posx>0</posx>
    <posy>0</posy>
    <width>1169</width>
    <height>41</height>
    <texture>dialogs_setcontent_button_nofocus.png</texture>
  </control>
  <control type="label">
    <posx>35</posx>
    <posy>0</posy>
    <width>1149</width>
    <height>40</height>
    <font>Font_WeatherLabel</font>
    <align>left</align>
    <aligny>center</aligny>
    <textcolor>FF929191</textcolor>
    <info>ListItem.Label</info>
  </control>
  </itemlayout>
  <focusedlayout height="40">
  <control type="image">
    <posx>0</posx>
    <posy>0</posy>
    <width>1169</width>
    <height>41</height>
    <texture>dialogs_setcontent_button_nofocus.png</texture>
    <visible>!Control.HasFocus(120)</visible>
  </control>
  <control type="image">
    <posx>0</posx>
    <posy>0</posy>
    <width>1169</width>
    <height>41</height>
    <texture>dialogs_setcontent_button_focus.png</texture>
    <visible>Control.HasFocus(120)</visible>
  </control>
  <control type="label">
    <posx>35</posx>
    <posy>0</posy>
    <width>1149</width>
    <height>40</height>
    <font>Font_WeatherLabel</font>
    <align>left</align>
    <aligny>center</aligny>
   <textcolor>FFFFFAF0</textcolor>
    <info>ListItem.Label</info>
  </control>
  </focusedlayout>
  </control>
  <control type="spincontrol" id="121">
    <visible>false</visible>
  </control>
  <control type="label">
    <description>Scraper label</description>
    <posx>20</posx>
    <posy>-47</posy>
    <width>400</width>
    <height>30</height>
    <label>[COLOR=90929191]$LOCALIZE[31726]$INFO[Control.GetLabel(200), - ][/COLOR]</label>
    <font>Font_OSDOptions</font>
    <align>left</align>
    <aligny>center</aligny>
    <animation effect="fade" start="100" end="0" time="350" condition="System.IdleTime(12)">conditional</animation>
  </control>
  <control type="label" id="200">
    <description>Scraper label</description>
    <visible>false</visible>
  </control>
  <control type="button" id="130">
    <posx>20</posx>
    <posy>-32</posy>
    <width>400</width>
    <height>30</height>
    <onleft>101</onleft>
    <onright>110</onright>
    <align>left</align>
    <aligny>center</aligny>
    <textoffsetx>0</textoffsetx>
    <label>[COLOR=90929191]$INFO[Skin.String(LyricScript_Path)] - [/COLOR]$LOCALIZE[31725]</label>
    <font>Font_OSDOptions</font>
    <textcolor>90929191</textcolor>
    <focusedcolor>FFF8F8FF</focusedcolor>
    <texturenofocus>-</texturenofocus>
    <texturefocus>-</texturefocus>
    <onclick>Skin.SetAddon(LyricScript_Path,xbmc.python.lyrics)</onclick>
    <animation effect="fade" start="100" end="0" time="350" condition="System.IdleTime(12)">conditional</animation>
  </control>
  </control>
	</controls>
</window>