﻿<!-- Aeon MQ 4 -->

<window id="5200">
	<defaultcontrol>5211</defaultcontrol>
	<coordinates>
		<system>1</system>
		<posx>0</posx>
		<posy>0</posy>
	</coordinates>
  <controls>
  <control type="image">
    <include>FullScreenDimensions</include>
    <texture>common_black.png</texture>
    <colordiffuse>c3FFFFFF</colordiffuse>
    <include>Animation_CommonFade</include>
  </control>
  <control type="group">
  <include>Animation_DialogPopup</include>
    <posy>100</posy>
  <control type="image">
    <description>Panel</description>
    <posx>200</posx>
    <posy>40</posy>
    <width>881</width>
    <height>481</height>
    <texture>osd_settings_back.png</texture>
  </control>
  <control type="label">
    <posx>215</posx>
    <posy>72</posy>
    <width>852</width>
    <height>28</height>
    <label>Rom Collection Browser - Import Games</label>
		<font>Font_SettingsSectionTitle</font>
		<textcolor>FFbec0c2</textcolor>
    <align>center</align>
    <aligny>center</aligny>
    <include>Animation_CommonFade</include>
  </control>
  <control type="image">
    <description>separator</description>
    <posx>200</posx>
    <posy>115</posy>
    <width>851</width>
    <height>2</height>
    <texture>common_divider.png</texture>
  </control>
	
  <control type="list" id="5210">
    <hitrect x="0" y="0" w="0" h="0" />
    <posx>213.5</posx>
    <posy>140</posy>
    <width>854.5</width>
    <height>420</height>
    <itemgap>0</itemgap>
    <onleft>5210</onleft>
    <onright>5210</onright>
    <onup>5210</onup>
    <ondown>5210</ondown>
    <pagecontrol>-</pagecontrol>
    <scrolltime>0</scrolltime>
    <animation reversible="false" effect="fade" end="50" time="0" condition="Skin.HasSetting(rcb_disableRomcollections)">Conditional</animation>
    <itemlayout height="1" width="750">
    </itemlayout>
    <focusedlayout height="28" width="854.5">
  <control type="image">
    <posx>0</posx>
    <posy>0</posy>
    <width>854.5</width>
    <height>28</height>
    <texture>settings_button_nofocus.png</texture>
    <visible>![Control.HasFocus(5211) | Control.HasFocus(5212)]</visible>
  </control>
  <control type="image">
    <posx>0</posx>
    <posy>0</posy>
    <width>854.5</width>
    <height>28</height>
    <texture>settings_button_focus.png</texture>
    <visible>[Control.HasFocus(5211) | Control.HasFocus(5212)]</visible>
  </control>
  <control type="label">
    <posx>50</posx>
    <posy>4</posy>
    <width>200</width>
    <height>20</height>
    <font>Font_SettingsOptions</font>
    <textcolor>FFf5f5f5</textcolor>
    <align>left</align>
    <aligny>center</aligny>
    <label>Rom Collection</label>
    <visible>![Control.HasFocus(5211) | Control.HasFocus(5212)]</visible>
  </control>
  <control type="label">
    <posx>50</posx>
    <posy>4</posy>
    <width>200</width>
    <height>20</height>
    <font>Font_SettingsOptions</font>
    <textcolor>d0000000</textcolor>
    <align>left</align>
    <aligny>center</aligny>
    <label>Rom Collection</label>
    <visible>[Control.HasFocus(5211) | Control.HasFocus(5212)]</visible>
  </control>
  <control type="label">
    <posx>730</posx>
    <posy>4</posy>
    <width>330</width>
    <height>20</height>
    <font>Font_SettingsOptions</font>
    <textcolor>FFf5f5f5</textcolor>
    <align>right</align>
    <aligny>center</aligny>
    <label>$INFO[ListItem.Label]</label>
    <visible>![Control.HasFocus(5211) | Control.HasFocus(5212)]</visible>
  </control>
  <control type="label">
    <posx>730</posx>
    <posy>4</posy>
    <width>330</width>
    <height>20</height>
    <font>Font_SettingsOptions</font>
    <textcolor>d0000000</textcolor>
    <align>right</align>
    <aligny>center</aligny>
    <label>$INFO[ListItem.Label]</label>
    <visible>[Control.HasFocus(5211) | Control.HasFocus(5212)]</visible>
  </control>
  </focusedlayout>
  </control>
  <control type="button" id="5211">
    <description>Menu Item Next Button</description>
    <posx>955</posx>
    <posy>121</posy>
    <width>40</width>
    <height>65</height>
    <label>-</label>
    <font>-</font>
    <texturenofocus>settings_spindown.png</texturenofocus>
    <texturefocus>settings_spindown_focus.png</texturefocus>
    <onclick>Control.Move(5210,1)</onclick>
    <onleft>5300</onleft>
    <onright>5212</onright>
    <onup>5101</onup>
    <ondown>5222</ondown>
    <enable>!Skin.HasSetting(rcb_disableRomcollections)</enable>
  </control>
  <control type="button" id="5212">
    <description>Menu Item Prev Button</description>
    <posx>995</posx>
    <posy>121</posy>
    <width>40</width>
    <height>65</height>
    <label>-</label>
    <font>-</font>
    <texturenofocus>settings_spinup.png</texturenofocus>
    <texturefocus>settings_spinup_focus.png</texturefocus>
    <onclick>Control.Move(5210,-1)</onclick>
    <onleft>5211</onleft>
    <onright>5300</onright>
    <onup>5101</onup>
    <ondown>5223</ondown>
    <enable>!Skin.HasSetting(rcb_disableRomcollections)</enable>
  </control>

  <!-- Scraping mode -->
  <control type="list" id="5220">
    <hitrect x="0" y="0" w="0" h="0" />
    <posx>213.5</posx>
    <posy>168</posy>
    <width>854.5</width>
    <height>28</height>
    <onleft>5220</onleft>
    <onright>5220</onright>
    <onup>5220</onup>
    <ondown>5220</ondown>
    <pagecontrol>-</pagecontrol>
    <scrolltime>0</scrolltime>
    <itemlayout height="1" width="750">
    </itemlayout>
    <focusedlayout height="28" width="854.5">
  <control type="image">
    <posx>0</posx>
    <posy>0</posy>
    <width>854.5</width>
    <height>28</height>
    <texture>settings_button_nofocus.png</texture>
    <visible>![Control.HasFocus(5222) | Control.HasFocus(5223)]</visible>
  </control>
  <control type="image">
    <posx>0</posx>
    <posy>0</posy>
    <width>854.5</width>
    <height>28</height>
    <texture>settings_button_focus.png</texture>
    <visible>[Control.HasFocus(5222) | Control.HasFocus(5223)]</visible>
  </control>
  <control type="label">
    <posx>50</posx>
    <posy>4</posy>
    <width>200</width>
    <height>20</height>
    <font>Font_SettingsOptions</font>
    <textcolor>FFf5f5f5</textcolor>
    <align>left</align>
    <aligny>center</aligny>
    <label>Scraping mode</label>
    <visible>![Control.HasFocus(5222) | Control.HasFocus(5223)]</visible>
  </control>
  <control type="label">
    <posx>50</posx>
    <posy>4</posy>
    <width>200</width>
    <height>20</height>
    <font>Font_SettingsOptions</font>
    <textcolor>d0000000</textcolor>
    <align>left</align>
    <aligny>center</aligny>
    <label>Scraping mode</label>
    <visible>[Control.HasFocus(5222) | Control.HasFocus(5223)]</visible>
  </control>
  <control type="label">
    <posx>730</posx>
    <posy>4</posy>
    <width>330</width>
    <height>20</height>
    <font>Font_SettingsOptions</font>
    <textcolor>FFf5f5f5</textcolor>
    <align>right</align>
    <aligny>center</aligny>
    <label>$INFO[ListItem.Label]</label>
    <visible>![Control.HasFocus(5222) | Control.HasFocus(5223)]</visible>
  </control>
  <control type="label">
    <posx>730</posx>
    <posy>4</posy>
    <width>330</width>
    <height>20</height>
    <font>Font_SettingsOptions</font>
    <textcolor>d0000000</textcolor>
    <align>right</align>
    <aligny>center</aligny>
    <label>$INFO[ListItem.Label]</label>
    <visible>[Control.HasFocus(5222) | Control.HasFocus(5223)]</visible>
  </control>
  </focusedlayout>
  </control>
  <control type="button" id="5222">
    <description>Menu Item Next Button</description>
    <posx>955</posx>
    <posy>148</posy>
    <width>40</width>
    <height>65</height>
    <label>-</label>
    <font>-</font>
    <texturenofocus>settings_spindown.png</texturenofocus>
    <texturefocus>settings_spindown_focus.png</texturefocus>
    <onclick>Control.Move(5220,1)</onclick>
    <onleft>5300</onleft>
    <onright>5223</onright>
    <onup>5211</onup>
    <ondown>5330</ondown>
  </control>
  <control type="button" id="5223">
    <description>Menu Item Prev Button</description>
    <posx>995</posx>
    <posy>148</posy>
    <width>40</width>
    <height>65</height>
    <label>-</label>
    <font>-</font>
    <texturenofocus>settings_spinup.png</texturenofocus>
    <texturefocus>settings_spinup_focus.png</texturefocus>
    <onclick>Control.Move(5220,-1)</onclick>
    <onleft>5222</onleft>
    <onright>5300</onright>
    <onup>5212</onup>
    <ondown>5330</ondown>
  </control>

  <control type="radiobutton" id="5330">
    <posx>213.5</posx>
    <posy>196</posy>
    <width>854.5</width>
    <height>28</height>
    <font>Font_SettingsOptions</font>
    <label>Change scrapers for this run</label>
    <textcolor>FFf5f5f5</textcolor>
    <focusedcolor>d0000000</focusedcolor>
    <texturenofocus>settings_button_nofocus.png</texturenofocus>
    <texturefocus>settings_button_focus.png</texturefocus>
    <alttexturenofocus>settings_button_nofocus.png</alttexturenofocus>
    <alttexturefocus>settings_button_focus.png</alttexturefocus>
    <pulseonselect>true</pulseonselect>
    <include>Animation_CommonFade</include>
    <radioposx>735</radioposx>
    <onleft>5300</onleft>
    <onright>5300</onright>
    <onup>5223</onup>
    <ondown>5272</ondown>
    <onclick>Skin.ToggleSetting(rcb_overwriteImportOptions)</onclick>
  </control>
  
  <control type="group">
    <posx>213.5</posx>
    <posy>224</posy>

  <!-- Scraper 1 -->
  <control type="list" id="5270">
    <hitrect x="0" y="0" w="0" h="0" />
    <posx>0</posx>
    <posy>0</posy>
    <width>854.5</width>
    <height>28</height>
    <onleft>5272</onleft>
    <onright>5270</onright>
    <onup>5270</onup>
    <ondown>5270</ondown>
    <enable>false</enable>
    <pagecontrol>-</pagecontrol>
    <scrolltime>0</scrolltime>
    <itemlayout height="1" width="750">
    </itemlayout>
    <focusedlayout height="28" width="854.5">
  <control type="image">
    <posx>0</posx>
    <posy>0</posy>
    <width>854.5</width>
    <height>28</height>
    <texture>settings_button_nofocus.png</texture>
    <visible>![Control.HasFocus(5271) | Control.HasFocus(5272)]</visible>
  </control>
  <control type="image">
    <posx>0</posx>
    <posy>0</posy>
    <width>854.5</width>
    <height>28</height>
    <texture>settings_button_focus.png</texture>
    <visible>[Control.HasFocus(5271) | Control.HasFocus(5272)]</visible>
  </control>
  <control type="label">
    <posx>50</posx>
    <posy>4</posy>
    <width>200</width>
    <height>20</height>
    <font>Font_SettingsOptions</font>
    <textcolor>FFf5f5f5</textcolor>
    <align>left</align>
    <aligny>center</aligny>
    <label>Scraper 1</label>
    <visible>![Control.HasFocus(5271) | Control.HasFocus(5272)]</visible>
    <animation reversible="false" effect="fade" end="50" time="0" condition="!Skin.HasSetting(rcb_overwriteImportOptions)">Conditional</animation>
  </control>
  <control type="label">
    <posx>50</posx>
    <posy>4</posy>
    <width>200</width>
    <height>20</height>
    <font>Font_SettingsOptions</font>
    <textcolor>d0000000</textcolor>
    <align>left</align>
    <aligny>center</aligny>
    <label>Scraper 1</label>
    <visible>[Control.HasFocus(5271) | Control.HasFocus(5272)]</visible>
    <animation reversible="false" effect="fade" end="50" time="0" condition="!Skin.HasSetting(rcb_overwriteImportOptions)">Conditional</animation>
  </control>
  <control type="label">
    <posx>730</posx>
    <posy>4</posy>
    <width>330</width>
    <height>20</height>
    <font>Font_SettingsOptions</font>
    <textcolor>FFf5f5f5</textcolor>
    <align>right</align>
    <aligny>center</aligny>
    <label>$INFO[ListItem.Label]</label>
    <visible>![Control.HasFocus(5271) | Control.HasFocus(5272)]</visible>
    <animation reversible="false" effect="fade" end="50" time="0" condition="!Skin.HasSetting(rcb_overwriteImportOptions)">Conditional</animation>
  </control>
  <control type="label">
    <posx>730</posx>
    <posy>4</posy>
    <width>330</width>
    <height>20</height>
    <font>Font_SettingsOptions</font>
    <textcolor>d0000000</textcolor>
    <align>right</align>
    <aligny>center</aligny>
    <label>$INFO[ListItem.Label]</label>
    <visible>[Control.HasFocus(5271) | Control.HasFocus(5272)]</visible>
    <animation reversible="false" effect="fade" end="50" time="0" condition="!Skin.HasSetting(rcb_overwriteImportOptions)">Conditional</animation>
  </control>
</focusedlayout>
  </control>
  <control type="button" id="5271">
    <description>Menu Item Next Button</description>
    <posx>742</posx>
    <posy>-19</posy>
    <width>40</width>
    <height>65</height>
    <label>-</label>
    <font>-</font>
    <texturenofocus>settings_spindown.png</texturenofocus>
    <texturefocus>settings_spindown_focus.png</texturefocus>
    <onclick>Control.Move(5270,1)</onclick>
    <onleft>5300</onleft>
    <onright>5272</onright>
    <onup>5330</onup>
    <ondown>5281</ondown>
    <enable>Skin.HasSetting(rcb_overwriteImportOptions)</enable>
  </control>
  <control type="button" id="5272">
    <description>Menu Item Prev Button</description>
    <posx>782</posx>
    <posy>-19</posy>
    <width>40</width>
    <height>65</height>
    <label>-</label>
    <font>-</font>
    <texturenofocus>settings_spinup.png</texturenofocus>
    <texturefocus>settings_spinup_focus.png</texturefocus>
    <onclick>Control.Move(5270,-1)</onclick>
    <onleft>5271</onleft>
    <onright>5300</onright>
    <onup>5330</onup>
    <ondown>5282</ondown>
    <enable>Skin.HasSetting(rcb_overwriteImportOptions)</enable>
  </control>
  <!-- Scraper 2 -->
  <control type="list" id="5280">
    <hitrect x="0" y="0" w="0" h="0" />
    <posx>0</posx>
    <posy>28</posy>
    <width>854.5</width>
    <height>28</height>
    <onleft>5280</onleft>
    <onright>5280</onright>
    <onup>5280</onup>
    <ondown>5280</ondown>
    <pagecontrol>-</pagecontrol>
    <scrolltime>0</scrolltime>
    <itemlayout height="1" width="750">
    </itemlayout>
    <focusedlayout height="28" width="854.5">
  <control type="image">
    <posx>0</posx>
    <posy>0</posy>
    <width>854.5</width>
    <height>28</height>
    <texture>settings_button_nofocus.png</texture>
    <visible>![Control.HasFocus(5281) | Control.HasFocus(5282)]</visible>
  </control>
  <control type="image">
    <posx>0</posx>
    <posy>0</posy>
    <width>854.5</width>
    <height>28</height>
    <texture>settings_button_focus.png</texture>
    <visible>[Control.HasFocus(5281) | Control.HasFocus(5282)]</visible>
  </control>
  <control type="label">
    <posx>50</posx>
    <posy>4</posy>
    <width>200</width>
    <height>20</height>
    <font>Font_SettingsOptions</font>
    <textcolor>FFf5f5f5</textcolor>
    <align>left</align>
    <aligny>center</aligny>
    <label>Scraper 2</label>
    <visible>![Control.HasFocus(5281) | Control.HasFocus(5282)]</visible>
    <animation reversible="false" effect="fade" end="50" time="0" condition="!Skin.HasSetting(rcb_overwriteImportOptions)">Conditional</animation>
  </control>
  <control type="label">
    <posx>50</posx>
    <posy>4</posy>
    <width>200</width>
    <height>20</height>
    <font>Font_SettingsOptions</font>
    <textcolor>d0000000</textcolor>
    <align>left</align>
    <aligny>center</aligny>
    <label>Scraper 2</label>
    <visible>[Control.HasFocus(5281) | Control.HasFocus(5282)]</visible>
    <animation reversible="false" effect="fade" end="50" time="0" condition="!Skin.HasSetting(rcb_overwriteImportOptions)">Conditional</animation>
  </control>
  <control type="label">
    <posx>730</posx>
    <posy>4</posy>
    <width>330</width>
    <height>20</height>
    <font>Font_SettingsOptions</font>
    <textcolor>FFf5f5f5</textcolor>
    <align>right</align>
    <aligny>center</aligny>
    <label>$INFO[ListItem.Label]</label>
    <visible>![Control.HasFocus(5281) | Control.HasFocus(5282)]</visible>
    <animation reversible="false" effect="fade" end="50" time="0" condition="!Skin.HasSetting(rcb_overwriteImportOptions)">Conditional</animation>
  </control>
  <control type="label">
    <posx>730</posx>
    <posy>4</posy>
    <width>330</width>
    <height>20</height>
    <font>Font_SettingsOptions</font>
    <textcolor>d0000000</textcolor>
    <align>right</align>
    <aligny>center</aligny>
    <label>$INFO[ListItem.Label]</label>
    <visible>[Control.HasFocus(5281) | Control.HasFocus(5282)]</visible>
    <animation reversible="false" effect="fade" end="50" time="0" condition="!Skin.HasSetting(rcb_overwriteImportOptions)">Conditional</animation>
  </control>
  </focusedlayout>
  </control>
  <control type="button" id="5281">
    <description>Menu Item Next Button</description>
    <posx>742</posx>
    <posy>9</posy>
    <width>40</width>
    <height>65</height>
    <label>-</label>
    <font>-</font>
    <texturenofocus>settings_spindown.png</texturenofocus>
    <texturefocus>settings_spindown_focus.png</texturefocus>
    <onclick>Control.Move(5280,1)</onclick>
    <onleft>5300</onleft>
    <onright>5282</onright>
    <onup>5271</onup>
    <ondown>5291</ondown>
    <enable>Skin.HasSetting(rcb_overwriteImportOptions)</enable>
  </control>
  <control type="button" id="5282">
    <description>Menu Item Prev Button</description>
    <posx>782</posx>
    <posy>9</posy>
    <width>40</width>
    <height>65</height>
    <label>-</label>
    <font>-</font>
    <texturenofocus>settings_spinup.png</texturenofocus>
    <texturefocus>settings_spinup_focus.png</texturefocus>
    <onclick>Control.Move(5280,-1)</onclick>
    <onleft>5281</onleft>
    <onright>5300</onright>
    <onup>5272</onup>
    <ondown>5292</ondown>
    <enable>Skin.HasSetting(rcb_overwriteImportOptions)</enable>
  </control>
  <!-- Scraper 3 -->
  <control type="list" id="5290">
    <hitrect x="0" y="0" w="0" h="0" />
    <posx>0</posx>
    <posy>56</posy>
    <width>854.5</width>
    <height>28</height>
    <onleft>5290</onleft>
    <onright>5290</onright>
    <onup>5290</onup>
    <ondown>5290</ondown>
    <pagecontrol>-</pagecontrol>
    <scrolltime>0</scrolltime>
    <itemlayout height="1" width="750">
    </itemlayout>
    <focusedlayout height="28" width="854.5">
  <control type="image">
    <posx>0</posx>
    <posy>0</posy>
    <width>854.5</width>
    <height>28</height>
    <texture>settings_button_nofocus.png</texture>
    <visible>![Control.HasFocus(5291) | Control.HasFocus(5292)]</visible>
  </control>
  <control type="image">
    <posx>0</posx>
    <posy>0</posy>
    <width>854.5</width>
    <height>28</height>
    <texture>settings_button_focus.png</texture>
    <visible>[Control.HasFocus(5291) | Control.HasFocus(5292)]</visible>
  </control>
  <control type="label">
    <posx>50</posx>
    <posy>4</posy>
    <width>200</width>
    <height>20</height>
    <font>Font_SettingsOptions</font>
    <textcolor>FFf5f5f5</textcolor>
    <align>left</align>
    <aligny>center</aligny>
    <label>Scraper 3</label>
    <visible>![Control.HasFocus(5291) | Control.HasFocus(5292)]</visible>
    <animation reversible="false" effect="fade" end="50" time="0" condition="!Skin.HasSetting(rcb_overwriteImportOptions)">Conditional</animation>
  </control>
  <control type="label">
    <posx>50</posx>
    <posy>4</posy>
    <width>200</width>
    <height>20</height>
    <font>Font_SettingsOptions</font>
    <textcolor>d0000000</textcolor>
    <align>left</align>
    <aligny>center</aligny>
    <label>Scraper 3</label>
    <visible>[Control.HasFocus(5291) | Control.HasFocus(5292)]</visible>
    <animation reversible="false" effect="fade" end="50" time="0" condition="!Skin.HasSetting(rcb_overwriteImportOptions)">Conditional</animation>
  </control>
  <control type="label">
    <posx>730</posx>
    <posy>4</posy>
    <width>330</width>
    <height>20</height>
    <font>Font_SettingsOptions</font>
    <textcolor>FFf5f5f5</textcolor>
    <align>right</align>
    <aligny>center</aligny>
    <label>$INFO[ListItem.Label]</label>
    <visible>![Control.HasFocus(5291) | Control.HasFocus(5292)]</visible>
    <animation reversible="false" effect="fade" end="50" time="0" condition="!Skin.HasSetting(rcb_overwriteImportOptions)">Conditional</animation>
  </control>
  <control type="label">
    <posx>730</posx>
    <posy>4</posy>
    <width>330</width>
    <height>20</height>
    <font>Font_SettingsOptions</font>
    <textcolor>d0000000</textcolor>
    <align>right</align>
    <aligny>center</aligny>
    <label>$INFO[ListItem.Label]</label>
    <visible>[Control.HasFocus(5291) | Control.HasFocus(5292)]</visible>
    <animation reversible="false" effect="fade" end="50" time="0" condition="!Skin.HasSetting(rcb_overwriteImportOptions)">Conditional</animation>
  </control>
  </focusedlayout>
  </control>
  <control type="button" id="5291">
    <description>Menu Item Next Button</description>
    <posx>742</posx>
    <posy>37</posy>
    <width>40</width>
    <height>65</height>
    <label>-</label>
    <font>-</font>
    <texturenofocus>settings_spindown.png</texturenofocus>
    <texturefocus>settings_spindown_focus.png</texturefocus>
    <onclick>Control.Move(5290,1)</onclick>
    <onleft>5300</onleft>
    <onright>5292</onright>
    <onup>5281</onup>
    <ondown>5300</ondown>
    <enable>Skin.HasSetting(rcb_overwriteImportOptions)</enable>
  </control>
  <control type="button" id="5292">
    <description>Menu Item Prev Button</description>
    <posx>782</posx>
    <posy>37</posy>
    <width>40</width>
    <height>65</height>
    <label>-</label>
    <font>-</font>
    <texturenofocus>settings_spinup.png</texturenofocus>
    <texturefocus>settings_spinup_focus.png</texturefocus>
    <onclick>Control.Move(5290,-1)</onclick>
    <onleft>5291</onleft>
    <onright>5300</onright>
    <onup>5282</onup>
    <ondown>5300</ondown>
    <enable>Skin.HasSetting(rcb_overwriteImportOptions)</enable>
  </control>
  </control>
  
  <!-- Save and Cancel -->
  <control type="image">
    <posx>213.5</posx>
    <posy>450</posy>
    <width>854.5</width>
    <height>28</height>
    <texture>settings_button_nofocus.png</texture>
  </control>
  <control type="group">
    <posx>383</posx>
    <posy>478</posy>
  <control type="button" id="5300">
    <description>Import</description>
    <posx>0</posx>
    <posy>0</posy>
    <width>215</width>
    <height>30</height>
    <texture>settings_button_focus.png</texture>
    <texturefocus>settings_button_focus.png</texturefocus>
    <texturenofocus>-</texturenofocus>
    <font>Font_SettingsSectionMenuButton</font>
    <textcolor>FFf5f5f5</textcolor>
    <disabledcolor>60FFFFFF</disabledcolor>
    <focusedcolor>FFFFFFFF</focusedcolor>
    <selectedcolor>FFFFFFFF</selectedcolor>
    <align>center</align>
    <aligny>center</aligny>
    <label>Import</label>
    <textoffsetx>20</textoffsetx>
    <textoffsety></textoffsety>
    <pulseonselect></pulseonselect>
    <onup>5292</onup>
    <ondown>5101</ondown>
    <onleft>5310</onleft>
    <onright>5310</onright>
    <colordiffuse>$VAR[value_texturecolors]</colordiffuse>
    <animation effect="fade" end="80" condition="true">Conditional</animation>
    <visible>true</visible>
  </control>
  <control type="button" id="5310">
    <description>Cancel</description>
    <posx>300</posx>
    <posy>0</posy>
    <width>215</width>
    <height>30</height>
    <texture>settings_button_focus.png</texture>
    <texturefocus>settings_button_focus.png</texturefocus>
    <texturenofocus>-</texturenofocus>
    <font>Font_SettingsSectionMenuButton</font>
    <textcolor>FFf5f5f5</textcolor>
    <disabledcolor>60FFFFFF</disabledcolor>
    <focusedcolor>FFFFFFFF</focusedcolor>
    <selectedcolor>FFFFFFFF</selectedcolor>
    <align>center</align>
    <aligny>center</aligny>
    <label>Cancel</label>
    <textoffsetx>20</textoffsetx>
    <textoffsety></textoffsety>
    <pulseonselect></pulseonselect>
    <onup>5292</onup>
    <ondown>5101</ondown>
    <onleft>5300</onleft>
    <onright>5300</onright>
    <colordiffuse>$VAR[value_texturecolors]</colordiffuse>
    <animation effect="fade" end="80" condition="true">Conditional</animation>
    <visible>true</visible>
  </control>
  </control>
  <control type="image">
    <description>front glass</description>
    <posx>222</posx>
    <posy>0</posy>
    <width>869</width>
    <height>550</height>
    <texture>dialogs_setcontent_front.png</texture>
  </control>
  <control type="image">
    <description>front glass</description>
    <posx>190</posx>
    <posy>0</posy>
    <width>869</width>
    <height>550</height>
    <texture flipx="true">dialogs_setcontent_front.png</texture>
  </control>
  </control>
  </controls>
</window>