﻿<!-- Aeon MQ 4 -->

<window>
	<allowoverlay>yes</allowoverlay>
  <defaultcontrol always="true">3001</defaultcontrol>
  <controls>
  
  <control type="group"><!-- default group -->
    <include>Animation_OpenCloseZoom</include>
  
  <control type="multiimage"><!-- Fanart -->
    <include>FullScreenDimensions</include>
    <imagepath background="true" fallback="special://skin/backgrounds/default.jpg">$VAR[value_gamesfanart]</imagepath>
  </control>
  <control type="image">
    <include>FullScreenDimensions</include>
    <texture>hive_back.png</texture>
    <colordiffuse>80FFFFFF</colordiffuse>
    <visible>!Window.IsVisible(FullscreenVideo)</visible>
  </control>
  <control type="image">
    <include>FullScreenDimensions</include>
    <texture>common_black.png</texture>
    <colordiffuse>c3FFFFFF</colordiffuse>
    <visible>!Window.IsVisible(FullscreenVideo)</visible>
  </control>
  
  <control type="group">
  <control type="label"><!-- Title -->
    <posx>30</posx>
    <posy>5</posy>
    <height>40</height>
    <width>1100</width>
    <font>Font_MenuVirtualClassic</font>
    <label>$INFO[ListItem.Label]</label>
    <textcolor>FFececec</textcolor>
    <scroll>true</scroll>
    <scrollout>false</scrollout>
  </control>
  <control type="label">
    <posx>30</posx>
    <posy>55</posy>
    <width>1100</width>
    <height>25</height>
    <font>Font_Time</font>
    <label>$INFO[ListItem.Tagline]</label>
		<scroll>true</scroll>
    <scrollout>false</scrollout>
  </control>
  <control type="image">
    <posx>0</posx>
    <posy>80</posy>
    <height>340</height>
    <width>1280</width>
    <texture>common_black.png</texture>
    <colordiffuse>90FFFFFF</colordiffuse>
  </control>
  <control type="image"><!-- Star -->
    <posx>1185</posx>
    <posy>10</posy>
    <height>60</height>
    <width>60</width>
    <align>center</align>
    <aligny>center</aligny>
    <texture>star_big.png</texture>
    <colordiffuse>FF7DDDDDD</colordiffuse>
  </control>
  <control type="label">
    <posx>1185</posx>
    <posy>13</posy>
    <height>60</height>
    <width>60</width>
    <align>center</align>
    <aligny>center</aligny>
    <font>Font_WeatherLabel</font>
    <label>[B]$INFO[ListItem.Rating][/B]</label>
    <textcolor>FF101010</textcolor>
  </control>
  <control type="image">
    <posx>0</posx>
    <posy>0</posy>
    <height>80</height>
    <width>1280</width>
    <texture>multiplex_seasongradient.png</texture>
  </control>
  <control type="image">
    <posx>205</posx>
    <posy>80</posy>
    <height>170</height>
    <width>2</width>
    <texture>panel_vertical_separator.png</texture>
  </control>
  <control type="image">
    <posx>30</posx>
    <posy>136</posy>
    <height>2</height>
    <width>570</width>
    <texture>panel_horizontal_separator.png</texture>
  </control>
  <control type="image"><!-- Certification -->
		<posx>30</posx>
		<posy>89</posy>
		<height>40</height>
		<width>158</width>
		<align>cemter</align>
		<aligny>center</aligny>
		<aspectratio>keep</aspectratio>
    <texture>$VAR[Furniture_VideoRatingInfo]</texture>
  </control>
  <control type="label"><!-- Year -->
    <posx>220</posx>
    <posy>89</posy>
		<height>40</height>
		<width>110</width>
		<align>left</align>
		<aligny>center</aligny>
		<font>Font_FSInfoYear</font>
		<label>$INFO[ListItem.Property(year)]</label>
		<textcolor>FF868686</textcolor>
  </control>
  <control type="image">
    <posx>310</posx>
    <posy>80</posy>
    <height>56</height>
    <width>2</width>
    <texture>panel_vertical_separator.png</texture>
  </control>
  <control type="label"><!-- Genre -->
    <posx>326</posx>
    <posy>89</posy>
		<height>40</height>
		<width>260</width>
		<align>left</align>
		<aligny>center</aligny>
		<textcolor>FFe5e5e5</textcolor>
		<font>Font_List</font>
		<label>$INFO[ListItem.Property(genre)]</label>
		<scroll>true</scroll>
    <scrollout>false</scrollout>
  </control>
  <control type="label"><!-- Original Title/Movies - Premiered/TvShows -->
	  <posx>190</posx>
	  <posy>140</posy>
		<height>27</height>
		<width>200</width>
		<align>right</align>
		<aligny>center</aligny>
		<font>Font_MultiplexInfoLabel</font>
		<textcolor>FF868686</textcolor>
    <label>$LOCALIZE[20376]:</label>
  </control>
  <control type="label">
		<posx>220</posx>
		<posy>140</posy>
		<height>27</height>
		<width>366</width>
		<align>left</align>
		<aligny>center</aligny>
		<font>Font_MultiplexInfoLabel</font>
		<textcolor>FFececec</textcolor>
    <label fallback="161">$INFO[ListItem.Property(originaltitle)]</label>
    <scroll>true</scroll>
    <scrollout>false</scrollout>
  </control>
  <control type="label"><!-- Developer -->
	  <posx>190</posx>
	  <posy>160</posy>
		<height>27</height>
		<width>200</width>
		<align>right</align>
		<aligny>center</aligny>
		<font>Font_MultiplexInfoLabel</font>
		<textcolor>FF868686</textcolor>
    <label>$LOCALIZE[31788]:</label>
  </control>
  <control type="label">
		<posx>220</posx>
		<posy>160</posy>
		<height>27</height>
		<width>366</width>
		<align>left</align>
		<aligny>center</aligny>
		<font>Font_MultiplexInfoLabel</font>
		<textcolor>FFececec</textcolor>
    <label fallback="161">$INFO[ListItem.Property(developer)]</label>
    <scroll>true</scroll>
    <scrollout>false</scrollout>
  </control>
  <control type="label"><!-- Publisher -->
	  <posx>190</posx>
	  <posy>180</posy>
		<height>27</height>
		<width>200</width>
		<align>right</align>
		<aligny>center</aligny>
		<font>Font_MultiplexInfoLabel</font>
		<textcolor>FF868686</textcolor>
    <label>$LOCALIZE[31771]:</label>
  </control>
  <control type="label">
		<posx>220</posx>
		<posy>180</posy>
		<height>27</height>
		<width>366</width>
		<align>left</align>
		<aligny>center</aligny>
		<font>Font_MultiplexInfoLabel</font>
		<textcolor>FFececec</textcolor>
    <label fallback="161">$INFO[ListItem.Property(publisher)]</label>
    <scroll>true</scroll>
    <scrollout>false</scrollout>
  </control>
  <control type="label"><!-- Perspective -->
	  <posx>190</posx>
	  <posy>200</posy>
		<height>27</height>
		<width>200</width>
		<align>right</align>
		<aligny>center</aligny>
		<font>Font_MultiplexInfoLabel</font>
		<textcolor>FF868686</textcolor>
    <label>$LOCALIZE[31776]:</label>
  </control>
  <control type="label">
		<posx>220</posx>
		<posy>200</posy>
		<height>27</height>
		<width>366</width>
		<align>left</align>
		<aligny>center</aligny>
		<font>Font_MultiplexInfoLabel</font>
		<textcolor>FFececec</textcolor>
    <label fallback="161">$INFO[ListItem.Property(perspective)]</label>
    <scroll>true</scroll>
    <scrollout>false</scrollout>
  </control>
  <control type="label"><!-- Region -->
	  <posx>190</posx>
	  <posy>220</posy>
		<height>27</height>
		<width>200</width>
		<align>right</align>
		<aligny>center</aligny>
		<font>Font_MultiplexInfoLabel</font>
		<textcolor>FF868686</textcolor>
    <label>$LOCALIZE[20026]:</label>
  </control>
  <control type="label">
		<posx>220</posx>
		<posy>220</posy>
		<height>27</height>
		<width>366</width>
		<align>left</align>
		<aligny>center</aligny>
		<font>Font_MultiplexInfoLabel</font>
		<textcolor>FFececec</textcolor>
    <label fallback="161">$INFO[ListItem.Property(region)]</label>
    <scroll>true</scroll>
    <scrollout>false</scrollout>
  </control>
  <control type="image">
    <posx>30</posx>
    <posy>250</posy>
    <height>2</height>
    <width>570</width>
    <texture>panel_horizontal_separator.png</texture>
  </control>
  <control type="textbox"><!-- Plot -->
    <posx>30</posx>
    <posy>260</posy>
    <height>150</height>
    <width>555</width>
    <align>justify</align>
    <font>Font_MultiplexPlotSmall</font>
    <label>$INFO[ListItem.Property(plot)]</label>
    <textcolor>FFececec</textcolor>
    <autoscroll delay="8000" time="2000" repeat="8000">!Skin.HasSetting(noinfoplotscroll)</autoscroll>
  </control>
  
  <control type="image">
    <posx>600</posx>
    <posy>80</posy>
    <height>340</height>
    <width>70</width>
    <texture>common_grey.png</texture>
    <colordiffuse>55000000</colordiffuse>
  </control>
  <control type="image">
    <posx>600</posx>
    <posy>80</posy>
    <height>340</height>
    <width>2</width>
    <texture>panel_vertical_separator.png</texture>
  </control>
  <control type="image">
    <posx>670</posx>
    <posy>80</posy>
    <height>340</height>
    <width>2</width>
    <texture>panel_vertical_separator.png</texture>
  </control>
  <control type="grouplist">
  	<posx>605</posx>
		<posy>90</posy>
    <orientation>vertical</orientation>
    <itemgap>1</itemgap>
  <control type="image"><!-- Studios -->
		<height>45</height>
		<width>60</width>
		<align>center</align>
		<aligny>center</aligny>
		<colordiffuse>FFDDDDDD</colordiffuse>
    <include condition="!Skin.HasSetting(nostudiosbuiltin)">Furniture_VideoStudiosBuiltIn</include>
    <include condition="Skin.HasSetting(nostudiosbuiltin)">Furniture_VideoStudios</include>
    <visible>!IsEmpty(ListItem.Studio)</visible>
  </control>
  </control>
  <control type="image">
    <posx>600</posx>
    <posy>80</posy>
    <height>340</height>
    <width>70</width>
    <texture>flags_gradient.png</texture>
    <colordiffuse>90DDDDDD</colordiffuse>
  </control>
  <control type="image">
    <posx>670</posx>
    <posy>82</posy>
    <height>340</height>
    <width>17</width>
    <texture>panel_list_detailwide.png</texture>
  </control>
  <control type="image">
    <posx>687</posx>
    <posy>82</posy>
    <height>340</height>
    <width>563</width>
    <texture>common_grey.png</texture>
    <colordiffuse>55000000</colordiffuse>
  </control>
  <control type="image"><!-- Thumb -->
    <posx>687</posx>
    <posy>80</posy>
    <height>340</height>
    <width>563</width>
    <aspectratio align="left">keep</aspectratio>
    <texture background="true">$INFO[ListItem.Property(gameinfobig)]</texture>
    <visible>!Control.HasFocus(151)</visible>
  </control>
  <control type="image"><!-- Thumb -->
    <posx>687</posx>
    <posy>80</posy>
    <height>340</height>
    <width>563</width>
    <aspectratio align="left">keep</aspectratio>
    <texture background="true">$INFO[Container(151).ListItem.Icon]</texture>
    <visible>Control.HasFocus(151)</visible>
  </control>
  <control type="image"><!-- Thumb 1 big -->
    <posx>687</posx>
    <posy>80</posy>
    <height>340</height>
    <width>563</width>
    <aspectratio align="left">keep</aspectratio>
    <texture background="true">$INFO[ListItem.Property(gameinfoupperright)]</texture>
    <visible>![Control.HasFocus(151) | Player.Playing]</visible>
  </control>
  <control type="image" id="2710"><!-- Thumb Gameinfoupper -->
    <posx>687</posx>
    <posy>80</posy>
    <height>340</height>
    <width>563</width>
    <aspectratio align="left">keep</aspectratio>
    <texture background="true">$INFO[ListItem.Property(gameinfoupper)]</texture>
    <visible>!Control.HasFocus(151)</visible>
  </control>
  <control type="image" id="2720"><!-- Thumb Gameinfolower -->
    <posx>687</posx>
    <posy>80</posy>
    <height>340</height>
    <width>563</width>
    <aspectratio align="left">keep</aspectratio>
    <texture background="true">$INFO[ListItem.Property(gameinfolower)]</texture>
    <visible>!Control.HasFocus(151)</visible>
  </control>
  <control type="image" id="2730"><!-- Thumb Gameinfoleft -->
    <posx>687</posx>
    <posy>80</posy>
    <height>340</height>
    <width>563</width>
    <aspectratio align="left">keep</aspectratio>
    <texture background="true">$INFO[ListItem.Property(gameinfoleft)]</texture>
    <visible>!Control.HasFocus(151)</visible>
  </control>
  <control type="image" id="2740"><!-- Thumb Gameinforight -->
    <posx>687</posx>
    <posy>80</posy>
    <height>340</height>
    <width>563</width>
    <aspectratio align="left">keep</aspectratio>
    <texture background="true">$INFO[ListItem.Property(gameinforight)]</texture>
    <visible>!Control.HasFocus(151)</visible>
  </control>
  <control type="videowindow" id="2800"><!-- Video Window Small -->
    <posx>687</posx>
    <posy>80</posy>
    <height>340</height>
    <width>563</width>
    <aspectratio align="left">keep</aspectratio>
    <visible>![IsEmpty(ListItem.Property(videosizesmall)) | Control.HasFocus(151)]</visible>
  </control>
  <control type="button"><!-- click absorber -->
    <description>click absorber</description>
    <posx>687</posx>
    <posy>80</posy>
    <height>340</height>
    <width>563</width>
    <texturefocus></texturefocus>
    <texturenofocus></texturenofocus>
    <visible>!IsEmpty(ListItem.Property(videosizesmall)) + !Control.HasFocus(151)</visible>
  </control>
  <control type="videowindow"><!-- Video Window Big -->
    <description>video control</description>
    <posx>687</posx>
    <posy>80</posy>
    <height>340</height>
    <width>563</width>
    <aspectratio align="left">keep</aspectratio>
    <visible>!IsEmpty(ListItem.Property(videosizebig))</visible>
  </control>
  <control type="button"><!-- click absorber -->
    <posx>687</posx>
    <posy>80</posy>
    <height>340</height>
    <width>563</width>
    <texturefocus></texturefocus>
    <texturenofocus></texturenofocus>
    <visible>!IsEmpty(ListItem.Property(videosizebig))</visible>
  </control>
  <control type="image">
    <posx>687</posx>
    <posy>80</posy>
    <height>340</height>
    <width>2</width>
    <texture>panel_vertical_separator.png</texture>
  </control>
  <control type="image">
    <posx>0</posx>
    <posy>80</posy>
    <height>2</height>
    <width>1280</width>
    <texture>panel_horizontal_separator.png</texture>
  </control>
  <control type="image">
    <posx>0</posx>
    <posy>420</posy>
    <height>2</height>
    <width>1280</width>
    <texture>panel_horizontal_separator.png</texture>
  </control>
  
  <!-- Game List -->
  <control type="group" id="1000">
  <control type="wraplist" id="59">
    <posx>550</posx>
    <posy>10</posy>
    <height>60</height>
    <width>635</width>
    <onleft>1000</onleft>
    <onright>1000</onright>
    <onup>3000</onup>
    <ondown>3000</ondown>
    <scrolltime>200</scrolltime>
  </control>
  </control>
  <control type="image">
    <posx>0</posx>
    <posy>465</posy>
    <height>195</height>
    <width>1280</width>
    <texture>common_black.png</texture>
    <animation effect="fade" end="80" condition="true">conditional</animation>
  </control>
    <control type="list" id="151">
    <viewtype label="">List</viewtype>
    <posx>0</posx>
    <posy>471.5</posy>
    <width>1280</width>
    <height>220</height>
    <onup>3001</onup>
    <ondown>SetFocus(160)</ondown>
    <orientation>horizontal</orientation>
    <scrolltime>350</scrolltime>
    <focusposition>3</focusposition>
    <movement>2</movement>
  <itemlayout height="170" width="300">
   <control type="image">
    <posx>0</posx>
    <posy>5</posy>
    <width>300</width>
    <height>180</height>
    <aligny>center</aligny>
    <align>center</align>
    <aspectratio>keep</aspectratio>
    <colordiffuse>70FFFFFF</colordiffuse>
    <texture background="true">$INFO[ListItem.Icon]</texture>
  </control>
  </itemlayout>
  <focusedlayout height="170" width="300">
  <control type="image">
    <posx>0</posx>
    <posy>5</posy>
    <width>300</width>
    <height>180</height>
    <aligny>center</aligny>
    <align>center</align>
    <aspectratio>keep</aspectratio>
    <texture background="true">$INFO[ListItem.Icon]</texture>
    <animation effect="fade" start="100" end="70" time="0" condition="!Control.Hasfocus(151)">conditional</animation>
  </control>
  </focusedlayout>
  <content>
  <item id="2400"><!-- game image 1 -->
    <icon>$INFO[ListItem.Property(gameinfoupperright)]</icon>
    <label>31924</label>
    <onclick>-</onclick>
  </item>
  <item id="2500"><!-- game image 2 -->
    <icon>$INFO[ListItem.Property(gameinfolowerright)]</icon>
    <label>31925</label>
    <onclick>-</onclick>
  </item>
  <item id="2600"><!-- game image 3 -->
    <icon>$INFO[ListItem.Property(gameinfolowerleft)]</icon>
    <label>31926</label>
    <onclick>-</onclick>
  </item>
  <item id="2700"><!-- game image 4 -->
    <icon>$INFO[ListItem.Property(gameinfoupperleft)]</icon>
    <label>31927</label>
    <onclick>-</onclick>
  </item>
  </content>
  </control>
  <control type="image">
    <posx>0</posx>
    <posy>678</posy>
    <height>43</height>
    <width>1280</width>
    <texture>common_black.png</texture>
    <colordiffuse>90FFFFFF</colordiffuse>
  </control>
  <control type="image">
    <posx>-150</posx>
    <posy>677</posy>
    <width>350</width>
    <height>23</height>
    <texture flipy="true">osd_trailer_pause.png</texture>
    <colordiffuse>FF848484</colordiffuse>
  </control>
  <control type="label">
	  <posx>30</posx>
	  <posy>673</posy>
		<width>400</width>
		<height>27</height>
		<align>left</align>
		<aligny>center</aligny>
		<textcolor>FF404040</textcolor>
		<font>Font_MultiplexInfoLabel</font>
		<label>31789</label>
		<textcolor>FF868686</textcolor>
  </control>
  <control type="image">
    <posx>0</posx>
    <posy>451</posy>
    <width>1280</width>
    <height>18</height>
    <texture>game_roll.png</texture>
    <colordiffuse>FF848484</colordiffuse>
  </control>
  <control type="image">
    <posx>0</posx>
    <posy>660</posy>
    <width>1280</width>
    <height>18</height>
    <texture>game_roll.png</texture>
    <colordiffuse>FF848484</colordiffuse>
  </control>
  <control type="label">
    <posx>315</posx>
    <posy>698</posy>
    <width>650</width>
    <align>center</align>
    <aligny>center</aligny>
    <label>$INFO[Container(151).ListItem.Label]</label>
    <font>Font_List</font>
    <textcolor>FFe5e5e5</textcolor>
    <scroll>true</scroll>
    <scrollout>false</scrollout>
    <visible>Control.HasFocus(151)</visible>
  </control>
  <control type="image">
    <posx>0</posx>
    <posy>678</posy>
    <height>43</height>
    <width>1280</width>
    <texture>multiplex_seasongradient.png</texture>
  </control>
  
  <!-- Menu bar -->
  <control type="group">
    <posx>0</posx>
    <posy>405</posy>
  <control type="image">
    <posx>0</posx>
    <posy>0</posy>
    <height>66</height>
    <width>1280</width>
    <texture background="true">topmenu_bar.png</texture>
    <animation effect="fade" end="75" condition="true">Conditional</animation>
  </control>
    <control type="group">
    <posx>0</posx>
    <posy>19.5</posy>
  <control type="list" id="3001">
    <posx>0</posx>
    <posy>0</posy>
    <width>1280</width>
    <height>25</height>
    <onup>9900</onup>
    <ondown>151</ondown>
    <orientation>horizontal</orientation>
    <pagecontrol>-</pagecontrol>
    <scrolltime>300</scrolltime>
    <focusposition>0</focusposition>
  <itemlayout height="25" width="640">
  <control type="image">
    <posx>0</posx>
    <posy>0</posy>
    <width>1</width>
    <height>25</height>
    <texture>panel_vertical_separator.png</texture>
  </control>
  <control type="label">
    <posx>320</posx>
    <posy>0</posy>
    <height>25</height>
    <width>640</width>
    <align>center</align>
    <aligny>center</aligny>
		<font>Font_MultiplexPlotTips</font>
    <label>[UPPERCASE]$INFO[ListItem.Label][/UPPERCASE]</label>
    <textcolor>48FFFFFF</textcolor>
  </control>
  </itemlayout>
  <focusedlayout height="25" width="640">
  <control type="image">
    <posx>0</posx>
    <posy>0</posy>
    <width>640</width>
    <height>25</height>
    <texture background="true">settings_button_focus.png</texture>
    <visible>Control.Hasfocus(3001)</visible>
  </control>
  <control type="image">
    <posx>0</posx>
    <posy>0</posy>
    <width>1</width>
    <height>25</height>
    <texture>panel_vertical_separator.png</texture>
  </control>
  <control type="label">
    <posx>320</posx>
    <posy>0</posy>
    <height>25</height>
    <width>640</width>
    <align>center</align>
    <aligny>center</aligny>
		<font>Font_MultiplexPlotTips</font>
    <label>[UPPERCASE]$INFO[ListItem.Label][/UPPERCASE]</label>
    <textcolor>FF101010</textcolor>
    <visible>Control.Hasfocus(3001)</visible>
  </control>
  <control type="label">
    <posx>320</posx>
    <posy>0</posy>
    <height>25</height>
    <width>640</width>
    <align>center</align>
    <aligny>center</aligny>
		<font>Font_MultiplexPlotTips</font>
    <label>[UPPERCASE]$INFO[ListItem.Label][/UPPERCASE]</label>
    <textcolor>48FFFFFF</textcolor>
    <visible>!Control.Hasfocus(3001)</visible>
  </control>
  </focusedlayout>
  <content>
  <item id="1"><!-- Run game -->
    <label>31790</label>
    <onclick>SendClick(3000)</onclick>
  </item>
  <item id="2"><!-- Play Video -->
    <label>31793</label>
    <onclick>PlayMedia($INFO[ListItem.Property(gameplayinfo)],1)</onclick>
    <visible>!IsEmpty(ListItem.Property(gameplayinfo))</visible>
  </item>
  </content>
  </control>
  </control>
  </control>
  <control type="button" id="160">
    <onup>SetFocus(151)</onup>
    <ondown>SetFocus(151)</ondown>
    <onleft>SetFocus(151)</onleft>
    <onright>SetFocus(151)</onright>
  <include>InvisibleButton</include>
  </control>
  <control type="image">
    <include>FullScreenDimensions</include>
    <texture>common_grey.png</texture>
    <animation effect="fade" start="0" end="100" time="200">Visible</animation>
    <animation effect="fade" start="100" end="0" time="400">Hidden</animation>
    <visible>Control.HasFocus(160)</visible>
  </control>
  <control type="image">
    <include>FullScreenDimensions</include>
    <texture background="true">hive_back.png</texture>
    <animation effect="fade" start="0" end="100" time="200">Visible</animation>
    <animation effect="fade" start="100" end="0" time="400">Hidden</animation>
    <visible>Control.HasFocus(160)</visible>
  </control>
  <control type="image">
    <description>Cover image</description>
    <posx>-1280</posx>
    <posy>47</posy>
    <width>1280</width>
    <height>640</height>
    <texture background="true">$INFO[Container(151).ListItem.Icon]</texture>
    <aspectratio>keep</aspectratio>
    <fadetime>FanartCrossfadeTime</fadetime>
    <animation effect="slide" start="0,0" end="1280,0" time="400" tween="cubic" easing="inout" condition="Control.HasFocus(160)">Conditional</animation>
    <animation effect="slide" start="0,0" end="0,-25" time="600" delay="1000" tween="cubic" easing="inout" condition="Control.HasFocus(160)">Conditional</animation>
  </control>
  <control type="group">
    <visible>Control.HasFocus(160)</visible>
    <animation effect="slide" start="0,0" end="0,-80" time="600" delay="1000" tween="cubic" easing="inout" condition="Control.HasFocus(160)">Conditional</animation>
  <control type="image">
    <posx>0</posx>
    <posy>760</posy>
    <height>40</height>
    <width>1280</width>
    <texture>common_black.png</texture>
    <colordiffuse>95000000</colordiffuse>
  </control>
  <control type="label">
    <posx>0</posx>
    <posy>760</posy>
    <height>40</height>
    <width>1280</width>
    <align>center</align>
    <aligny>center</aligny>
    <label>$INFO[Container(151).ListItem.Label]</label>
    <font>Font_List</font>
    <textcolor>FFe5e5e5</textcolor>
    <scroll>true</scroll>
    <scrollout>false</scrollout>
  </control>
  <control type="image">
    <posx>0</posx>
    <posy>760</posy>
    <height>40</height>
    <width>1280</width>
    <texture>multiplex_seasongradient.png</texture>
  </control>
  </control>
  <control type="label" id="4000">
    <description>Messages</description>
    <posx>10</posx>
    <posy>560</posy>
    <width>680</width>
    <height>10</height>
    <align>left</align>
    <label></label>
		<textcolor>FFbec0c2</textcolor>
		<font>Font_SettingsSectionTitle</font>
    <scroll>true</scroll>
  </control>
  </control>
  </control>
  </controls>
  </window>