﻿<!-- Aeon MQ 4 -->

<window id="5100">
	<defaultcontrol>5110</defaultcontrol>
		<zorder>3</zorder>
	<coordinates>
		<system>1</system>
		<posx>0</posx>
		<posy>0</posy>
	</coordinates>
	<controls>
	<control type="image">
    <include>FullScreenDimensions</include>
    <texture>common_black.png</texture>
    <colordiffuse>c3FFFFFF</colordiffuse>
    <include>Animation_CommonFade</include>
  </control>
  <control type="group">
  	<posx>410</posx>
		<posy>80</posy>
  <animation type="WindowOpen" reversible="false">
		<effect type="zoom" start="80" end="100" center="144,214" easing="out" tween="back" time="300" />
		<effect type="fade" start="0" end="100" time="300" />
	</animation>
	<animation type="WindowClose" reversible="false">
		<effect type="zoom" start="100" end="80" center="144,214" easing="in" tween="back" time="300" />
		<effect type="fade" start="100" end="0" time="300" />
	</animation>
	<control type="image">
    <description>background top image</description>
    <posx>-2</posx>
    <posy>0</posy>
    <width>463</width>
    <height>26</height>
    <texture>dialogs_context_top.png</texture>
  </control>
  <control type="image">
    <description>background bottom image</description>
    <posx>-2</posx>
    <posy>570</posy>
    <width>463</width>
    <height>27</height>
    <texture>dialogs_context_bottom.png</texture>
  </control>
  <control type="grouplist" id="996">
  	<posx>0</posx>
		<posy>26</posy>
		<itemgap>0</itemgap>
    <onleft>Close</onleft>
    <onright>Close</onright>
    <itemgap>0</itemgap>
  <control type="button" id="5110"><!-- import games -->
    <include>DialogContext_Button</include>
    <label>31777</label>
  </control>
  <control type="button" id="5121"><!-- rescrape game -->
    <include>DialogContext_Button</include>
    <label>31930</label>
  </control>
  <control type="button" id="5122"><!-- rescrape selection -->
    <include>DialogContext_Button</include>
    <label>31931</label>
  </control>
  <control type="button" id="5111"><!-- add rom collection -->
    <include>DialogContext_Button</include>
    <label>31778</label>
  </control>
  <control type="button" id="5112"><!-- edit rom collection -->
    <include>DialogContext_Button</include>
    <label>31779</label>
    <onclick>PlayerControl(stop)</onclick>
  </control>
  <control type="button" id="5117"><!-- edit offline scraper -->
    <include>DialogContext_Button</include>
    <label>31780</label>
  </control>
  <control type="button" id="5113"><!-- edit command -->
    <include>DialogContext_Button</include>
    <label>31781</label>
  </control>
  <control type="button" id="5118"><!-- game as favorite -->
    <include>DialogContext_Button</include>
    <label>31782</label>
  </control>
  <control type="button" id="5119"><!-- selection as favorite -->
    <include>DialogContext_Button</include>
    <label>31783</label>
  </control>
  <control type="button" id="5120"><!-- export nfo files -->
    <include>DialogContext_Button</include>
    <label>31932</label>
  </control>
  <control type="button" id="5114"><!-- delete rom -->
    <include>DialogContext_Button</include>
    <label>31784</label>
  </control>
  <control type="button" id="5115"><!-- delete rom collection -->
    <include>DialogContext_Button</include>
    <label>31785</label>
  </control>
  <control type="button" id="5116"><!-- clean database -->
    <include>DialogContext_Button</include>
    <label>31786</label>
	</control>
  <control type="button" id="5223"><!-- open settings -->
    <include>DialogContext_Button</include>
    <label>31933</label>
  </control>
  </control>
  </control>
  </controls>
  </window>