﻿<!-- Aeon MQ 4 -->

<window id="34">
	<defaultcontrol>9000</defaultcontrol>
	<allowoverlay>no</allowoverlay>
  <controls>
  <control type="image">
    <include>AnimatedBG</include>
    <texture background="true">$VAR[value_settingsbg]</texture>
  </control>
    <include>LiveBG</include>
  <control type="group">
    <include>Animation_OpenCloseWindow</include>
  <control type="image">
    <posx>23</posx>
    <posy>23</posy>
    <width>1233</width>
    <height>673</height>
    <texture background="true">settings_panelback.png</texture>
  </control>
  <control type="label">
    <include>SettingsSectionTitle</include>
    <label>31202</label>
  </control>
  <control type="label">
    <include>SettingsContentTitle</include>
    <label>31370</label>
  </control>
  
  <control type="list" id="9000">
    <posx>42.5</posx>
    <posy>120</posy>
    <height>600</height>
    <width>249</width>
    <onup>9000</onup>
    <ondown>9000</ondown>
    <onleft condition="Window.Previous(4)">ActivateWindow(4)</onleft>
    <onleft condition="Window.Previous(Home)">ActivateWindow(Home)</onleft>
    <onright condition="Container(9000).HasFocus(5)">9001</onright>
    <onright condition="Container(9000).HasFocus(6)">2</onright>
    <viewtype>list</viewtype>
    <orientation>vertical</orientation>
    <focusposition>5</focusposition>
    <scrolltime>450</scrolltime>
    <movement>2</movement>
  <itemlayout width="216" height="54">
  <control type="label">
    <include>SettingsButtonLabel</include>
    <label>$INFO[ListItem.Label]</label>
    <textcolor>FFf5f5f5</textcolor>
  </control>
  <control type="label">
    <include>SettingsButtonSubtitle</include>
    <label>$INFO[ListItem.Label2]</label>
    <textcolor>FFf5f5f5</textcolor>
  </control>
  </itemlayout>
  <focusedlayout width="216" height="54">
  <control type="image">
    <include>SettingsButtonImage</include>
    <animation effect="fade" start="100" end="50" time="0" condition="!Control.Hasfocus(9000)">conditional</animation>
  </control>
  <control type="label">
    <include>SettingsButtonLabel</include>
    <label>$INFO[ListItem.Label]</label>
    <textcolor>FF101010</textcolor>
  </control>
  <control type="label">
    <include>SettingsButtonSubtitle</include>
    <label>$INFO[ListItem.Label2]</label>
    <textcolor>FF101010</textcolor>
  </control>
  </focusedlayout>
  <content>
  <item id="5"><!-- Login Options -->
    <label>31369</label>
    <label2>31372</label2>
    <icon>-</icon>
    <onclick>SetFocus(55)</onclick>
  </item>
  <item id="6"><!-- User Options -->
    <label>31373</label>
    <label2>31374</label2>
    <icon>-</icon>
    <onclick>SetFocus(9001)</onclick>
  </item>
  </content>
  </control>
	<control type="image">
    <description>front pane for Settings panel</description>
    <posx>42</posx>
    <posy>28</posy>
    <width>1196</width>
    <height>651</height>
    <texture background="true">settings_panelfront.png</texture>
	</control>
	
  <control type="grouplist" id="9001">
    <include>DefaultControlDimensions</include>
    <itemgap>0</itemgap>
    <onup>2</onup>
    <ondown>2</ondown>
    <onleft>9000</onleft>
    <onright>9000</onright>
    <control type="radiobutton" id="4">
    <label>31372</label>
    <visible>Container(9000).HasFocus(5)</visible>
  </control>
  </control>
  <control type="list" id="2">
    <include>DefaultControlDimensions</include>
    <onleft>9000</onleft>
    <onright>9000</onright>
    <animation effect="fade" start="0" end="100" time="125">WindowOpen</animation>
    <animation effect="fade" start="100" end="0" time="125">WindowClose</animation>
    <onup>4</onup>
    <ondown>4</ondown>
    <scrolltime>0</scrolltime>
    <viewtype label="$LOCALIZE[535] 2">list</viewtype>
    <pagecontrol>60</pagecontrol>
    <visible>Container(9000).HasFocus(6)</visible>
  <itemlayout height="49">
  <control type="image">
    <posx>0</posx>
    <posy>0</posy>
    <width>936</width>
    <height>49</height>
    <texture>settings_radiobuttonoff.png</texture>
  </control>
  <control type="label">
    <posx>50</posx>
    <posy>0</posy>
    <width>936</width>
    <height>49</height>
    <font>Font_SettingsOptions</font>
    <aligny>center</aligny>
    <textcolor>FF939597</textcolor>
    <align>left</align>
    <aligny>center</aligny>
    <label>$INFO[ListItem.Label] ($INFO[ListItem.Label2])</label>
    <visible>!IsEmpty(ListItem.Label2)</visible>
  </control>
  <control type="label">
    <posx>50</posx>
    <posy>0</posy>
    <width>936</width>
    <height>49</height>
    <font>Font_SettingsOptions</font>
    <aligny>center</aligny>
    <textcolor>FF939597</textcolor>
    <align>left</align>
    <aligny>center</aligny>
    <label>$INFO[ListItem.Label]</label>
    <visible>IsEmpty(ListItem.Label2)</visible>
  </control>
  </itemlayout>
  <focusedlayout height="49">
  <control type="image">
    <posx>0</posx>
    <posy>0</posy>
    <width>936</width>
    <height>49</height>
    <texture>settings_radiobuttonoff.png</texture>
    <visible>!Control.HasFocus(2)</visible>
  </control>
  <control type="image">
    <posx>0</posx>
    <posy>0</posy>
    <width>936</width>
    <height>49</height>
    <texture>settings_radiobuttonofffocus.png</texture>
    <visible>!Control.HasFocus(4) + Control.HasFocus(2)</visible>
  </control>
  <control type="label">
    <posx>50</posx>
    <posy>0</posy>
    <width>936</width>
    <height>49</height>
    <font>Font_SettingsOptions</font>
    <aligny>center</aligny>
    <textcolor>FFFFFFFF</textcolor>
    <align>left</align>
    <aligny>center</aligny>
    <label>$INFO[ListItem.Label] ($INFO[ListItem.Label2])</label>
    <visible>!IsEmpty(ListItem.Label2)</visible>
  </control>
  <control type="label">
    <posx>50</posx>
    <posy>0</posy>
    <width>936</width>
    <height>49</height>
    <font>Font_SettingsOptions</font>
    <aligny>center</aligny>
    <textcolor>FFFFFFFF</textcolor>
    <align>left</align>
    <aligny>center</aligny>
    <label>$INFO[ListItem.Label]</label>
    <visible>IsEmpty(ListItem.Label2)</visible>
  </control>
  </focusedlayout>
  </control>
	<control type="image">
    <description>front pane for Settings panel</description>
    <posx>42</posx>
    <posy>28</posy>
    <width>1196</width>
    <height>651</height>
    <texture background="true">settings_panelfront.png</texture>
  </control>
  </control>
		<include>BGBlack</include>
	</controls>
</window>