﻿<!-- Aeon MQ 4 -->

<window id="7">
	<defaultcontrol always="true">95</defaultcontrol>
	<allowoverlay>yes</allowoverlay>
	<controls>
  <control type="image">
    <include>AnimatedBG</include>
    <texture background="true">$VAR[value_settingsbg]</texture>
    <info background="true">Skin.String(CustomSettings_Background)</info>
  </control>
    <include>LiveBG</include>
  <control type="group">
    <include>Animation_OpenCloseWindow</include>
  <control type="image">
    <posx>23</posx>
    <posy>23</posy>
    <width>1233</width>
    <height>673</height>
    <texture background="true">settings_panelback.png</texture>
  </control>
  <control type="image">
    <posx>234</posx>
    <posy>41</posy>
    <width>1035</width>
    <height>637</height>
    <texture background="true">settings_frame_bottom.png</texture>
	</control>
  <control type="image">
    <include>VirtualBGDimensions</include>
    <texture background="true">extras/screens/settings_systeminfo.jpg</texture>
  </control>
  <control type="image">
    <include>VirtualBGDimensions</include>
    <texture>common_black.png</texture>
    <colordiffuse>c3FFFFFF</colordiffuse>
    <animation effect="fade" end="85" condition="true">Conditional</animation>
  </control>
  <control type="label">
    <description>sectiontitle</description>
    <label>31202</label>
    <include>SettingsSectionTitle</include>
  </control>
  <control type="grouplist" id="9000">
    <include>ButtonGroupXBMCDimensions</include>
    <itemgap>0</itemgap>
    <onup>9000</onup>
    <ondown>9000</ondown>
  <control type="button" id="95">
    <description>Button Default Values</description>
    <include>SettingsAddonSectionButton</include>
    <label>20037</label>
  </control>
  <control type="button" id="94">
    <description>Button Storage</description>
    <include>SettingsAddonSectionButton</include>
    <label>13277</label>
  </control>
  <control type="button" id="92">
    <description>Button HDD</description>
    <include>SettingsAddonSectionButton</include>
    <label>13275</label>
    <visible>System.Platform.Xbox</visible>
  </control>
  <control type="button" id="93">
    <description>Button DVD</description>
    <include>SettingsAddonSectionButton</include>
    <label>13276</label>
    <visible>System.Platform.Xbox</visible>
  </control>
  <control type="button" id="96">
    <description>Button Network</description>
    <include>SettingsAddonSectionButton</include>
    <label>13279</label>
  </control>
  <control type="button" id="97">
    <description>Button Video</description>
    <include>SettingsAddonSectionButton</include>
    <label>13280</label>
  </control>
  <control type="button" id="98">
    <description>Button Hardware</description>
    <include>SettingsAddonSectionButton</include>
    <label>13281</label>
  </control>
  <control type="button" id="99">
    <description>Button PVR</description>
    <include>SettingsAddonSectionButton</include>
    <label>19191</label>
  </control>
  </control>
  <control type="label" id="40">
    <posx>400</posx>
    <include>SettingsContentTitle</include>
    <label>-</label>
  </control>
  <control type="group">
    <posx>400</posx>
    <posy>150</posy>
  <control type="label" id="2">
    <description>Label 2</description>
    <posx>0</posx>
    <posy>0</posy>
    <width>1370</width>
    <label>-</label>
    <font>Font_SettingsOptions</font>
  </control>
  <control type="label" id="3">
    <description>Label 3</description>
    <posx>0</posx>
    <posy>37</posy>
    <width>1370</width>
    <label>-</label>
    <font>Font_SettingsOptions</font>
  </control>
  <control type="label" id="4">
    <description>Label 4</description>
    <posx>0</posx>
    <posy>70</posy>
    <width>1370</width>
    <label>-</label>
    <font>Font_SettingsOptions</font>
  </control>
  <control type="label" id="5">
    <description>Label 5</description>
    <posx>0</posx>
    <posy>105</posy>
    <width>1370</width>
    <label>-</label>
    <font>Font_SettingsOptions</font>
  </control>
  <control type="label" id="6">
    <description>Label 6</description>
    <posx>0</posx>
    <posy>140</posy>
    <width>1370</width>
    <label>-</label>
    <font>Font_SettingsOptions</font>
  </control>
  <control type="label" id="7">
    <description>Label 7</description>
    <posx>0</posx>
    <posy>175</posy>
    <width>1370</width>
    <label>-</label>
    <font>Font_SettingsOptions</font>
  </control>
  <control type="label" id="8">
    <description>Label 8</description>
    <posx>0</posx>
    <posy>210</posy>
    <width>1370</width>
    <label>-</label>
    <font>Font_SettingsOptions</font>
  </control>
  <control type="label" id="9">
    <description>Label 9</description>
    <posx>0</posx>
    <posy>245</posy>
    <width>1370</width>
    <label>-</label>
    <font>Font_SettingsOptions</font>
  </control>
  <control type="label" id="10">
    <description>Label 10</description>
    <posx>0</posx>
    <posy>280</posy>
    <width>1370</width>
    <label>-</label>
    <font>Font_SettingsOptions</font>
  </control>
  <control type="label" id="11">
    <description>Label 11</description>
    <posx>0</posx>
    <posy>315</posy>
    <width>1370</width>
    <label>-</label>
    <font>Font_SettingsOptions</font>
  </control>
  <control type="label">
    <description>system info label</description>
    <posx>0</posx>
    <posy>400</posy>
    <textcolor>FFbec0c2</textcolor>
    <font>Font_SettingsSectionTitle</font>
    <label>130</label>
  </control>
  <control type="label" id="52">
    <description>XBMC Version</description>
    <posx>0</posx>
    <posy>440</posy>
    <width>800</width>
    <label></label>
    <textcolor>$VAR[value_headercolors]</textcolor>
    <font>Font_SettingsOptions</font>
  </control>
  <control type="label">
    <description>XBMC PVR</description>
    <posx>0</posx>
    <posy>460</posy>
    <width>800</width>
    <label>$VAR[value_pvrstatus]</label>
    <textcolor>$VAR[value_headercolors]</textcolor>
    <font>Font_SettingsOptions</font>
  </control>
  <control type="label">
    <description>Skin Name</description>
    <posx>0</posx>
    <posy>480</posy>
    <width>800</width>
    <label>$LOCALIZE[31000] - $VAR[SkinVersion]</label>
    <font>Font_SettingsOptions</font>
    <textcolor>$VAR[value_headercolors]</textcolor>
  </control>
  </control>
	<control type="image">
    <description>front pane for Settings panel</description>
    <posx>42</posx>
    <posy>28</posy>
    <width>1196</width>
    <height>651</height>
    <texture background="true">settings_panelfront.png</texture>
	</control>
	<control type="image">
    <description>top pane for Settings panel</description>
    <posx>330</posx>
    <posy>43</posy>
    <width>845</width>
    <height>634</height>
    <texture background="true">settings_frame_top.png</texture>
	</control>
  </control>
	</controls>
</window>