﻿<!-- Aeon MQ 4 -->

<window id="137">
	<defaultcontrol always="true">15</defaultcontrol>
	<coordinates>
		<system>1</system>
		<posx>0</posx>
		<posy>0</posy>
	</coordinates>
	  <include>Animation_DialogPopup</include>
	<controls>
	<control type="group">
  <posx>216</posx>
  <posy>196</posy>
  <width>847</width>
  <height>328</height>
  <control type="image">
    <description>background image</description>
    <posx>0</posx>
    <posy>0</posy>
    <width>861</width>
    <height>316</height>
    <texture>dialogs_scrapersettings_back.png</texture>
  </control>
  <control type="label">
    <description>heading label</description>
    <posx>0</posx>
    <posy>40</posy>
    <width>692</width>
    <align>center</align>
    <font>Font_WeatherTitle</font>
    <label>21421</label>
  </control>
  <control type="label" id="0">
    <description>Rule match label</description>
    <posx>25</posx>
    <posy>75</posy>
    <width>480</width>
    <font>Font_SettingsOptions</font>
    <textcolor>60ffffff</textcolor>
    <label>21422</label>
  </control>
  <control type="group" id="9001">
  <control type="spincontrolex" id="15">
    <description>Rule Field</description>
    <posx>13</posx>
    <posy>110</posy>
    <width>328</width>
    <height>41</height>
    <font>Font_SettingsOptions</font>
    <textcolor>FFbbbbbb</textcolor>
    <focusedcolor>FF101010</focusedcolor>
    <disabledcolor>60ffffff</disabledcolor>
    <texturefocus>settings_button_focus.png</texturefocus>
    <spinposx>-4</spinposx>
    <textoffsetx>20</textoffsetx>
    <aligny>center</aligny>
    <reverse>yes</reverse>
    <onright>16</onright>
    <onleft>16</onleft>
    <onup>9000</onup>
    <ondown>17</ondown>
  </control>
  <control type="spincontrolex" id="16">
    <description>Rule operator</description>
    <posx>346</posx>
    <posy>110</posy>
    <width>336</width>
    <height>41</height>
    <font>Font_SettingsOptions</font>
    <textcolor>FFbbbbbb</textcolor>
    <focusedcolor>FF101010</focusedcolor>
    <disabledcolor>60ffffff</disabledcolor>
    <texturefocus>settings_button_focus.png</texturefocus>
    <spinposx>-4</spinposx>
    <textoffsetx>20</textoffsetx>
    <aligny>center</aligny>
    <reverse>yes</reverse>
    <onright>9000</onright>
    <onleft>15</onleft>
    <onup>9000</onup>
    <ondown>17</ondown>
  </control>
  </control>
  <control type="button" id="17">
    <description>Value Button</description>
    <textoffsetx>12</textoffsetx>
    <posx>28</posx>
    <posy>202</posy>
    <width>653</width>
    <height>44</height>
    <font>Font_SettingsOptions</font>
    <align>center</align>
    <aligny>center</aligny>
    <texturefocus>-</texturefocus>
    <texturenofocus></texturenofocus>
    <label>-</label>
    <onup>9001</onup>
    <onleft>17</onleft>
    <onright>20</onright>
    <ondown>17</ondown>
  </control>
  <control type="image">
    <posx>28</posx>
    <posy>199</posy>
    <width>635</width>
    <height>52</height>
    <texture>dialogs_addsource_highlight.png</texture>
    <colordiffuse>d0708090</colordiffuse>
    <visible>!Control.HasFocus(17)</visible>
  </control>
  <control type="image">
    <posx>28</posx>
    <posy>199</posy>
    <width>635</width>
    <height>52</height>
    <texture>dialogs_addsource_highlight.png</texture>
    <include>Animation_CommonFade</include>
    <visible>Control.HasFocus(17)</visible>
  </control>
  <control type="button" id="20">
    <description>Browse Button</description>
    <posx>682</posx>
    <posy>204</posy>
    <width>156</width>
    <height>41</height>
    <font>Font_SetContentMenu</font>
    <focusedcolor>FF101010</focusedcolor>
    <label>1024</label>
    <textoffsetx>20</textoffsetx>
    <onup>9000</onup>
    <onleft>17</onleft>
    <onright>20</onright>
    <ondown>20</ondown>
    <texturenofocus>-</texturenofocus>
    <texturefocus>settings_button_focus.png</texturefocus>
  </control>
  <control type="group" id="9000">
  <posx>683</posx>
    <posy>110</posy>
  <control type="button" id="18">
    <description>Button: OK</description>
    <posy>0</posy>
    <width>153</width>
    <height>41</height>
    <font>Font_SetContentMenu</font>
    <focusedcolor>FF101010</focusedcolor>
    <label>186</label>
    <textoffsetx>20</textoffsetx>
    <onup>18</onup>
    <onleft>9001</onleft>
    <onright>18</onright>
    <ondown>19</ondown>
    <texturenofocus>-</texturenofocus>
    <texturefocus>settings_button_focus.png</texturefocus>
  </control>
  <control type="button" id="19">
    <description>Cancel Button</description>
    <posy>41</posy>
    <width>153</width>
    <height>41</height>
    <font>Font_SetContentMenu</font>
    <focusedcolor>FF101010</focusedcolor>
    <label>222</label>
    <textoffsetx>20</textoffsetx>
    <texturenofocus>-</texturenofocus>
    <texturefocus>settings_button_focus.png</texturefocus>
    <onup>18</onup>
    <onleft>9001</onleft>
    <onright>19</onright>
    <ondown>20</ondown>
	</control>
  </control>
  <control type="image">
    <description>front glass</description>
    <posx>-10</posx>
    <posy>0</posy>
    <width>869</width>
    <height>315</height>
    <texture flipx="true">dialogs_setcontent_front.png</texture>
  </control>
  <control type="image">
    <description>front glass</description>
    <posx>-10</posx>
    <posy>0</posy>
    <width>869</width>
    <height>315</height>
    <texture>dialogs_setcontent_front.png</texture>
  </control>
	</control>
	</controls>
</window>