﻿<!-- Aeon MQ 4 -->

<window id="136">
	<defaultcontrol always="true">22</defaultcontrol>
	<include>Animation_DialogPopup</include>
	<controls>
  <control type="group">
    <posy>80</posy>
    <visible>!Window.IsVisible(smartplaylistrule)</visible>
  <control type="image">
    <description>Panel</description>
    <posx>200</posx>
    <posy>40</posy>
    <width>875</width>
    <height>481</height>
    <texture flipx="true">settings_panelback.png</texture>
  </control>
  
  <!-- edit smart playlist -->
  <control type="label">
    <description>heading label</description>
    <posx>220</posx>
    <posy>60</posy>
    <width>690</width>
    <align>center</align>
    <font>Font_WeatherTitle</font>
    <label>21432</label>
  </control>
  <control type="group" id="9002">
  
  <!-- type -->
  <control type="spincontrolex" id="22">
    <description>Set Playlist type</description>
    <posx>215</posx>
    <posy>90</posy>
    <width>693</width>
    <label>467</label>
    <height>40</height>
    <font>Font_SettingsOptions</font>
    <textcolor>FFbbbbbb</textcolor>
    <focusedcolor>FF101010</focusedcolor>
    <disabledcolor>FF505050</disabledcolor>
    <texturefocus>settings_button_focus.png</texturefocus>
    <pulseonselect>false</pulseonselect>
    <spinposx>-4</spinposx>
    <spinwidth>40</spinwidth>
    <spinheight>65</spinheight>
    <textoffsetx>20</textoffsetx>
    <aligny>center</aligny>
    <reverse>yes</reverse>
    <onright>22</onright>
    <onleft>22</onleft>
    <onup>18</onup>
    <ondown>12</ondown>
  </control>
  
  <!-- name of playlist -->
  <control type="label" id="0">
    <description>Name Label</description>
    <posx>240</posx>
    <posy>140</posy>
    <width>420</width>
    <font>Font_SettingsOptions</font>
    <textcolor>FF505050</textcolor>
    <label>21433</label>
  </control>
  
  <!-- text box for name of playlist -->
  <control type="button" id="12">
    <description>Name Button</description>
    <posx>230</posx>
    <posy>170</posy>
    <width>663</width>
    <height>40</height>
    <textwidth>630</textwidth>
    <aligny>center</aligny>
    <label>-</label>
    <onup>22</onup>
    <onleft>12</onleft>
    <onright>12</onright>
    <ondown>10</ondown>
    <font>Font_SettingsOptions</font>
    <textoffsetx>20</textoffsetx>
    <texturenofocus>dialogs_addsource_highlight.png</texturenofocus>
    <texturefocus>-</texturefocus>
    <aligny>center</aligny>
  </control>
  <control type="image">
    <posx>230</posx>
    <posy>170</posy>
    <width>663</width>
    <height>40</height>
    <texture>dialogs_addsource_highlight.png</texture>
    <include>Animation_CommonFade</include>
    <visible>Control.HasFocus(12)</visible>
  </control>
  
  <!-- find items where -->
  <control type="label">
    <description>rules label</description>
    <posx>240</posx>
    <posy>215</posy>
    <width>420</width>
    <align>left</align>
    <font>Font_SettingsOptions</font>
    <textcolor>FF505050</textcolor>
    <label>21434</label>
  </control>
  <control type="list" id="10">
    <description>Rules List Control</description>
    <posx>215</posx>
    <posy>235</posy>
    <width>693</width>
    <height>123</height>
    <onup>12</onup>
    <onleft>10</onleft>
    <onright>9000</onright>
    <ondown>16</ondown>
  <itemlayout height="40" width="693">
  <control type="image">
    <posx>0</posx>
    <posy>0</posy>
    <height>40</height>
    <width>693</width>
    <texture>settings_radiobuttonoff.png</texture>
  </control>
  <control type="label">
    <posx>0</posx>
		<posy>0</posy>
    <width>400</width>
		<height>39</height>
		<aligny>center</aligny>
		<info>ListItem.Label</info>
		<font>Font_SettingsOptions</font>
    <textcolor>FFe5e5e5</textcolor>
		<animation effect="slide" start="60,0" end="60,0" time="0" condition="Window.IsActive(musicplaylist) | Window.IsActive(musicfiles) | Window.IsActive(musiclibrary) | Window.IsActive(videolibrary) + ![Container.Content(movies) + !Container.Content(musicvideos)]">Conditional</animation>
  </control>
  </itemlayout>
  <focusedlayout height="40" width="693">
  <control type="image">
    <posx>0</posx>
    <posy>0</posy>
    <height>40</height>
    <width>693</width>
    <texture>settings_radiobuttonoff.png</texture>
  </control>
  <control type="image">
    <posx>0</posx>
    <posy>0</posy>
    <width>693</width>
    <height>40</height>
    <texture>settings_button_focus.png</texture>
    <animation effect="fade" start="100" end="50" time="0" condition="!Control.Hasfocus(10)">conditional</animation>
    <visible>Control.HasFocus(13) | Control.HasFocus(14) | Control.HasFocus(15)</visible>
  </control>
  <control type="image">
    <posx>0</posx>
    <posy>0</posy>
    <width>693</width>
    <height>40</height>
    <texture>settings_button_focus.png</texture>
    <visible>Control.HasFocus(10)</visible>
  </control>
  <control type="label">
    <posx>0</posx>
		<posy>0</posy>
    <width>400</width>
		<height>39</height>
		<aligny>center</aligny>
		<info>ListItem.Label</info>
		<font>Font_SettingsOptions</font>
    <textcolor>FFe5e5e5</textcolor>
    <disabledcolor>FF505050</disabledcolor>
		<animation effect="slide" start="60,0" end="60,0" time="0" condition="Window.IsActive(musicplaylist) | Window.IsActive(musicfiles) | Window.IsActive(musiclibrary) | Window.IsActive(videolibrary) + ![Container.Content(movies) | Container.Content(musicvideos)]">Conditional</animation>
		<visible>![Control.HasFocus(10) | Control.HasFocus(13) | Control.HasFocus(14) | Control.HasFocus(15)]</visible>
  </control>
  <control type="label">
    <posx>0</posx>
		<posy>0</posy>
    <width>400</width>
		<height>39</height>
		<aligny>center</aligny>
		<info>ListItem.Label</info>
		<font>Font_SettingsOptions</font>
    <textcolor>FF101010</textcolor>
    <disabledcolor>FF505050</disabledcolor>
		<animation effect="slide" start="60,0" end="60,0" time="0" condition="Window.IsActive(musicplaylist) | Window.IsActive(musicfiles) | Window.IsActive(musiclibrary) | Window.IsActive(videolibrary) + ![Container.Content(movies) | Container.Content(musicvideos)]">Conditional</animation>
		<visible>Control.HasFocus(10) | Control.HasFocus(13) | Control.HasFocus(14) | Control.HasFocus(15)</visible>
  </control>
  </focusedlayout>
  </control>
  
  <!-- items must match -->
  <control type="spincontrolex" id="16">
    <description>Set Playlist type</description>
    <posx>215</posx>
    <posy>360</posy>
    <width>693</width>
    <label>21424</label>
    <height>40</height>
    <font>Font_SettingsOptions</font>
    <textcolor>FFbbbbbb</textcolor>
    <focusedcolor>FF101010</focusedcolor>
    <disabledcolor>FF505050</disabledcolor>
    <texturefocus>settings_button_focus.png</texturefocus>
    <pulseonselect>false</pulseonselect>
    <spinposx>-4</spinposx>
    <spinwidth>40</spinwidth>
    <spinheight>65</spinheight>
    <textoffsetx>20</textoffsetx>
    <aligny>center</aligny>
    <reverse>yes</reverse>
    <onright>9001</onright>
    <onleft>16</onleft>
    <onup>10</onup>
    <ondown>17</ondown>
  </control>
  
  <!-- limit to -->
  <control type="spincontrolex" id="17">
    <description>Limit to</description>
    <posx>215</posx>
    <posy>400</posy>
    <width>693</width>
    <label>21427</label>
    <height>40</height>
    <font>Font_SettingsOptions</font>
    <textcolor>FFbbbbbb</textcolor>
    <focusedcolor>FF101010</focusedcolor>
    <disabledcolor>FF505050</disabledcolor>
    <texturefocus>settings_button_focus.png</texturefocus>
    <pulseonselect>false</pulseonselect>
    <spinposx>-4</spinposx>
    <spinwidth>40</spinwidth>
    <spinheight>65</spinheight>
    <textoffsetx>20</textoffsetx>
    <aligny>center</aligny>
    <reverse>yes</reverse>
    <onright>9001</onright>
    <onleft>17</onleft>
    <onup>16</onup>
    <ondown>18</ondown>
  </control>
  
  <!-- order by -->
  <control type="spincontrolex" id="18">
    <description>Order By</description>
    <posx>215</posx>
    <posy>440</posy>
    <width>488</width>
    <label>21429</label>
    <height>40</height>
    <font>Font_SettingsOptions</font>
    <textcolor>FFbbbbbb</textcolor>
    <focusedcolor>FF101010</focusedcolor>
    <disabledcolor>FF505050</disabledcolor>
    <texturefocus>settings_button_focus.png</texturefocus>
    <pulseonselect>false</pulseonselect>
    <spinposx>-4</spinposx>
    <spinwidth>40</spinwidth>
    <spinheight>65</spinheight>
    <textoffsetx>20</textoffsetx>
    <aligny>center</aligny>
    <reverse>yes</reverse>
    <onright>19</onright>
    <onleft>19</onleft>
    <onup>17</onup>
    <ondown>22</ondown>
  </control>
  
  <!-- ascending / descending -->
  <control type="togglebutton" id="19">
    <posx>700</posx>
    <posy>440</posy>
    <label>21431</label>
    <altlabel>21430</altlabel>
    <height>40</height>
    <width>208</width>
    <font>Font_SettingsOptions</font>
    <texturenofocus>settings_menudivider.png</texturenofocus>
    <texturefocus>settings_button_focus.png</texturefocus>
    <alttexturenofocus>settings_menudivider.png</alttexturenofocus>
    <alttexturefocus>settings_button_focus.png</alttexturefocus>
    <textcolor>FFbbbbbb</textcolor>
    <focusedcolor>FF101010</focusedcolor>
    <disabledcolor>FF505050</disabledcolor>
    <pulseonselect>false</pulseonselect>
    <textoffsetx>0</textoffsetx>
    <align>center</align>
    <include>Animation_CommonFade</include>
    <onright>9001</onright>
    <onleft>18</onleft>
    <onup>17</onup>
    <ondown>22</ondown>
  </control>
  </control>

  <control type="group" id="9000">
    <defaultcontrol always="true">13</defaultcontrol>
    
    <!-- add -->
  <control type="button" id="13">
    <description>Button: Add</description>
    <posx>909</posx>
    <posy>195</posy>
    <height>40</height>
    <width>151.5</width>
    <font>Font_SetContentMenu</font>
    <focusedcolor>FF101010</focusedcolor>
    <label>15019</label>
    <align>left</align>
    <textoffsetx>20</textoffsetx>
    <onup>13</onup>
    <onleft>9002</onleft>
    <onright>13</onright>
    <ondown>14</ondown>
    <texturenofocus>-</texturenofocus>
    <texturefocus>settings_button_focus.png</texturefocus>
  </control>
  
  <!-- remove -->
  <control type="button" id="14">
    <description>Remove Rule Button</description>
    <posx>909</posx>
    <posy>236</posy>
    <height>40</height>
    <width>151.5</width>
    <font>Font_SetContentMenu</font>
    <focusedcolor>FF101010</focusedcolor>
    <label>1210</label>
    <align>left</align>
    <textoffsetx>20</textoffsetx>
    <texturenofocus>-</texturenofocus>
    <texturefocus>settings_button_focus.png</texturefocus>
    <onup>13</onup>
    <onleft>9002</onleft>
    <onright>14</onright>
    <ondown>15</ondown>
  </control>
  
  <!-- edit -->
  <control type="button" id="15">
    <description>Edit Rule Button</description>
    <posx>909</posx>
    <posy>277</posy>
    <height>40</height>
    <width>151.5</width>
    <font>Font_SetContentMenu</font>
    <focusedcolor>FF101010</focusedcolor>
    <align>left</align>
    <textoffsetx>20</textoffsetx>
    <texturenofocus>-</texturenofocus>
    <texturefocus>settings_button_focus.png</texturefocus>
    <label>21435</label>
    <onup>14</onup>
    <onleft>9002</onleft>
    <onright>15</onright>
    <ondown>9001</ondown>
  </control>
  </control>
  <control type="group" id="9001">
  <defaultcontrol always="true">20</defaultcontrol>
  
  <!-- ok -->
  <control type="button" id="20">
    <description>Ok Button</description>
    <posx>909</posx>
    <posy>360</posy>
    <height>40</height>
    <width>151.5</width>
    <font>Font_SetContentMenu</font>
    <focusedcolor>FF101010</focusedcolor>
    <align>left</align>
    <textoffsetx>20</textoffsetx>
    <texturenofocus>-</texturenofocus>
    <texturefocus>settings_button_focus.png</texturefocus>
    <label>186</label>
    <onup>9000</onup>
    <onleft>9002</onleft>
    <onright>20</onright>
    <ondown>21</ondown>
  </control>
  
  <!-- cancel -->
  <control type="button" id="21">
    <description>Cancel Button</description>
    <posx>909</posx>
    <posy>400</posy>
    <height>40</height>
    <width>151.5</width>
    <font>Font_SetContentMenu</font>
    <focusedcolor>FF101010</focusedcolor>
    <align>left</align>
    <textoffsetx>20</textoffsetx>
    <texturenofocus>-</texturenofocus>
    <texturefocus>settings_button_focus.png</texturefocus>
    <label>222</label>
    <onup>20</onup>
    <onleft>9002</onleft>
    <onright>21</onright>
    <ondown>21</ondown>
  </control>
  </control>
  <control type="image">
    <description>front glass</description>
    <posx>192</posx>
    <posy>0</posy>
    <width>869</width>
    <height>550</height>
    <texture flipx="true">dialogs_setcontent_front.png</texture>
  </control>
  <control type="image">
    <description>front glass</description>
    <posx>215</posx>
    <posy>0</posy>
    <width>869</width>
    <height>550</height>
    <texture>dialogs_setcontent_front.png</texture>
  </control>
	</control>
	</controls>
</window>