﻿<!-- Aeon MQ 4 -->

<window id="2005">
    <onload>Skin.Reset(trailermode)</onload>
  <controls>
  
  <!-- Codec Info -->
  <control type="group">
  <posx>0</posx>
  <posy>0</posy>
  <width>1280</width>
  <height>125</height>
  <animation type="Visible">
    <effect type="fade" time="400" start="0" end="100" />
    <effect type="slide" time="400" start="0,-125" end="0,0" easing="out" tween="cubic" />
  </animation>
  <animation type="Hidden">
    <effect type="fade" time="400" start="100" end="0" />
    <effect type="slide" time="400" start="0,0" end="0,-125" easing="in" tween="cubic" />
  </animation>
  <animation type="WindowOpen">
    <effect type="fade" time="400" start="0" end="100" />
    <effect type="slide" time="400" start="0,-125" end="0,0" easing="out" tween="cubic" />
  </animation>
  <animation type="WindowClose">
    <effect type="fade" time="400" start="100" end="0" />
    <effect type="slide" time="400" start="0,0" end="0,-125" easing="in" tween="cubic" />
  </animation>
  <control type="image">
    <posx>0</posx>
    <posy>0</posy>
    <width>1280</width>
    <height>350</height>
    <texture background="true">osd_largebar_top.png</texture>
    <visible>VideoPlayer.Content(LiveTV)</visible>
  </control>
  <control type="image">
    <posx>0</posx>
    <posy>0</posy>
    <width>1280</width>
    <height>125</height>
    <texture background="true">osd_largebar_top.png</texture>
    <visible>!VideoPlayer.Content(LiveTV)</visible>
  </control>
  <control type="label" id="10">
    <description>row 1 label</description>
    <posx>50</posx>
    <posy>12</posy>
    <label>-</label>
    <align>left</align>
    <width>1230</width>
    <font>Font_OSDCodecInfo</font>
  </control>
  <control type="label" id="11">
    <description>row 2 label</description>
    <posx>50</posx>
    <posy>37</posy>
    <label>-</label>
    <align>left</align>
    <width>1230</width>
    <font>Font_OSDCodecInfo</font>
  </control>
  <control type="label" id="12">
    <description>row 3 label</description>
    <posx>50</posx>
    <posy>62</posy>
    <label>-</label>
    <align>left</align>
    <width>1230</width>
    <font>Font_OSDCodecInfo</font>
  </control>
  </control>
  
  <!-- Buffering Dialog -->
  <control type="label" id="24">
    <description>buffering label</description>
    <label>$LOCALIZE[15107] $INFO[Player.CacheLevel]%</label>
    <posx>499</posx>
    <posy>430</posy>
    <width>281</width>
    <height>18</height>
    <aligny>center</aligny>
    <align>center</align>
    <font>Font_SettingsSectionTitle</font>
    <textcolor>33ffffff</textcolor>
    <include>Animation_CommonFade</include>
  </control>
	</controls>
</window>