﻿	<!-- Aeon MQ 4 -->

	<includes>
	<!--##################################################################################   VISTA WALL - ID 53   ##################################################################################-->
	<include name="WallIconMovieDimensionsDVD">
	<posx>4</posx>
	<posy>16</posy>
	<width>112</width>
	<height>151</height>
	</include>
	<include name="WallIconMovieDimensionsDVDSmall">
	<posx>2</posx>
	<posy>15</posy>
	<width>93</width>
	<height>123</height>
	</include>
	<include name="WallIconMovieDimensionsDVDMax">
	<posx>8</posx>
	<posy>10</posy>
	<width>66</width>
	<height>93</height>
	</include>
	<include name="WallIconMovieDimensionsCase">
	<posx>-6</posx>
	<posy>-5</posy>
	<width>135</width>
	<height>185</height>
	</include>
	<include name="WallIconMovieDimensionsCaseSmall">
	<posx>-6</posx>
	<posy>-2</posy>
	<width>111</width>
	<height>151</height>
	</include>
	<include name="WallIconMovieDimensionsCaseMax">
	<posx>2</posx>
	<posy>-2</posy>
	<width>80</width>
	<height>113</height>
	</include>
	<include name="WallOverlayCodecDimensions">
	<posx>46</posx>
	<posy>-7</posy>
	<width>32</width>
	<height>32</height>
	<align>center</align>
	<aligny>center</aligny>
	<aspectratio scalediffuse="true">keep</aspectratio>
	</include>
	<include name="WallOverlayCodecDimensionsSmall">
	<posx>38</posx>
	<posy>-4</posy>
	<width>25</width>
	<height>25</height>
	<align>center</align>
	<aligny>center</aligny>
	<aspectratio scalediffuse="true">keep</aspectratio>
	</include>
	<include name="WallOverlayCodecDimensionsMax">
	<posx>34</posx>
	<posy>-2</posy>
	<width>16</width>
	<height>16</height>
	<align>center</align>
	<aligny>center</aligny>
	<aspectratio scalediffuse="true">keep</aspectratio>
	</include>
	<!-- Animations -->
	<!-- Normal -->
	<include name="WallIconZoomAnimation">
	<animation effect="zoom" center="62,145" start="100" end="160" time="400" easing="out" tween="cubic" reversible="false">Focus</animation>
	</include>
	<include name="WallIconZoomAnimationSmall">
	<animation effect="zoom" center="51,145" start="100" end="140" time="400" easing="out" tween="cubic" reversible="false">Focus</animation>
	</include>
	<include name="WallIconZoomAnimationMax">
	<animation effect="zoom" center="46,110" start="100" end="150" time="400" easing="out" tween="cubic" reversible="false">Focus</animation>
	</include>
	<include name="WallIconZoomAnimationBorder2">
	<animation type="Focus" reversible="false">
	<effect type="zoom" center="62,145" start="100" end="160" time="400" easing="out" tween="cubic" reversible="false" />
	</animation>
	</include>
	<include name="WallIconZoomAnimationBorder2Small">
	<animation type="Focus" reversible="false">
	<effect type="zoom" center="51,145" start="100" end="140" time="400" easing="out" tween="cubic" reversible="false" />
	</animation>
	</include>
	<include name="WallIconZoomAnimationBorder2Max">
	<animation type="Focus" reversible="false">
	<effect type="zoom" center="46,110" start="100" end="150" time="400" easing="out" tween="cubic" reversible="false" />
	</animation>
	</include>
	<!-- DVD -->
	<include name="WallIconZoomAnimationDVD">
	<animation effect="zoom" center="62,135" start="100" end="160" time="400" easing="out" tween="cubic" reversible="false">Focus</animation>
	</include>
	<include name="WallIconZoomAnimationDVDSmall">
	<animation effect="zoom" center="51,142" start="100" end="148" time="400" easing="out" tween="cubic" reversible="false">Focus</animation>
	</include>
	<include name="WallIconZoomAnimationDVDMax">
	<animation effect="zoom" center="46,90" start="100" end="170" time="400" easing="out" tween="cubic" reversible="false">Focus</animation>
	</include>
	<!-- Border -->
	<include name="WallIconMovieBorderFocus2">
	<bordertexture border="-12">thumb_wall_movie_fborder.png</bordertexture>
	</include>
	<include name="WallIconMovieBorderFocus2Small">
	<bordertexture border="-9">thumb_wall_movie_fborder.png</bordertexture>
	</include>
	<include name="WallIconMovieBorderFocus2Max">
	<bordertexture border="-7">thumb_wall_movie_fborder.png</bordertexture>
	</include>
	<!-- Movie Normal -->
	<include name="WallIconNormal">
	<control type="image"><!-- Addon Mode -->
	<include condition="!Skin.HasSetting(smallmoviewall) + !Skin.HasSetting(maxmoviewall)">WallIconMovieDimensions</include>
	<include condition="Skin.HasSetting(smallmoviewall)">WallIconMovieDimensionsSmall</include>
	<include condition="Skin.HasSetting(maxmoviewall)">WallIconMovieDimensionsMax</include>
	<texture diffuse="thumb_wall_movie_mask.png" fallback="DefaultVideoPoster.png" background="true">$VAR[value_poster]</texture>
	<aspectratio scalediffuse="false">stretch</aspectratio>
	<visible>Window.IsActive(1)</visible>
	</control>
	<control type="image"><!-- Icon Mode -->
	<include condition="!Skin.HasSetting(smallmoviewall) + !Skin.HasSetting(maxmoviewall)">WallIconMovieDimensions</include>
	<include condition="Skin.HasSetting(smallmoviewall)">WallIconMovieDimensionsSmall</include>
	<include condition="Skin.HasSetting(maxmoviewall)">WallIconMovieDimensionsMax</include>
	<texture diffuse="thumb_wall_movie_mask.png" fallback="DefaultVideoPoster.png" background="true">$VAR[value_poster]</texture>
	<aspectratio scalediffuse="false">scale</aspectratio>
	<visible>[Container.Content(movies) | Container.Content(musicvideos) | Container.Content(tvshows) + !Skin.HasSetting(tvposter) | Container.Content(seasons) | Container.Content(files)]</visible>
	</control>
	<control type="image"><!-- Poster Mode -->
	<include condition="!Skin.HasSetting(smallmoviewall) + !Skin.HasSetting(maxmoviewall)">WallIconMovieDimensions</include>
	<include condition="Skin.HasSetting(smallmoviewall)">WallIconMovieDimensionsSmall</include>
	<include condition="Skin.HasSetting(maxmoviewall)">WallIconMovieDimensionsMax</include>
	<texture diffuse="thumb_wall_movie_mask.png" background="true" fallback="DefaultVideoPoster.png">$INFO[ListItem.path,,poster.jpg]</texture>
	<aspectratio scalediffuse="false">stretch</aspectratio>
	<visible>Container.Content(tvshows) + Skin.HasSetting(tvposter)</visible>
	</control>
	</include>
	<include name="WallIconNormalFocus"><!--########################################################-->
	<control type="image"><!-- Addon Mode - Central -->
	<include condition="!Skin.HasSetting(smallmoviewall) + !Skin.HasSetting(maxmoviewall)">WallIconMovieDimensions</include>
	<include condition="Skin.HasSetting(smallmoviewall)">WallIconMovieDimensionsSmall</include>
	<include condition="Skin.HasSetting(maxmoviewall)">WallIconMovieDimensionsMax</include>
	<texture diffuse="thumb_wall_movie_mask.png" fallback="DefaultVideoPoster.png" background="true">$VAR[value_poster]</texture>
	<aspectratio scalediffuse="false">stretch</aspectratio>
	<include condition="!Skin.HasSetting(smallmoviewall) + !Skin.HasSetting(maxmoviewall)">WallIconZoomAnimation</include>
	<include condition="Skin.HasSetting(smallmoviewall)">WallIconZoomAnimationSmall</include>
	<include condition="Skin.HasSetting(maxmoviewall)">WallIconZoomAnimationMax</include>
	<visible>Window.IsActive(1)</visible>
	</control>
	<control type="image"><!-- Icon Mode - Central -->
	<include condition="!Skin.HasSetting(smallmoviewall) + !Skin.HasSetting(maxmoviewall)">WallIconMovieDimensions</include>
	<include condition="Skin.HasSetting(smallmoviewall)">WallIconMovieDimensionsSmall</include>
	<include condition="Skin.HasSetting(maxmoviewall)">WallIconMovieDimensionsMax</include>
	<texture diffuse="thumb_wall_movie_mask.png" fallback="DefaultVideoPoster.png" background="true">$VAR[value_poster]</texture>
	<aspectratio scalediffuse="false">scale</aspectratio>
	<include condition="!Skin.HasSetting(smallmoviewall) + !Skin.HasSetting(maxmoviewall)">WallIconZoomAnimation</include>
	<include condition="Skin.HasSetting(smallmoviewall)">WallIconZoomAnimationSmall</include>
	<include condition="Skin.HasSetting(maxmoviewall)">WallIconZoomAnimationMax</include>
	<visible>[Container.Content(movies) | Container.Content(musicvideos) | Container.Content(tvshows) + !Skin.HasSetting(tvposter) | Container.Content(seasons) | Container.Content(files)]</visible>
	</control>
	<control type="image"><!-- Poster TVShows - Central -->
	<include condition="!Skin.HasSetting(smallmoviewall) + !Skin.HasSetting(maxmoviewall)">WallIconMovieDimensions</include>
	<include condition="Skin.HasSetting(smallmoviewall)">WallIconMovieDimensionsSmall</include>
	<include condition="Skin.HasSetting(maxmoviewall)">WallIconMovieDimensionsMax</include>
	<texture diffuse="thumb_wall_movie_mask.png" background="true" fallback="DefaultVideoPoster.png">$INFO[ListItem.path,,poster.jpg]</texture>
	<aspectratio scalediffuse="false">stretch</aspectratio>
	<include condition="!Skin.HasSetting(smallmoviewall) + !Skin.HasSetting(maxmoviewall)">WallIconZoomAnimation</include>
	<include condition="Skin.HasSetting(smallmoviewall)">WallIconZoomAnimationSmall</include>
	<include condition="Skin.HasSetting(maxmoviewall)">WallIconZoomAnimationMax</include>
	<visible>Container.Content(tvshows) + Skin.HasSetting(tvposter)</visible>
	</control>
	<control type="image">
	<include condition="!Skin.HasSetting(smallmoviewall) + !Skin.HasSetting(maxmoviewall)">WallIconMovieDimensions</include>
	<include condition="Skin.HasSetting(smallmoviewall)">WallIconMovieDimensionsSmall</include>
	<include condition="Skin.HasSetting(maxmoviewall)">WallIconMovieDimensionsMax</include>
	<include condition="!Skin.HasSetting(smallmoviewall) + !Skin.HasSetting(maxmoviewall)">WallIconMovieBorderFocus2</include>
	<include condition="Skin.HasSetting(smallmoviewall)">WallIconMovieBorderFocus2Small</include>
	<include condition="Skin.HasSetting(maxmoviewall)">WallIconMovieBorderFocus2Max</include>
	<texture>common_blank.png</texture>
	<include condition="!Skin.HasSetting(smallmoviewall) + !Skin.HasSetting(maxmoviewall)">WallIconZoomAnimationBorder2</include>
	<include condition="Skin.HasSetting(smallmoviewall)">WallIconZoomAnimationBorder2Small</include>
	<include condition="Skin.HasSetting(maxmoviewall)">WallIconZoomAnimationBorder2Max</include>
	</control>
	</include>
	<include name="WallIconDVDFocus"><!--########################################################-->
	<control type="image"><!-- Addon Mode - Central -->
	<include condition="!Skin.HasSetting(smallmoviewall) + !Skin.HasSetting(maxmoviewall)">WallIconMovieDimensionsDVD</include>
	<include condition="Skin.HasSetting(smallmoviewall)">WallIconMovieDimensionsDVDSmall</include>
	<include condition="Skin.HasSetting(maxmoviewall)">WallIconMovieDimensionsDVDMax</include>
	<texture diffuse="thumb_wall_movie_mask.png" fallback="DefaultVideoPoster.png" background="true">$VAR[value_poster]</texture>
	<aspectratio scalediffuse="false">stretch</aspectratio>
	<include condition="!Skin.HasSetting(smallmoviewall) + !Skin.HasSetting(maxmoviewall)">WallIconZoomAnimationDVD</include>
	<include condition="Skin.HasSetting(smallmoviewall)">WallIconZoomAnimationDVDSmall</include>
	<include condition="Skin.HasSetting(maxmoviewall)">WallIconZoomAnimationDVDMax</include>
	<visible>Window.IsActive(1)</visible>
	</control>
	<control type="image"><!-- Icon Mode -->
	<include condition="!Skin.HasSetting(smallmoviewall) + !Skin.HasSetting(maxmoviewall)">WallIconMovieDimensionsDVD</include>
	<include condition="Skin.HasSetting(smallmoviewall)">WallIconMovieDimensionsDVDSmall</include>
	<include condition="Skin.HasSetting(maxmoviewall)">WallIconMovieDimensionsDVDMax</include>
	<texture diffuse="thumb_wall_movie_mask.png" fallback="DefaultVideoPoster.png" background="true">$VAR[value_poster]</texture>
	<aspectratio scalediffuse="false">stretch</aspectratio>
	<include condition="!Skin.HasSetting(smallmoviewall) + !Skin.HasSetting(maxmoviewall)">WallIconZoomAnimationDVD</include>
	<include condition="Skin.HasSetting(smallmoviewall)">WallIconZoomAnimationDVDSmall</include>
	<include condition="Skin.HasSetting(maxmoviewall)">WallIconZoomAnimationDVDMax</include>
	<visible>[Container.Content(movies) | Container.Content(musicvideos) | Container.Content(tvshows) + !Skin.HasSetting(tvposter) | Container.Content(seasons) | Container.Content(files)]</visible>
	</control>
	<control type="image"><!-- Poster Mode -->
	<include condition="!Skin.HasSetting(smallmoviewall) + !Skin.HasSetting(maxmoviewall)">WallIconMovieDimensionsDVD</include>
	<include condition="Skin.HasSetting(smallmoviewall)">WallIconMovieDimensionsDVDSmall</include>
	<include condition="Skin.HasSetting(maxmoviewall)">WallIconMovieDimensionsDVDMax</include>
	<texture diffuse="thumb_wall_movie_mask.png" background="true" fallback="DefaultVideoPoster.png">$INFO[ListItem.path,,poster.jpg]</texture>
	<aspectratio scalediffuse="false">stretch</aspectratio>
	<include condition="!Skin.HasSetting(smallmoviewall) + !Skin.HasSetting(maxmoviewall)">WallIconZoomAnimationDVD</include>
	<include condition="Skin.HasSetting(smallmoviewall)">WallIconZoomAnimationDVDSmall</include>
	<include condition="Skin.HasSetting(maxmoviewall)">WallIconZoomAnimationDVDMax</include>
	<visible>Container.Content(tvshows) + Skin.HasSetting(tvposter)</visible>
	</control>
	<control type="image"><!--default-->
	<include condition="!Skin.HasSetting(smallmoviewall) + !Skin.HasSetting(maxmoviewall)">WallIconMovieDimensionsCase</include>
	<include condition="Skin.HasSetting(smallmoviewall)">WallIconMovieDimensionsCaseSmall</include>
	<include condition="Skin.HasSetting(maxmoviewall)">WallIconMovieDimensionsCaseMax</include>
	<texture background="true">$VAR[Furniture_VideoCase0]</texture>
	<aspectratio scalediffuse="false">stretch</aspectratio>
	<include condition="!Skin.HasSetting(smallmoviewall) + !Skin.HasSetting(maxmoviewall)">WallIconZoomAnimationDVD</include>
	<include condition="Skin.HasSetting(smallmoviewall)">WallIconZoomAnimationDVDSmall</include>
	<include condition="Skin.HasSetting(maxmoviewall)">WallIconZoomAnimationDVDMax</include>
	</control>
	<control type="image"><!--codec-->
	<include condition="!Skin.HasSetting(smallmoviewall) + !Skin.HasSetting(maxmoviewall)">WallIconZoomAnimationDVD</include>
	<include condition="Skin.HasSetting(smallmoviewall)">WallIconZoomAnimationDVDSmall</include>
	<include condition="Skin.HasSetting(maxmoviewall)">WallIconZoomAnimationDVDMax</include>
	<texture>$VAR[Furniture_VideoCodec0]</texture>
	<include condition="!Skin.HasSetting(smallmoviewall) + !Skin.HasSetting(maxmoviewall)">WallOverlayCodecDimensions</include>
	<include condition="Skin.HasSetting(smallmoviewall)">WallOverlayCodecDimensionsSmall</include>
	<include condition="Skin.HasSetting(maxmoviewall)">WallOverlayCodecDimensionsMax</include>
	</control>
	</include>
	<include name="WallInfoPaneTopLeft">
	<posy>-10</posy>
	<width>442</width>
	<height>442</height>
	<texture background="true">panel_wall_topleft_title.png</texture>
	</include>
	<include name="WallInfoPaneMidLeft">
	<posy>-10</posy>
	<width>442</width>
	<height>442</height>
	<texture background="true">panel_wall_midleft_title.png</texture>
	</include>
	<include name="WallInfoPaneBottomLeft">
	<posy>-10</posy>
	<width>442</width>
	<height>442</height>
	<texture background="true">panel_wall_bottomleft_title.png</texture>
	</include>
	<include name="WallInfoPaneTopRight">
	<posy>-10</posy>
	<width>442</width>
	<height>442</height>
	<texture flipx="true" background="true">panel_wall_topleft_title.png</texture>
	</include>
	<include name="WallInfoPaneMidRight">
	<posy>-10</posy>
	<width>442</width>
	<height>442</height>
	<texture flipx="true" background="true">panel_wall_midleft_title.png</texture>
	</include>
	<include name="WallInfoPaneBottomRight">
	<posy>-10</posy>
	<width>442</width>
	<height>442</height>
	<texture flipx="true" background="true">panel_wall_bottomleft_title.png</texture>
	</include>
	<include name="WallInfoLabel">
	<posx>0</posx>
	<posy>0</posy>
	<width>187</width>
	<height>13</height>
	<font>Font_WallInfoLabel</font>
	<textcolor>$VAR[value_headercolors]</textcolor>
	</include>

	<include name="WallInfoPaneMoviesBig">
	<control type="group"><!-- TopRight -->
	<include>WallInfoPaneMoviesVars</include>
	<posx>240</posx>
	<posy>144</posy>
	<animation effect="slide" start="0,0" end="122,0" time="0" condition="Container(53).Column(1)">Conditional</animation>
	<animation effect="slide" start="0,0" end="245,0" time="0" condition="Container(53).Column(2)">Conditional</animation>
	<animation effect="slide" start="0,0" end="367,0" time="0" condition="Container(53).Column(3)">Conditional</animation>
	<visible>[Container(53).Column(0) | Container(53).Column(1) | Container(53).Column(2) | Container(53).Column(3)] + Container(53).Row(0)</visible>
	<control type="image">
	<posx>-9</posx>
	<include>WallInfoPaneTopRight</include>
	</control>
	<include>WallInfoPaneInfo</include>
	</control>
	<control type="group"><!-- MidRight -->
	<include>WallInfoPaneMoviesVars</include>
	<posx>240</posx>
	<posy>144</posy>
	<animation effect="slide" start="0,0" end="122,0" time="0" condition="Container(53).Column(1)">Conditional</animation>
	<animation effect="slide" start="0,0" end="245,0" time="0" condition="Container(53).Column(2)">Conditional</animation>
	<animation effect="slide" start="0,0" end="367,0" time="0" condition="Container(53).Column(3)">Conditional</animation>
	<visible>[Container(53).Column(0) | Container(53).Column(1) | Container(53).Column(2) | Container(53).Column(3)] + Container(53).Row(1)</visible>
	<control type="image">
	<posx>-9</posx>
	<include>WallInfoPaneMidRight</include>
	</control>
	<include>WallInfoPaneInfo</include>
	</control>
	<control type="group"><!-- BottomRight -->
	<include>WallInfoPaneMoviesVars</include>
	<posx>240</posx>
	<posy>144</posy>
	<animation effect="slide" start="0,0" end="122,0" time="0" condition="Container(53).Column(1)">Conditional</animation>
	<animation effect="slide" start="0,0" end="245,0" time="0" condition="Container(53).Column(2)">Conditional</animation>
	<animation effect="slide" start="0,0" end="367,0" time="0" condition="Container(53).Column(3)">Conditional</animation>
	<visible>[Container(53).Column(0) | Container(53).Column(1) | Container(53).Column(2) | Container(53).Column(3)] + Container(53).Row(2)</visible>
	<control type="image">
	<posx>-9</posx>
	<include>WallInfoPaneBottomRight</include>
	</control>
	<include>WallInfoPaneInfo</include>
	</control>
	<control type="group"><!-- FloorRight -->
	<include>WallInfoPaneMoviesVars</include>
	<posx>240</posx>
	<posy>144</posy>
	<animation effect="slide" start="0,0" end="122,0" time="0" condition="Container(53).Column(1)">Conditional</animation>
	<animation effect="slide" start="0,0" end="245,0" time="0" condition="Container(53).Column(2)">Conditional</animation>
	<animation effect="slide" start="0,0" end="367,0" time="0" condition="Container(53).Column(3)">Conditional</animation>
	<visible>[Container(53).Column(0) | Container(53).Column(1) | Container(53).Column(2) | Container(53).Column(3)] + [Container(53).Row(3) | Container(53).Row(4)]</visible>
	<control type="image">
	<posx>-9</posx>
	<include>WallInfoPaneBottomRight</include>
	</control>
	<include>WallInfoPaneInfo</include>
	</control>
	<control type="group"><!-- TopLeft -->
	<include>WallInfoPaneMoviesVars</include>
	<posx>113</posx>
	<posy>144</posy>
	<animation effect="slide" start="0,0" end="123,0" time="0" condition="Container(53).Column(5)">Conditional</animation>
	<animation effect="slide" start="0,0" end="245,0" time="0" condition="Container(53).Column(6)">Conditional</animation>
	<animation effect="slide" start="0,0" end="368,0" time="0" condition="Container(53).Column(7)">Conditional</animation>
	<animation effect="slide" start="0,0" end="491,0" time="0" condition="Container(53).Column(8)">Conditional</animation>
	<visible>[Container(53).Column(4) | Container(53).Column(5) | Container(53).Column(6) | Container(53).Column(7) | Container(53).Column(8)] + Container(53).Row(0)</visible>
	<control type="image">
	<include>WallInfoPaneTopLeft</include>
	</control>
	<include>WallInfoPaneInfo</include>
	</control>
	<control type="group"><!-- MidLeft -->
	<include>WallInfoPaneMoviesVars</include>
	<posx>113</posx>
	<posy>144</posy>
	<animation effect="slide" start="0,0" end="123,0" time="0" condition="Container(53).Column(5)">Conditional</animation>
	<animation effect="slide" start="0,0" end="245,0" time="0" condition="Container(53).Column(6)">Conditional</animation>
	<animation effect="slide" start="0,0" end="368,0" time="0" condition="Container(53).Column(7)">Conditional</animation>
	<animation effect="slide" start="0,0" end="491,0" time="0" condition="Container(53).Column(8)">Conditional</animation>
	<visible>[Container(53).Column(4) | Container(53).Column(5) | Container(53).Column(6) | Container(53).Column(7) | Container(53).Column(8)] + Container(53).Row(1)</visible>
	<control type="image">
	<include>WallInfoPaneMidLeft</include>
	</control>
	<include>WallInfoPaneInfo</include>
	</control>
	<control type="group"><!-- BottomLeft -->
	<include>WallInfoPaneMoviesVars</include>
	<posx>113</posx>
	<posy>144</posy>
	<animation effect="slide" start="0,0" end="123,0" time="0" condition="Container(53).Column(5)">Conditional</animation>
	<animation effect="slide" start="0,0" end="245,0" time="0" condition="Container(53).Column(6)">Conditional</animation>
	<animation effect="slide" start="0,0" end="368,0" time="0" condition="Container(53).Column(7)">Conditional</animation>
	<animation effect="slide" start="0,0" end="491,0" time="0" condition="Container(53).Column(8)">Conditional</animation>
	<visible>[Container(53).Column(4) | Container(53).Column(5) | Container(53).Column(6) | Container(53).Column(7) | Container(53).Column(8)] + Container(53).Row(2)</visible>
	<control type="image">
	<include>WallInfoPaneBottomLeft</include>
	</control>
	<include>WallInfoPaneInfo</include>
	</control>
	<control type="group"><!-- FloorLeft -->
	<include>WallInfoPaneMoviesVars</include>
	<posx>113</posx>
	<posy>144</posy>
	<animation effect="slide" start="0,0" end="123,0" time="0" condition="Container(53).Column(5)">Conditional</animation>
	<animation effect="slide" start="0,0" end="245,0" time="0" condition="Container(53).Column(6)">Conditional</animation>
	<animation effect="slide" start="0,0" end="368,0" time="0" condition="Container(53).Column(7)">Conditional</animation>
	<animation effect="slide" start="0,0" end="491,0" time="0" condition="Container(53).Column(8)">Conditional</animation>
	<visible>[Container(53).Column(4) | Container(53).Column(5) | Container(53).Column(6) | Container(53).Column(7) | Container(53).Column(8)] + [Container(53).Row(3) | Container(53).Row(4)]</visible>
	<control type="image">
	<include>WallInfoPaneBottomLeft</include>
	</control>
	<include>WallInfoPaneInfo</include>
	</control>
	</include>

	<include name="WallInfoPaneMoviesSmall">
	<control type="group"><!-- TopRight -->
	<include>WallInfoPaneMoviesVars</include>
	<posx>211</posx>
	<posy>104</posy>
	<animation effect="slide" start="0,0" end="101,0" time="0" condition="Container(53).Column(1)">Conditional</animation>
	<animation effect="slide" start="0,0" end="202,0" time="0" condition="Container(53).Column(2)">Conditional</animation>
	<animation effect="slide" start="0,0" end="303,0" time="0" condition="Container(53).Column(3)">Conditional</animation>
	<animation effect="slide" start="0,0" end="404,0" time="0" condition="Container(53).Column(4)">Conditional</animation>
	<visible>[Container(53).Column(0) | Container(53).Column(1) | Container(53).Column(2) | Container(53).Column(3) | Container(53).Column(4)] + Container(53).Row(0)</visible>
	<control type="image">
	<posx>-9</posx>
	<include>WallInfoPaneTopRight</include>
	</control>
	<include>WallInfoPaneInfo</include>
	</control>
	<control type="group"><!-- MidRight -->
	<include>WallInfoPaneMoviesVars</include>
	<posx>211</posx>
	<posy>71</posy>
	<animation effect="slide" start="0,0" end="0,145" time="0" condition="Container(53).Row(2)">Conditional</animation>
	<animation effect="slide" start="0,0" end="101,0" time="0" condition="Container(53).Column(1)">Conditional</animation>
	<animation effect="slide" start="0,0" end="202,0" time="0" condition="Container(53).Column(2)">Conditional</animation>
	<animation effect="slide" start="0,0" end="303,0" time="0" condition="Container(53).Column(3)">Conditional</animation>
	<animation effect="slide" start="0,0" end="404,0" time="0" condition="Container(53).Column(4)">Conditional</animation>
	<visible>[Container(53).Column(0) | Container(53).Column(1) | Container(53).Column(2) | Container(53).Column(3) | Container(53).Column(4)] + [Container(53).Row(1) | Container(53).Row(2)]"</visible>
	<control type="image">
	<posx>-9</posx>
	<include>WallInfoPaneMidRight</include>
	</control>
	<include>WallInfoPaneInfo</include>
	</control>
	<control type="group"><!-- BottomRight -->
	<include>WallInfoPaneMoviesVars</include>
	<posx>211</posx>
	<posy>185</posy>
	<animation effect="slide" start="0,0" end="101,0" time="0" condition="Container(53).Column(1)">Conditional</animation>
	<animation effect="slide" start="0,0" end="202,0" time="0" condition="Container(53).Column(2)">Conditional</animation>
	<animation effect="slide" start="0,0" end="303,0" time="0" condition="Container(53).Column(3)">Conditional</animation>
	<animation effect="slide" start="0,0" end="404,0" time="0" condition="Container(53).Column(4)">Conditional</animation>
	<visible>[Container(53).Column(0) | Container(53).Column(1) | Container(53).Column(2) | Container(53).Column(3) | Container(53).Column(4)] + Container(53).Row(3)</visible>
	<control type="image">
	<posx>-9</posx>
	<include>WallInfoPaneBottomRight</include>
	</control>
	<include>WallInfoPaneInfo</include>
	</control>
	<control type="group"><!-- TopLeft -->
	<include>WallInfoPaneMoviesVars</include>
	<posx>130</posx>
	<posy>104</posy>
	<animation effect="slide" start="0,0" end="101,0" time="0" condition="Container(53).Column(6)">Conditional</animation>
	<animation effect="slide" start="0,0" end="202,0" time="0" condition="Container(53).Column(7)">Conditional</animation>
	<animation effect="slide" start="0,0" end="303,0" time="0" condition="Container(53).Column(8)">Conditional</animation>
	<animation effect="slide" start="0,0" end="404,0" time="0" condition="Container(53).Column(9)">Conditional</animation>
	<animation effect="slide" start="0,0" end="505,0" time="0" condition="Container(53).Column(10)">Conditional</animation>
	<visible>[Container(53).Column(5) | Container(53).Column(6) | Container(53).Column(7) | Container(53).Column(8) | Container(53).Column(9) | Container(53).Column(10)] + Container(53).Row(0)</visible>
	<control type="image">
	<include>WallInfoPaneTopLeft</include>
	</control>
	<include>WallInfoPaneInfo</include>
	</control>
	<control type="group"><!-- MidLeft -->
	<include>WallInfoPaneMoviesVars</include>
	<posx>130</posx>
	<posy>71</posy>
	<animation effect="slide" start="0,0" end="0,145" time="0" condition="Container(53).Row(2)">Conditional</animation>
	<animation effect="slide" start="0,0" end="101,0" time="0" condition="Container(53).Column(6)">Conditional</animation>
	<animation effect="slide" start="0,0" end="202,0" time="0" condition="Container(53).Column(7)">Conditional</animation>
	<animation effect="slide" start="0,0" end="303,0" time="0" condition="Container(53).Column(8)">Conditional</animation>
	<animation effect="slide" start="0,0" end="404,0" time="0" condition="Container(53).Column(9)">Conditional</animation>
	<animation effect="slide" start="0,0" end="505,0" time="0" condition="Container(53).Column(10)">Conditional</animation>
	<visible>[Container(53).Column(5) | Container(53).Column(6) | Container(53).Column(7) | Container(53).Column(8) | Container(53).Column(9) | Container(53).Column(10)] + [Container(53).Row(1) | Container(53).Row(2)]</visible>
	<control type="image">
	<include>WallInfoPaneMidLeft</include>
	</control>
	<include>WallInfoPaneInfo</include>
	</control>
	<control type="group"><!-- BottomLeft -->
	<include>WallInfoPaneMoviesVars</include>
	<posx>130</posx>
	<posy>185</posy>
	<animation effect="slide" start="0,0" end="101,0" time="0" condition="Container(53).Column(6)">Conditional</animation>
	<animation effect="slide" start="0,0" end="202,0" time="0" condition="Container(53).Column(7)">Conditional</animation>
	<animation effect="slide" start="0,0" end="303,0" time="0" condition="Container(53).Column(8)">Conditional</animation>
	<animation effect="slide" start="0,0" end="404,0" time="0" condition="Container(53).Column(9)">Conditional</animation>
	<animation effect="slide" start="0,0" end="505,0" time="0" condition="Container(53).Column(10)">Conditional</animation>
	<visible>[Container(53).Column(5) | Container(53).Column(6) | Container(53).Column(7) | Container(53).Column(8) | Container(53).Column(9) | Container(53).Column(10)] + Container(53).Row(3)</visible>
	<control type="image">
	<include>WallInfoPaneBottomLeft</include>
	</control>
	<include>WallInfoPaneInfo</include>
	</control>
	</include>

	<include name="WallInfoPaneMoviesMax">
	<control type="group"><!-- TopRight -->
	<include>WallInfoPaneMoviesVars</include>
	<posx>171</posx>
	<posy>104</posy>
	<animation effect="slide" start="0,0" end="81,0" time="0" condition="Container(53).Column(1)">Conditional</animation>
	<animation effect="slide" start="0,0" end="162,0" time="0" condition="Container(53).Column(2)">Conditional</animation>
	<animation effect="slide" start="0,0" end="243,0" time="0" condition="Container(53).Column(3)">Conditional</animation>
	<animation effect="slide" start="0,0" end="324,0" time="0" condition="Container(53).Column(4)">Conditional</animation>
	<animation effect="slide" start="0,0" end="405,0" time="0" condition="Container(53).Column(5)">Conditional</animation>
	<animation effect="slide" start="0,0" end="486,0" time="0" condition="Container(53).Column(6)">Conditional</animation>
	<visible>[Container(53).Column(0) | Container(53).Column(1) | Container(53).Column(2) | Container(53).Column(3) | Container(53).Column(4) | Container(53).Column(5) | Container(53).Column(6)] + Container(53).Row(0)</visible>
	<control type="image">
	<posx>-9</posx>
	<include>WallInfoPaneTopRight</include>
	</control>
	<include>WallInfoPaneInfo</include>
	</control>
	<control type="group"><!-- MidRight -->
	<include>WallInfoPaneMoviesVars</include>
	<posx>171</posx>
	<posy>31</posy>
	<animation effect="slide" start="0,0" end="0,100" time="0" condition="Container(53).Row(2)">Conditional</animation>
	<animation effect="slide" start="0,0" end="0,200" time="0" condition="Container(53).Row(3)">Conditional</animation>
	<animation effect="slide" start="0,0" end="81,0" time="0" condition="Container(53).Column(1)">Conditional</animation>
	<animation effect="slide" start="0,0" end="162,0" time="0" condition="Container(53).Column(2)">Conditional</animation>
	<animation effect="slide" start="0,0" end="243,0" time="0" condition="Container(53).Column(3)">Conditional</animation>
	<animation effect="slide" start="0,0" end="324,0" time="0" condition="Container(53).Column(4)">Conditional</animation>
	<animation effect="slide" start="0,0" end="405,0" time="0" condition="Container(53).Column(5)">Conditional</animation>
	<animation effect="slide" start="0,0" end="486,0" time="0" condition="Container(53).Column(6)">Conditional</animation>
	<visible>[Container(53).Column(0) | Container(53).Column(1) | Container(53).Column(2) | Container(53).Column(3) | Container(53).Column(4) | Container(53).Column(5) | Container(53).Column(6)] + [Container(53).Row(1) | Container(53).Row(2) | Container(53).Row(3)]"</visible>
	<control type="image">
	<posx>-9</posx>
	<include>WallInfoPaneMidRight</include>
	</control>
	<include>WallInfoPaneInfo</include>
	</control>
	<control type="group"><!-- BottomRight -->
	<include>WallInfoPaneMoviesVars</include>
	<posx>171</posx>
	<posy>185</posy>
	<animation effect="slide" start="0,0" end="81,0" time="0" condition="Container(53).Column(1)">Conditional</animation>
	<animation effect="slide" start="0,0" end="162,0" time="0" condition="Container(53).Column(2)">Conditional</animation>
	<animation effect="slide" start="0,0" end="243,0" time="0" condition="Container(53).Column(3)">Conditional</animation>
	<animation effect="slide" start="0,0" end="324,0" time="0" condition="Container(53).Column(4)">Conditional</animation>
	<animation effect="slide" start="0,0" end="405,0" time="0" condition="Container(53).Column(5)">Conditional</animation>
	<animation effect="slide" start="0,0" end="486,0" time="0" condition="Container(53).Column(6)">Conditional</animation>
	<visible>[Container(53).Column(0) | Container(53).Column(1) | Container(53).Column(2) | Container(53).Column(3) | Container(53).Column(4) | Container(53).Column(5) | Container(53).Column(6)] + Container(53).Row(4)</visible>
	<control type="image">
	<posx>-9</posx>
	<include>WallInfoPaneBottomRight</include>
	</control>
	<include>WallInfoPaneInfo</include>
	</control>
	<control type="group"><!-- TopLeft -->
	<include>WallInfoPaneMoviesVars</include>
	<posx>184</posx>
	<posy>104</posy>
	<animation effect="slide" start="0,0" end="81,0" time="0" condition="Container(53).Column(8)">Conditional</animation>
	<animation effect="slide" start="0,0" end="162,0" time="0" condition="Container(53).Column(9)">Conditional</animation>
	<animation effect="slide" start="0,0" end="243,0" time="0" condition="Container(53).Column(10)">Conditional</animation>
	<animation effect="slide" start="0,0" end="324,0" time="0" condition="Container(53).Column(11)">Conditional</animation>
	<animation effect="slide" start="0,0" end="405,0" time="0" condition="Container(53).Column(12)">Conditional</animation>
	<animation effect="slide" start="0,0" end="486,0" time="0" condition="Container(53).Column(13)">Conditional</animation>
	<visible>[Container(53).Column(7) | Container(53).Column(8) | Container(53).Column(9) | Container(53).Column(10) | Container(53).Column(11) | Container(53).Column(12) | Container(53).Column(13)] + Container(53).Row(0)</visible>
	<control type="image">
	<include>WallInfoPaneTopLeft</include>
	</control>
	<include>WallInfoPaneInfo</include>
	</control>
	<control type="group"><!-- MidLeft -->
	<include>WallInfoPaneMoviesVars</include>
	<posx>184</posx>
	<posy>31</posy>
	<animation effect="slide" start="0,0" end="0,100" time="0" condition="Container(53).Row(2)">Conditional</animation>
	<animation effect="slide" start="0,0" end="0,200" time="0" condition="Container(53).Row(3)">Conditional</animation>
	<animation effect="slide" start="0,0" end="81,0" time="0" condition="Container(53).Column(8)">Conditional</animation>
	<animation effect="slide" start="0,0" end="162,0" time="0" condition="Container(53).Column(9)">Conditional</animation>
	<animation effect="slide" start="0,0" end="243,0" time="0" condition="Container(53).Column(10)">Conditional</animation>
	<animation effect="slide" start="0,0" end="324,0" time="0" condition="Container(53).Column(11)">Conditional</animation>
	<animation effect="slide" start="0,0" end="405,0" time="0" condition="Container(53).Column(12)">Conditional</animation>
	<animation effect="slide" start="0,0" end="486,0" time="0" condition="Container(53).Column(13)">Conditional</animation>
	<visible>[Container(53).Column(7) | Container(53).Column(8) | Container(53).Column(9) | Container(53).Column(10) | Container(53).Column(11) | Container(53).Column(12) | Container(53).Column(13)] + [Container(53).Row(1) | Container(53).Row(2)| Container(53).Row(3)]</visible>
	<control type="image">
	<include>WallInfoPaneMidLeft</include>
	</control>
	<include>WallInfoPaneInfo</include>
	</control>
	<control type="group"><!-- BottomLeft -->
	<include>WallInfoPaneMoviesVars</include>
	<posx>184</posx>
	<posy>185</posy>
	<animation effect="slide" start="0,0" end="81,0" time="0" condition="Container(53).Column(8)">Conditional</animation>
	<animation effect="slide" start="0,0" end="162,0" time="0" condition="Container(53).Column(9)">Conditional</animation>
	<animation effect="slide" start="0,0" end="243,0" time="0" condition="Container(53).Column(10)">Conditional</animation>
	<animation effect="slide" start="0,0" end="324,0" time="0" condition="Container(53).Column(11)">Conditional</animation>
	<animation effect="slide" start="0,0" end="405,0" time="0" condition="Container(53).Column(12)">Conditional</animation>
	<animation effect="slide" start="0,0" end="486,0" time="0" condition="Container(53).Column(13)">Conditional</animation>
	<visible>[Container(53).Column(7) | Container(53).Column(8) | Container(53).Column(9) | Container(53).Column(10) | Container(53).Column(11) | Container(53).Column(12) | Container(53).Column(13)] + Container(53).Row(4)</visible>
	<control type="image">
	<include>WallInfoPaneBottomLeft</include>
	</control>
	<include>WallInfoPaneInfo</include>
	</control>
	</include>

	<include name="WallInfoPaneMusicSmall">
	<control type="group"><!-- TopRight -->
	<include>WallInfoPaneMoviesVars</include>
	<posx>240</posx>
	<posy>144</posy>
	<animation effect="slide" start="0,0" end="75,0" time="0" condition="Container(53).Column(0)">Conditional</animation>
	<animation effect="slide" start="0,0" end="205,0" time="0" condition="Container(53).Column(1)">Conditional</animation>
	<animation effect="slide" start="0,0" end="340,0" time="0" condition="Container(53).Column(2)">Conditional</animation>
	<animation effect="slide" start="0,0" end="475,0" time="0" condition="Container(53).Column(3)">Conditional</animation>
	<visible>[Container(53).Column(0) | Container(53).Column(1) | Container(53).Column(2) | Container(53).Column(3)] + Container(53).Row(0)</visible>
	<control type="image">
	<posx>-9</posx>
	<include>WallInfoPaneTopRight</include>
	</control>
	<include>WallInfoPaneInfo</include>
	</control>
	<control type="group"><!-- MidRight -->
	<include>WallInfoPaneMoviesVars</include>
	<posx>240</posx>
	<posy>144</posy>
	<animation effect="slide" start="0,0" end="75,0" time="0" condition="Container(53).Column(0)">Conditional</animation>
	<animation effect="slide" start="0,0" end="205,0" time="0" condition="Container(53).Column(1)">Conditional</animation>
	<animation effect="slide" start="0,0" end="340,0" time="0" condition="Container(53).Column(2)">Conditional</animation>
	<animation effect="slide" start="0,0" end="475,0" time="0" condition="Container(53).Column(3)">Conditional</animation>
	<visible>[Container(53).Column(0) | Container(53).Column(1) | Container(53).Column(2) | Container(53).Column(3)] + Container(53).Row(1)</visible>
	<control type="image">
	<posx>-9</posx>
	<include>WallInfoPaneMidRight</include>
	</control>
	<include>WallInfoPaneInfo</include>
	</control>
	<control type="group"><!-- BottomRight -->
	<include>WallInfoPaneMoviesVars</include>
	<posx>240</posx>
	<posy>144</posy>
	<animation effect="slide" start="0,0" end="75,0" time="0" condition="Container(53).Column(0)">Conditional</animation>
	<animation effect="slide" start="0,0" end="205,0" time="0" condition="Container(53).Column(1)">Conditional</animation>
	<animation effect="slide" start="0,0" end="340,0" time="0" condition="Container(53).Column(2)">Conditional</animation>
	<animation effect="slide" start="0,0" end="475,0" time="0" condition="Container(53).Column(3)">Conditional</animation>
	<visible>[Container(53).Column(0) | Container(53).Column(1) | Container(53).Column(2) | Container(53).Column(3)] + Container(53).Row(2)</visible>
	<control type="image">
	<posx>-9</posx>
	<include>WallInfoPaneBottomRight</include>
	</control>
	<include>WallInfoPaneInfo</include>
	</control>
	<control type="group"><!-- FloorRight -->
	<include>WallInfoPaneMoviesVars</include>
	<posx>240</posx>
	<posy>144</posy>
	<animation effect="slide" start="0,0" end="75,0" time="0" condition="Container(53).Column(0)">Conditional</animation>
	<animation effect="slide" start="0,0" end="205,0" time="0" condition="Container(53).Column(1)">Conditional</animation>
	<animation effect="slide" start="0,0" end="340,0" time="0" condition="Container(53).Column(2)">Conditional</animation>
	<animation effect="slide" start="0,0" end="475,0" time="0" condition="Container(53).Column(3)">Conditional</animation>
	<visible>[Container(53).Column(0) | Container(53).Column(1) | Container(53).Column(2) | Container(53).Column(3)] + [Container(53).Row(3) | Container(53).Row(4)]</visible>
	<control type="image">
	<posx>-9</posx>
	<include>WallInfoPaneBottomRight</include>
	</control>
	<include>WallInfoPaneInfo</include>
	</control>
	<control type="group"><!-- TopLeft -->
	<include>WallInfoPaneMoviesVars</include>
	<posx>113</posx>
	<posy>144</posy>
	<animation effect="slide" start="0,0" end="20,0" time="0" condition="Container(53).Column(4)">Conditional</animation>
	<animation effect="slide" start="0,0" end="153,0" time="0" condition="Container(53).Column(5)">Conditional</animation>
	<animation effect="slide" start="0,0" end="285,0" time="0" condition="Container(53).Column(6)">Conditional</animation>
	<animation effect="slide" start="0,0" end="415,0" time="0" condition="Container(53).Column(7)">Conditional</animation>
	<visible>[Container(53).Column(4) | Container(53).Column(5) | Container(53).Column(6) | Container(53).Column(7) | Container(53).Column(8)] + Container(53).Row(0)</visible>
	<control type="image">
	<include>WallInfoPaneTopLeft</include>
	</control>
	<include>WallInfoPaneInfo</include>
	</control>
	<control type="group"><!-- MidLeft -->
	<include>WallInfoPaneMoviesVars</include>
	<posx>113</posx>
	<posy>144</posy>
	<animation effect="slide" start="0,0" end="20,0" time="0" condition="Container(53).Column(4)">Conditional</animation>
	<animation effect="slide" start="0,0" end="153,0" time="0" condition="Container(53).Column(5)">Conditional</animation>
	<animation effect="slide" start="0,0" end="285,0" time="0" condition="Container(53).Column(6)">Conditional</animation>
	<animation effect="slide" start="0,0" end="415,0" time="0" condition="Container(53).Column(7)">Conditional</animation>
	<visible>[Container(53).Column(4) | Container(53).Column(5) | Container(53).Column(6) | Container(53).Column(7) | Container(53).Column(8)] + Container(53).Row(1)</visible>
	<control type="image">
	<include>WallInfoPaneMidLeft</include>
	</control>
	<include>WallInfoPaneInfo</include>
	</control>
	<control type="group"><!-- BottomLeft -->
	<include>WallInfoPaneMoviesVars</include>
	<posx>113</posx>
	<posy>144</posy>
	<animation effect="slide" start="0,0" end="20,0" time="0" condition="Container(53).Column(4)">Conditional</animation>
	<animation effect="slide" start="0,0" end="153,0" time="0" condition="Container(53).Column(5)">Conditional</animation>
	<animation effect="slide" start="0,0" end="285,0" time="0" condition="Container(53).Column(6)">Conditional</animation>
	<animation effect="slide" start="0,0" end="415,0" time="0" condition="Container(53).Column(7)">Conditional</animation>
	<visible>[Container(53).Column(4) | Container(53).Column(5) | Container(53).Column(6) | Container(53).Column(7) | Container(53).Column(8)] + Container(53).Row(2)</visible>
	<control type="image">
	<include>WallInfoPaneBottomLeft</include>
	</control>
	<include>WallInfoPaneInfo</include>
	</control>
	<control type="group"><!-- FloorLeft -->
	<include>WallInfoPaneMoviesVars</include>
	<posx>113</posx>
	<posy>144</posy>
	<animation effect="slide" start="0,0" end="20,0" time="0" condition="Container(53).Column(4)">Conditional</animation>
	<animation effect="slide" start="0,0" end="153,0" time="0" condition="Container(53).Column(5)">Conditional</animation>
	<animation effect="slide" start="0,0" end="285,0" time="0" condition="Container(53).Column(6)">Conditional</animation>
	<animation effect="slide" start="0,0" end="415,0" time="0" condition="Container(53).Column(7)">Conditional</animation>
	<visible>[Container(53).Column(4) | Container(53).Column(5) | Container(53).Column(6) | Container(53).Column(7) | Container(53).Column(8)] + [Container(53).Row(3) | Container(53).Row(4)]</visible>
	<control type="image">
	<include>WallInfoPaneBottomLeft</include>
	</control>
	<include>WallInfoPaneInfo</include>
	</control>
	</include>

	<include name="WallInfoPaneMusicBig">
	<control type="group"><!-- TopRight -->
	<include>WallInfoPaneMoviesVars</include>
	<posx>240</posx>
	<posy>144</posy>
	<animation effect="slide" start="0,0" end="50,0" time="0" condition="Container(53).Column(0)">Conditional</animation>
	<animation effect="slide" start="0,0" end="152,0" time="0" condition="Container(53).Column(1)">Conditional</animation>
	<animation effect="slide" start="0,0" end="260,0" time="0" condition="Container(53).Column(2)">Conditional</animation>
	<animation effect="slide" start="0,0" end="367,0" time="0" condition="Container(53).Column(3)">Conditional</animation>
	<visible>[Container(53).Column(0) | Container(53).Column(1) | Container(53).Column(2) | Container(53).Column(3)] + Container(53).Row(0)</visible>
	<control type="image">
	<posx>-9</posx>
	<include>WallInfoPaneTopRight</include>
	</control>
	<include>WallInfoPaneInfo</include>
	</control>
	<control type="group"><!-- MidRight -->
	<include>WallInfoPaneMoviesVars</include>
	<posx>240</posx>
	<posy>144</posy>
	<animation effect="slide" start="0,0" end="50,0" time="0" condition="Container(53).Column(0)">Conditional</animation>
	<animation effect="slide" start="0,0" end="152,0" time="0" condition="Container(53).Column(1)">Conditional</animation>
	<animation effect="slide" start="0,0" end="260,0" time="0" condition="Container(53).Column(2)">Conditional</animation>
	<animation effect="slide" start="0,0" end="367,0" time="0" condition="Container(53).Column(3)">Conditional</animation>
	<visible>[Container(53).Column(0) | Container(53).Column(1) | Container(53).Column(2) | Container(53).Column(3)] + Container(53).Row(1)</visible>
	<control type="image">
	<posx>-9</posx>
	<include>WallInfoPaneMidRight</include>
	</control>
	<include>WallInfoPaneInfo</include>
	</control>
	<control type="group"><!-- BottomRight -->
	<include>WallInfoPaneMoviesVars</include>
	<posx>240</posx>
	<posy>144</posy>
	<animation effect="slide" start="0,0" end="50,0" time="0" condition="Container(53).Column(0)">Conditional</animation>
	<animation effect="slide" start="0,0" end="152,0" time="0" condition="Container(53).Column(1)">Conditional</animation>
	<animation effect="slide" start="0,0" end="260,0" time="0" condition="Container(53).Column(2)">Conditional</animation>
	<animation effect="slide" start="0,0" end="367,0" time="0" condition="Container(53).Column(3)">Conditional</animation>
	<visible>[Container(53).Column(0) | Container(53).Column(1) | Container(53).Column(2) | Container(53).Column(3)] + Container(53).Row(2)</visible>
	<control type="image">
	<posx>-9</posx>
	<include>WallInfoPaneBottomRight</include>
	</control>
	<include>WallInfoPaneInfo</include>
	</control>
	<control type="group"><!-- FloorRight -->
	<include>WallInfoPaneMoviesVars</include>
	<posx>240</posx>
	<posy>144</posy>
	<animation effect="slide" start="0,0" end="50,0" time="0" condition="Container(53).Column(0)">Conditional</animation>
	<animation effect="slide" start="0,0" end="152,0" time="0" condition="Container(53).Column(1)">Conditional</animation>
	<animation effect="slide" start="0,0" end="260,0" time="0" condition="Container(53).Column(2)">Conditional</animation>
	<animation effect="slide" start="0,0" end="367,0" time="0" condition="Container(53).Column(3)">Conditional</animation>
	<visible>[Container(53).Column(0) | Container(53).Column(1) | Container(53).Column(2) | Container(53).Column(3)] + [Container(53).Row(3) | Container(53).Row(4)]</visible>
	<control type="image">
	<posx>-9</posx>
	<include>WallInfoPaneBottomRight</include>
	</control>
	<include>WallInfoPaneInfo</include>
	</control>
	<control type="group"><!-- TopLeft -->
	<include>WallInfoPaneMoviesVars</include>
	<posx>113</posx>
	<posy>144</posy>
	<animation effect="slide" start="0,0" end="-80,0" time="0" condition="Container(53).Column(4)">Conditional</animation>
	<animation effect="slide" start="0,0" end="20,0" time="0" condition="Container(53).Column(5)">Conditional</animation>
	<animation effect="slide" start="0,0" end="130,0" time="0" condition="Container(53).Column(6)">Conditional</animation>
	<animation effect="slide" start="0,0" end="240,0" time="0" condition="Container(53).Column(7)">Conditional</animation>
	<animation effect="slide" start="0,0" end="350,0" time="0" condition="Container(53).Column(8)">Conditional</animation>
	<animation effect="slide" start="0,0" end="450,0" time="0" condition="Container(53).Column(9)">Conditional</animation>
	<visible>[Container(53).Column(4) | Container(53).Column(5) | Container(53).Column(6) | Container(53).Column(7) | Container(53).Column(8) | Container(53).Column(9)] + Container(53).Row(0)</visible>
	<control type="image">
	<include>WallInfoPaneTopLeft</include>
	</control>
	<include>WallInfoPaneInfo</include>
	</control>
	<control type="group"><!-- MidLeft -->
	<include>WallInfoPaneMoviesVars</include>
	<posx>113</posx>
	<posy>144</posy>
	<animation effect="slide" start="0,0" end="-80,0" time="0" condition="Container(53).Column(4)">Conditional</animation>
	<animation effect="slide" start="0,0" end="20,0" time="0" condition="Container(53).Column(5)">Conditional</animation>
	<animation effect="slide" start="0,0" end="130,0" time="0" condition="Container(53).Column(6)">Conditional</animation>
	<animation effect="slide" start="0,0" end="240,0" time="0" condition="Container(53).Column(7)">Conditional</animation>
	<animation effect="slide" start="0,0" end="350,0" time="0" condition="Container(53).Column(8)">Conditional</animation>
	<animation effect="slide" start="0,0" end="450,0" time="0" condition="Container(53).Column(9)">Conditional</animation>
	<visible>[Container(53).Column(4) | Container(53).Column(5) | Container(53).Column(6) | Container(53).Column(7) | Container(53).Column(8) | Container(53).Column(9)] + Container(53).Row(1)</visible>
	<control type="image">
	<include>WallInfoPaneMidLeft</include>
	</control>
	<include>WallInfoPaneInfo</include>
	</control>
	<control type="group"><!-- BottomLeft -->
	<include>WallInfoPaneMoviesVars</include>
	<posx>113</posx>
	<posy>144</posy>
	<animation effect="slide" start="0,0" end="-80,0" time="0" condition="Container(53).Column(4)">Conditional</animation>
	<animation effect="slide" start="0,0" end="20,0" time="0" condition="Container(53).Column(5)">Conditional</animation>
	<animation effect="slide" start="0,0" end="130,0" time="0" condition="Container(53).Column(6)">Conditional</animation>
	<animation effect="slide" start="0,0" end="240,0" time="0" condition="Container(53).Column(7)">Conditional</animation>
	<animation effect="slide" start="0,0" end="350,0" time="0" condition="Container(53).Column(8)">Conditional</animation>
	<animation effect="slide" start="0,0" end="450,0" time="0" condition="Container(53).Column(9)">Conditional</animation>
	<visible>[Container(53).Column(4) | Container(53).Column(5) | Container(53).Column(6) | Container(53).Column(7) | Container(53).Column(8) | Container(53).Column(9)] + Container(53).Row(2)</visible>
	<control type="image">
	<include>WallInfoPaneBottomLeft</include>
	</control>
	<include>WallInfoPaneInfo</include>
	</control>
	<control type="group"><!-- FloorLeft -->
	<include>WallInfoPaneMoviesVars</include>
	<posx>113</posx>
	<posy>144</posy>
	<animation effect="slide" start="0,0" end="-80,0" time="0" condition="Container(53).Column(4)">Conditional</animation>
	<animation effect="slide" start="0,0" end="20,0" time="0" condition="Container(53).Column(5)">Conditional</animation>
	<animation effect="slide" start="0,0" end="130,0" time="0" condition="Container(53).Column(6)">Conditional</animation>
	<animation effect="slide" start="0,0" end="240,0" time="0" condition="Container(53).Column(7)">Conditional</animation>
	<animation effect="slide" start="0,0" end="350,0" time="0" condition="Container(53).Column(8)">Conditional</animation>
	<animation effect="slide" start="0,0" end="450,0" time="0" condition="Container(53).Column(9)">Conditional</animation>
	<visible>[Container(53).Column(4) | Container(53).Column(5) | Container(53).Column(6) | Container(53).Column(7) | Container(53).Column(8) | Container(53).Column(9)] + [Container(53).Row(3) | Container(53).Row(4)]</visible>
	<control type="image">
	<include>WallInfoPaneBottomLeft</include>
	</control>
	<include>WallInfoPaneInfo</include>
	</control>
	</include>

	<include name="WallInfoPaneMoviesVars">
	<width>442</width>
	<height>432</height>
	<animation effect="fade" start="0" end="100" time="400" delay="5000" condition="![Container.Content(movies) + SubString(skin.string(movies_info_wall),on) | Container.Content(musicvideos) + SubString(skin.string(musicvideos_info_wall),on) | Container.Content(tvshows) + SubString(skin.string(tvshows_info_wall),on) | Container.Content(seasons) + SubString(skin.string(seasons_info_wall),on) | Container.Content(episodes) + SubString(skin.string(episodes_info_wall),on) | Container.Content(albums) + SubString(skin.string(albums_info_wall),on) | Container.Content(artists) + SubString(skin.string(artists_info_wall),on) | Container.Content(files) + SubString(skin.string(files_info_wall),on) | Window.IsActive(1) + SubString(skin.string(programs_info_wall),on) | !Skin.HasSetting(trailers)]">WindowOpen</animation>
	<animation effect="fade" end="0" time="200">WindowClose</animation>
	<animation type="WindowOpen" reversible="false">
	<effect type="fade" start="0" end="100" time="400" />
	<effect type="zoom" center="auto" start="0" end="100" time="550" tween="back" acceleration="-2" />
	</animation>
	<animation type="Visible" reversible="false">
	<effect type="fade" start="0" end="100" time="400" />
	<effect type="zoom" center="auto" start="0" end="100" time="550" tween="back" acceleration="-2" />
	</animation>
	<visible>Control.IsVisible(53) + [[Control.IsVisible(109) | Control.HasFocus(9910)] | [Container.Content(movies) + SubString(skin.string(movies_info_wall),on) | Container.Content(musicvideos) + SubString(skin.string(musicvideos_info_wall),on) | Container.Content(tvshows) + SubString(skin.string(tvshows_info_wall),on) | Container.Content(seasons) + SubString(skin.string(seasons_info_wall),on) | Container.Content(episodes) + SubString(skin.string(episodes_info_wall),on) | Container.Content(albums) + SubString(skin.string(albums_info_wall),on) | Container.Content(artists) + SubString(skin.string(artists_info_wall),on) | Container.Content(files) + SubString(skin.string(files_info_wall),on) | Window.IsActive(1) + SubString(skin.string(programs_info_wall),on)]] + !Control.HasFocus(9920)</visible>
	</include>
	<include name="WallInfoValue">
	<posx>0</posx>
	<posy>14</posy>
	<width>187</width>
	<height>13</height>
	<font>Font_WallInfoLabel</font>
	<textcolor>FFFFFFFF</textcolor>
	<scroll>true</scroll>
	<scrollout>false</scrollout>
	</include>
	<include name="WallInfoPanelInfoTitle">
	<control type="group">
	<control type="label">
	<posx>0</posx>
	<posy>-25</posy>
	<width>394</width>
	<height>17</height>
	<align>center</align>
	<font>Font_WallTitleMod</font>
	<textcolor>cdFFFFFF</textcolor>
	<label>$INFO[Container(53).ListItem.Title]</label>
	</control>
	</control>
	</include>
	<include name="WallInfoPaneInfo">
	<control type="group">
	<posx>19</posx>
	<posy>25</posy>
	<include>WallInfoPanelInfoTitle</include>
	<control type="group">
	<control type="label">
	<include>WallInfoLabel</include>
	<label>$VAR[value_wall_ground1_info]</label>
	</control>
	<control type="label">
	<include>WallInfoValue</include>
	<label fallback="161">$VAR[value_wall_ground1_value]</label>
	</control>
	</control>
	<control type="group">
	<posy>38</posy>
	<control type="label">
	<include>WallInfoLabel</include>
	<label>$VAR[value_wall_ground2_info]</label>
	</control>
	<control type="label">
	<include>WallInfoValue</include>
	<label fallback="161">$VAR[value_wall_ground2_value]</label>
	</control>
	</control>
	<control type="group">
	<posy>76</posy>
	<control type="label">
	<include>WallInfoLabel</include>
	<label>$VAR[value_wall_ground3_info]</label>
	</control>
	<control type="label">
	<include>WallInfoValue</include>
	<label fallback="161">$VAR[value_wall_ground3_value]</label>
	</control>
	</control>
	<control type="group">
	<posx>208</posx>
	<control type="label">
	<include>WallInfoLabel</include>
	<label>$VAR[value_wall_ground4_info]</label>
	</control>
	<control type="label">
	<include>WallInfoValue</include>
	<label fallback="161">$VAR[value_wall_ground4_value]</label>
	</control>
	</control>
	<control type="group">
	<posy>38</posy>
	<posx>208</posx>
	<control type="label">
	<include>WallInfoLabel</include>
	<label>$VAR[value_wall_ground5_info]</label>
	</control>
	<control type="label">
	<include>WallInfoValue</include>
	<label fallback="161">$VAR[value_wall_ground5_value]</label>
	</control>
	</control>
	<control type="group">
	<posy>76</posy>
	<posx>208</posx>
	<control type="label">
	<include>WallInfoLabel</include>
	<label>$VAR[value_wall_ground6_info]</label>
	</control>
	<control type="label">
	<include>WallInfoValue</include>
	<label fallback="161">$VAR[value_wall_ground6_value]</label>
	</control>
	</control>
	<control type="textbox">
	<posy>113</posy>
	<posx>0</posx>
	<width>395</width>
	<height>128</height>
	<font>Font_WallPlot</font>
	<label>$VAR[value_videoplot]</label>
	<autoscroll delay="8000" time="2000" repeat="8000">!Skin.HasSetting(noallowscroll)</autoscroll>
	</control>
	<control type="group">
	<posx>4</posx>
	<posy>259</posy>
	<control type="image">
	<posx>0</posx>
	<posy>0</posy>
	<width>187</width>
	<height>113</height>
	<texture>common_black.png</texture>
	<colordiffuse>94FFFFFF</colordiffuse>
	</control>
	<control type="image">
	<posx>1</posx>
	<posy>1</posy>
	<width>185</width>
	<height>111</height>
	<aspectratio>scale</aspectratio>
	<texture background="true">$INFO[ListItem.Path,,extrathumbs/thumb1.jpg]</texture>
	<visible>Window.IsVisible(25)</visible>
	</control>
	<control type="multiimage">
	<posx>1</posx>
	<posy>1</posy>
	<width>185</width>
	<height>111</height>
	<timeperimage>2000</timeperimage>
	<randomize>true</randomize>
	<aspectratio>scale</aspectratio>
	<fadetime>FanartCrossFadeTime</fadetime>
	<imagepath background="true">$INFO[Skin.String(CustomMusicLogoPath)]$INFO[ListItem.Artist,,/extrafanart/]</imagepath>
	<visible>!Window.IsVisible(25)</visible>
	</control>
	<control type="image">
	<posx>200</posx>
	<posy>0</posy>
	<width>187</width>
	<height>113</height>
	<texture>common_black.png</texture>
	<colordiffuse>94FFFFFF</colordiffuse>
	</control>
	<control type="image">
	<posx>201</posx>
	<posy>1</posy>
	<width>185</width>
	<height>111</height>
	<aspectratio>scale</aspectratio>
	<texture background="true">$INFO[ListItem.Path,,extrathumbs/thumb2.jpg]</texture>
	<visible>Window.IsVisible(25)</visible>
	</control>
	<control type="multiimage">
	<posx>201</posx>
	<posy>1</posy>
	<width>185</width>
	<height>111</height>
	<timeperimage>2000</timeperimage>
	<randomize>true</randomize>
	<aspectratio>scale</aspectratio>
	<fadetime>FanartCrossFadeTime</fadetime>
	<imagepath background="true">$INFO[Skin.String(CustomMusicLogoPath)]$INFO[ListItem.Artist,,/extrafanart/]</imagepath>
	<visible>!Window.IsVisible(25)</visible>
	</control>
	</control>
	</control>
	</include>
	<include name="VerticalWall">
	<onleft>53</onleft>
	<onright>53</onright>
	<onup condition="!Skin.HasSetting(kiosk)">9900</onup>
	<onup condition="!Skin.HasSetting(kiosk)">53</onup>
	<ondown condition="!Skin.HasSetting(kiosk)">9900</ondown>
	<ondown condition="Skin.HasSetting(kiosk)">53</ondown>
	<orientation>vertical</orientation>
	</include>
	<include name="HorizontalWall">
	<onleft>53</onleft>
	<onright>53</onright>
	<onup condition="!Skin.HasSetting(kiosk)">9900</onup>
	<onup condition="!Skin.HasSetting(kiosk)">53</onup>
	<ondown condition="!Skin.HasSetting(kiosk)">9900</ondown>
	<ondown condition="Skin.HasSetting(kiosk)">53</ondown>
	<orientation>horizontal</orientation>
	</include>
	<include name="WallIconDimensions">
	<posx>3</posx>
	<posy>3</posy>
	<width>128</width>
	<height>128</height>
	</include>
	<include name="WallIconDimensionsSmall">
	<posx>3</posx>
	<posy>3</posy>
	<width>102</width>
	<height>102</height>
	</include>
	<include name="WallIconMovieDimensions">
	<posx>3</posx>
	<posy>3</posy>
	<width>118</width>
	<height>174</height>
	</include>
	<include name="WallIconMovieDimensionsSmall">
	<posx>3</posx>
	<posy>3</posy>
	<width>97</width>
	<height>142</height>
	</include>
	<include name="WallIconMovieDimensionsMax">
	<posx>2</posx>
	<posy>2</posy>
	<width>77</width>
	<height>113</height>
	</include>
	<include name="WatchedOverlayWall">
	<posx>82</posx>
	<posy>1</posy>
	<width>40</width>
	<height>40</height>
	</include>
	<include name="WatchedOverlayWallSmall">
	<posx>65</posx>
	<posy>2</posy>
	<width>35</width>
	<height>35</height>
	</include>
	<include name="WatchedOverlayWallMax">
	<posx>49</posx>
	<posy>0</posy>
	<width>30</width>
	<height>30</height>
	</include>
	<include name="WatchedOverlayCaseWall">
	<posx>89</posx>
	<posy>13</posy>
	<width>30</width>
	<height>30</height>
	</include>
	<include name="WatchedOverlayWallCaseSmall">
	<posx>73</posx>
	<posy>12</posy>
	<width>25</width>
	<height>25</height>
	</include>
	<include name="WatchedOverlayWallCaseMax">
	<posx>57</posx>
	<posy>8</posy>
	<width>20</width>
	<height>20</height>
	</include>
	<include name="WallWidthBig">
	<posx>108</posx>
	<width>1067</width>
	</include>
	<include name="WallWidthSmall">
	<posx>108</posx>
	<width>1060</width>
	</include>
	<include name="MovieWallMax">
	<posx>74</posx>
	<posy>61</posy>
	<width>1136</width>
	<height>585</height>
	</include>
	<include name="MovieWallBig">
	<posx>85</posx>
	<posy>91</posy>
	<width>1108</width>
	<height>539</height>
	</include>
	<include name="MovieWallSmall">
	<posx>83</posx>
	<posy>66</posy>
	<width>1113</width>
	<height>585</height>
	</include>
	<include name="MusicWall">
	<include>Wall_BGBlack</include>
	<control type="panel" id="53">
	<viewtype label="31805">icon</viewtype>
	<include condition="!Skin.HasSetting(smallmusicwall)">WallWidthBig</include>
	<include condition="Skin.HasSetting(smallmusicwall)">WallWidthSmall</include>
	<posy>93</posy>
	<height>532</height>
	<pagecontrol>61</pagecontrol>
	<scrolltime>200</scrolltime>
	<preloaditems>2</preloaditems>
	<include condition="Skin.HasSetting(VerticalWall)">VerticalWall</include>
	<include condition="!Skin.HasSetting(VerticalWall)">HorizontalWall</include>
	<visible>Window.IsActive(pictures) | Window.IsActive(musicplaylist) | Window.IsActive(musicfiles) | Window.IsActive(musiclibrary) + [Container.Content(albums) | Container.Content(artists)]]</visible>
	<itemlayout width="133" height="133" condition="!Skin.HasSetting(smallmusicwall)">
	<control type="image">
	<include>WallIconDimensions</include>
	<texture diffuse="thumb_wall_mask.png">DefaultAudio.png</texture>
	<aspectratio scalediffuse="false">scale</aspectratio>
	<visible>Window.IsActive(musicplaylist) | Window.IsActive(musicfiles) | Window.IsActive(musiclibrary) | Container.Content(episodes)</visible>
	</control>
	<control type="image">
	<include>WallIconDimensions</include>
	<texture diffuse="thumb_wall_mask.png">DefaultPicture.png</texture>
	<aspectratio scalediffuse="false">scale</aspectratio>
	<visible>Window.IsActive(pictures)</visible>
	</control>
	<control type="image">
	<include>WallIconDimensions</include>
	<texture diffuse="thumb_wall_mask.png" fallback="DefaultVideoPoster.png" background="true">$VAR[value_poster]</texture>
	<aspectratio scalediffuse="false">scale</aspectratio>
	<fadetime>500</fadetime>
	<visible>Window.IsActive(pictures)</visible>
	</control>
	<control type="image">
	<include>WallIconDimensions</include>
	<texture diffuse="thumb_wall_mask.png" fallback="DefaultAddon.png" background="true">$VAR[value_poster]</texture>
	<aspectratio scalediffuse="false">scale</aspectratio>
	<fadetime>500</fadetime>
	<visible>Window.IsActive(programs)</visible>
	</control>
	<control type="image">
	<include>WallIconDimensions</include>
	<texture diffuse="thumb_wall_mask.png" fallback="DefaultAudio.png" background="true">$VAR[value_poster]</texture>
	<aspectratio scalediffuse="false">scale</aspectratio>
	<fadetime>500</fadetime>
	<visible>Window.IsActive(musicplaylist) | Window.IsActive(musicfiles) | Window.IsActive(musiclibrary) | Container.Content(episodes)</visible>
	</control>
	</itemlayout>
	<focusedlayout width="133" height="133" condition="!Skin.HasSetting(smallmusicwall)">
	<control type="image">
	<include>WallIconDimensions</include>
	<texture diffuse="thumb_wall_mask.png">DefaultAudio.png</texture>
	<aspectratio scalediffuse="false">scale</aspectratio>
	<visible>Window.IsActive(musicplaylist) | Window.IsActive(musicfiles) | Window.IsActive(musiclibrary) | Container.Content(episodes)</visible>
	<animation effect="zoom" center="66,90" start="100" end="190" time="400" easing="out" tween="cubic" reversible="false">Focus</animation>
	</control>
	<control type="image">
	<include>WallIconDimensions</include>
	<texture diffuse="thumb_wall_mask.png">DefaultPicture.png</texture>
	<aspectratio scalediffuse="false">scale</aspectratio>
	<visible>Window.IsActive(pictures)</visible>
	<animation effect="zoom" center="66,90" start="100" end="190" time="400" easing="out" tween="cubic" reversible="false">Focus</animation>
	</control>
	<control type="image">
	<include>WallIconDimensions</include>
	<texture diffuse="thumb_wall_mask.png" fallback="DefaultAddon.png" background="true">$VAR[value_poster]</texture>
	<aspectratio scalediffuse="false">scale</aspectratio>
	<fadetime>500</fadetime>
	<visible>Window.IsActive(programs)</visible>
	<animation effect="zoom" center="66,90" start="100" end="190" time="400" easing="out" tween="cubic" reversible="false">Focus</animation>
	</control>
	<control type="image">
	<include>WallIconDimensions</include>
	<texture diffuse="thumb_wall_mask.png" fallback="DefaultAddon.png" background="true">$VAR[value_poster]</texture>
	<aspectratio scalediffuse="false">scale</aspectratio>
	<fadetime>500</fadetime>
	<visible>Window.IsActive(musicplaylist) | Window.IsActive(musicfiles) | Window.IsActive(musiclibrary) | Container.Content(episodes)</visible>
	<animation effect="zoom" center="66,90" start="100" end="190" time="400" easing="out" tween="cubic" reversible="false">Focus</animation>
	</control>
	<control type="image">
	<include>WallIconDimensions</include>
	<texture diffuse="thumb_wall_mask.png" fallback="DefaultPicture.png" background="true">$VAR[value_poster]</texture>
	<aspectratio scalediffuse="false">scale</aspectratio>
	<fadetime>500</fadetime>
	<visible>Window.IsActive(pictures)</visible>
	<animation effect="zoom" center="66,90" start="100" end="190" time="400" easing="out" tween="cubic" reversible="false">Focus</animation>
	</control>
	<control type="image">
	<include>WallIconDimensions</include>
	<bordertexture border="-8">thumb_wall_fborder.png</bordertexture>
	<texture>common_blank.png</texture>
	<animation type="Focus" reversible="false">
	<effect type="fade" start="0" end="100" time="400" reversible="false" />
	<effect type="zoom" center="66,90" start="100" end="190" time="400" easing="out" tween="cubic" reversible="false" />
	</animation>
	</control>
	</focusedlayout>
	<itemlayout width="106" height="106" condition="Skin.HasSetting(smallmusicwall)">
	<control type="image">
	<include>WallIconDimensionsSmall</include>
	<texture diffuse="thumb_wall_mask.png">DefaultPicture.png</texture>
	<aspectratio scalediffuse="false">scale</aspectratio>
	<visible>Window.IsActive(pictures)</visible>
	</control>
	<control type="image">
	<include>WallIconDimensionsSmall</include>
	<texture diffuse="thumb_wall_mask.png">DefaultAudio.png</texture>
	<aspectratio scalediffuse="false">scale</aspectratio>
	<visible>Window.IsActive(musicplaylist) | Window.IsActive(musicfiles) | Window.IsActive(musiclibrary) | Container.Content(episodes)</visible>
	</control>
	<control type="image">
	<include>WallIconDimensionsSmall</include>
	<texture diffuse="thumb_wall_mask.png" fallback="DefaultPicture.png" background="true">$VAR[value_poster]</texture>
	<aspectratio scalediffuse="false">scale</aspectratio>
	<fadetime>500</fadetime>
	<visible>Window.IsActive(pictures)</visible>
	</control>
	<control type="image">
	<include>WallIconDimensionsSmall</include>
	<texture diffuse="thumb_wall_mask.png" fallback="DefaultAudio.png" background="true">$VAR[value_poster]</texture>
	<aspectratio scalediffuse="false">scale</aspectratio>
	<fadetime>500</fadetime>
	<visible>Window.IsActive(musicplaylist) | Window.IsActive(musicfiles) | Window.IsActive(musiclibrary) | Container.Content(episodes)</visible>
	</control>
	</itemlayout>
	<focusedlayout width="106" height="106" condition="Skin.HasSetting(smallmusicwall)">
	<control type="image">
	<include>WallIconDimensionsSmall</include>
	<texture diffuse="thumb_wall_mask.png">DefaultAudio.png</texture>
	<aspectratio scalediffuse="false">scale</aspectratio>
	<visible>Window.IsActive(musicplaylist) | Window.IsActive(musicfiles) | Window.IsActive(musiclibrary) | Container.Content(episodes)</visible>
	<animation effect="zoom" center="51,60" start="100" end="190" time="400" easing="out" tween="cubic" reversible="false">Focus</animation>
	</control>
	<control type="image">
	<include>WallIconDimensionsSmall</include>
	<texture diffuse="thumb_wall_mask.png">DefaultPicture.png</texture>
	<aspectratio scalediffuse="false">scale</aspectratio>
	<visible>Window.IsActive(pictures)</visible>
	<animation effect="zoom" center="51,60" start="100" end="190" time="400" easing="out" tween="cubic" reversible="false">Focus</animation>
	</control>
	<control type="image">
	<include>WallIconDimensionsSmall</include>
	<texture diffuse="thumb_wall_mask.png" fallback="DefaultAudio.png" background="true">$VAR[value_poster]</texture>
	<aspectratio scalediffuse="false">scale</aspectratio>
	<fadetime>500</fadetime>
	<visible>Window.IsActive(musicplaylist) | Window.IsActive(musicfiles) | Window.IsActive(musiclibrary) | Container.Content(episodes)</visible>
	<animation effect="zoom" center="51,60" start="100" end="190" time="400" easing="out" tween="cubic" reversible="false">Focus</animation>
	</control>
	<control type="image">
	<include>WallIconDimensionsSmall</include>
	<texture diffuse="thumb_wall_mask.png" fallback="DefaultPicture.png" background="true">$VAR[value_poster]</texture>
	<aspectratio scalediffuse="false">scale</aspectratio>
	<fadetime>500</fadetime>
	<visible>Window.IsActive(pictures)</visible>
	<animation effect="zoom" center="51,60" start="100" end="190" time="400" easing="out" tween="cubic" reversible="false">Focus</animation>
	</control>
	<control type="image">
	<include>WallIconDimensionsSmall</include>
	<bordertexture border="-5">thumb_wall_fborder.png</bordertexture>
	<texture>common_blank.png</texture>
	<animation type="Focus" reversible="false">
	<effect type="fade" start="0" end="100" time="400" reversible="false" />
	<effect type="zoom" center="51,60" start="100" end="190" time="400" easing="out" tween="cubic" reversible="false" />
	</animation>
	</control>
	</focusedlayout>
	</control>
	</include>
	<include name="Wall_BGBlack">
	<control type="group">
	<visible>[Control.IsVisible(53) + !Skin.HasSetting(smallmoviewall)] + !Skin.HasSetting(transparentwall)</visible>
	<animation effect="fade" time="200">WindowOpen</animation>
	<animation effect="fade" time="200">WindowClose</animation>
	<control type="image">
	<include>FullScreenDimensions</include>
	<texture>common_black.png</texture>
	<colordiffuse>c3FFFFFF</colordiffuse>
	</control>
	<control type="image">
	<posx>0</posx>
	<posy>0</posy>
	<width>1280</width>
	<height>85</height>
	<texture>common_black.png</texture>
	<animation effect="fade" end="80" condition="true">Conditional</animation>
	</control>
	<control type="image">
	<posx>0</posx>
	<posy>85</posy>
	<width>1280</width>
	<height>2</height>
	<texture>panel_horizontal_separator.png</texture>
	</control>
	<control type="image">
	<posx>0</posx>
	<posy>632</posy>
	<width>1280</width>
	<height>2</height>
	<texture>panel_horizontal_separator.png</texture>
	</control>
	</control>
	<control type="group">
	<visible>Control.IsVisible(53) + Skin.HasSetting(smallmoviewall) + Window.IsActive(videolibrary) + !Skin.HasSetting(transparentwall)</visible>
	<animation effect="fade" time="200">WindowOpen</animation>
	<animation effect="fade" time="200">WindowClose</animation>
	<control type="image">
	<include>FullScreenDimensions</include>
	<texture>common_black.png</texture>
	<colordiffuse>c3FFFFFF</colordiffuse>
	</control>
	<control type="image">
	<posx>0</posx>
	<posy>0</posy>
	<width>1280</width>
	<height>60</height>
	<texture>common_black.png</texture>
	<animation effect="fade" end="80" condition="true">Conditional</animation>
	</control>
	<control type="image">
	<posx>0</posx>
	<posy>60</posy>
	<width>1280</width>
	<height>2</height>
	<texture>panel_horizontal_separator.png</texture>
	</control>
	<control type="image">
	<posx>0</posx>
	<posy>654</posy>
	<width>1280</width>
	<height>2</height>
	<texture>panel_horizontal_separator.png</texture>
	</control>
	</control>
	</include>
	<include name="MovieWall">
	<include>Wall_BGBlack</include>
	<control type="panel" id="53">
	<viewtype label="31805">icon</viewtype>
	<include condition="[!Skin.HasSetting(smallmoviewall) + !Skin.HasSetting(maxmoviewall)]">MovieWallBig</include>
	<include condition="Skin.HasSetting(smallmoviewall)">MovieWallSmall</include>
	<include condition="Skin.HasSetting(maxmoviewall)">MovieWallMax</include>
	<pagecontrol>61</pagecontrol>
	<scrolltime>200</scrolltime>
	<preloaditems>2</preloaditems>
	<include condition="Skin.HasSetting(VerticalWall)">VerticalWall</include>
	<include condition="!Skin.HasSetting(VerticalWall)">HorizontalWall</include>
	<visible>[Window.IsActive(videoplaylist) | Window.IsActive(1) | Window.IsActive(videofiles) | [Window.IsActive(videolibrary) + !Container.Content(episodes) + !Container.Content(years) + !Container.Content()]]</visible>
	<itemlayout width="123" height="179" condition="!Skin.HasSetting(smallmoviewall) + !Skin.HasSetting(maxmoviewall)">
	<include condition="[!Skin.HasSetting(videomediacase) | Window.IsActive(1)]">WallIconNormal</include>
	<include condition="[Skin.HasSetting(videomediacase) + !Window.IsActive(1)]">WallIconDVDFocus</include>
	<control type="image">
	<include>WatchedOverlayWall</include>
	<include>detailcolornofocus</include>
	<texture>$INFO[ListItem.Overlay]</texture>
	<visible>![IsEmpty(ListItem.Overlay) | Skin.HasSetting(nooverlays)] + [Container.Content(movies) | Container.Content(musicvideos) | Container.Content(files) | Window.IsActive(1)] + !Skin.HasSetting(videomediacase)</visible>
	</control>
	<control type="image">
	<include>WatchedOverlayCaseWall</include>
	<include>detailcolornofocus</include>
	<texture>$INFO[ListItem.Overlay]</texture>
	<visible>![IsEmpty(ListItem.Overlay) | Skin.HasSetting(nooverlays)] + [Container.Content(movies) | Container.Content(musicvideos) | Container.Content(files) | Window.IsActive(1)] + Skin.HasSetting(videomediacase)</visible>
	</control>
	<control type="image">
	<include>WatchedOverlayWall</include>
	<include>detailcolornofocus</include>
	<texture>$INFO[ListItem.Overlay]</texture>
	<visible>![IsEmpty(ListItem.Overlay) | Skin.HasSetting(nooverlays)] + [substring(Container.FolderPath,videodb://2/) | substring(Container.FolderPath,videodb://5/)]</visible>
	</control>
	</itemlayout>
	<focusedlayout width="123" height="179" condition="!Skin.HasSetting(smallmoviewall) + !Skin.HasSetting(maxmoviewall)">
	<include condition="[!Skin.HasSetting(videomediacase) | Window.IsActive(1)]">WallIconNormalFocus</include>
	<include condition="[Skin.HasSetting(videomediacase) + !Window.IsActive(1)]">WallIconDVDFocus</include>
	<control type="image">
	<include>WatchedOverlayWall</include>
	<include>detailcolornofocus</include>
	<texture>$INFO[ListItem.Overlay]</texture>
	<include condition="[!Skin.HasSetting(videomediacase) | Window.IsActive(1)]">WallIconZoomAnimation</include>
	<include condition="[Skin.HasSetting(videomediacase) + !Window.IsActive(1)]">WallIconZoomAnimationDVD</include>
	<visible>![IsEmpty(ListItem.Overlay) | Skin.HasSetting(nooverlays)] + [Container.Content(movies) | Container.Content(musicvideos) | Container.Content(files) | Window.IsActive(1)] + !Skin.HasSetting(videomediacase)</visible>
	</control>
	<control type="image">
	<include>WatchedOverlayCaseWall</include>
	<include>detailcolornofocus</include>
	<texture>$INFO[ListItem.Overlay]</texture>
	<include condition="[!Skin.HasSetting(videomediacase) | Window.IsActive(1)]">WallIconZoomAnimation</include>
	<include condition="[Skin.HasSetting(videomediacase) + !Window.IsActive(1)]">WallIconZoomAnimationDVD</include>
	<visible>![IsEmpty(ListItem.Overlay) | Skin.HasSetting(nooverlays)] + [Container.Content(movies) | Container.Content(musicvideos) | Container.Content(files) | Window.IsActive(1)] + Skin.HasSetting(videomediacase)</visible>
	</control>
	<control type="image">
	<include>WatchedOverlayWall</include>
	<include>detailcolornofocus</include>
	<texture>$INFO[ListItem.Overlay]</texture>
	<include condition="[!Skin.HasSetting(videomediacase) | Window.IsActive(1)]">WallIconZoomAnimation</include>
	<include condition="[Skin.HasSetting(videomediacase) + !Window.IsActive(1)]">WallIconZoomAnimationDVD</include>
	<visible>![IsEmpty(ListItem.Overlay) | Skin.HasSetting(nooverlays)] + [substring(Container.FolderPath,videodb://2/) | substring(Container.FolderPath,videodb://5/)]</visible>
	</control>
	</focusedlayout>
	<itemlayout width="101" height="146" condition="Skin.HasSetting(smallmoviewall)">
	<include condition="[!Skin.HasSetting(videomediacase) | Window.IsActive(1)]">WallIconNormal</include>
	<include condition="[Skin.HasSetting(videomediacase) + !Window.IsActive(1)]">WallIconDVDFocus</include>
	<control type="image">
	<include>WatchedOverlayWallSmall</include>
	<include>detailcolornofocus</include>
	<texture>$INFO[ListItem.Overlay]</texture>
	<visible>![IsEmpty(ListItem.Overlay) | Skin.HasSetting(nooverlays)] + [Container.Content(movies) | Container.Content(musicvideos)] + [!Skin.HasSetting(videomediacase) | Window.IsActive(1)]</visible>
	</control>
	<control type="image">
	<include>WatchedOverlayWallCaseSmall</include>
	<include>detailcolornofocus</include>
	<texture>$INFO[ListItem.Overlay]</texture>
	<visible>![IsEmpty(ListItem.Overlay) | Skin.HasSetting(nooverlays)] + [Container.Content(movies) | Container.Content(musicvideos)] + [Skin.HasSetting(videomediacase) + !Window.IsActive(1)]</visible>
	</control>
	<control type="image">
	<include>WatchedOverlayWallSmall</include>
	<include>detailcolornofocus</include>
	<texture>$INFO[ListItem.Overlay]</texture>
	<visible>![IsEmpty(ListItem.Overlay) | Skin.HasSetting(nooverlays)] + [substring(Container.FolderPath,videodb://2/) | substring(Container.FolderPath,videodb://5/)]</visible>
	</control>
	</itemlayout>
	<focusedlayout width="101" height="146" condition="Skin.HasSetting(smallmoviewall)">
	<include condition="[!Skin.HasSetting(videomediacase) | Window.IsActive(1)]">WallIconNormalFocus</include>
	<include condition="[Skin.HasSetting(videomediacase) + !Window.IsActive(1)]">WallIconDVDFocus</include>
	<control type="image">
	<include>WatchedOverlayWallSmall</include>
	<include>detailcolornofocus</include>
	<texture>$INFO[ListItem.Overlay]</texture>
	<include condition="[!Skin.HasSetting(videomediacase) | Window.IsActive(1)]">WallIconZoomAnimationSmall</include>
	<include condition="[Skin.HasSetting(videomediacase) + !Window.IsActive(1)]">WallIconZoomAnimationDVDSmall</include>
	<visible>![IsEmpty(ListItem.Overlay) | Skin.HasSetting(nooverlays)] + [Container.Content(movies) | Container.Content(musicvideos)] + [!Skin.HasSetting(videomediacase) | Window.IsActive(1)]</visible>
	</control>
	<control type="image">
	<include>WatchedOverlayWallCaseSmall</include>
	<include>detailcolornofocus</include>
	<texture>$INFO[ListItem.Overlay]</texture>
	<include condition="[!Skin.HasSetting(videomediacase) | Window.IsActive(1)]">WallIconZoomAnimationSmall</include>
	<include condition="[Skin.HasSetting(videomediacase) + !Window.IsActive(1)]">WallIconZoomAnimationDVDSmall</include>
	<visible>![IsEmpty(ListItem.Overlay) | Skin.HasSetting(nooverlays)] + [Container.Content(movies) | Container.Content(musicvideos)] + [Skin.HasSetting(videomediacase) + !Window.IsActive(1)]</visible>
	</control>
	<control type="image">
	<include>WatchedOverlayWallSmall</include>
	<include>detailcolornofocus</include>
	<texture>$INFO[ListItem.Overlay]</texture>
	<include condition="[!Skin.HasSetting(videomediacase) | Window.IsActive(1)]">WallIconZoomAnimationSmall</include>
	<include condition="[Skin.HasSetting(videomediacase) + !Window.IsActive(1)]">WallIconZoomAnimationDVDSmall</include>
	<visible>![IsEmpty(ListItem.Overlay) | Skin.HasSetting(nooverlays)] + [substring(Container.FolderPath,videodb://2/) | substring(Container.FolderPath,videodb://5/)]</visible>
	</control>
	</focusedlayout>
	<itemlayout width="81" height="117" condition="Skin.HasSetting(maxmoviewall)">
	<include condition="[!Skin.HasSetting(videomediacase) | Window.IsActive(1)]">WallIconNormal</include>
	<include condition="[Skin.HasSetting(videomediacase) + !Window.IsActive(1)]">WallIconDVDFocus</include>
	<control type="image">
	<include>WatchedOverlayWallMax</include>
	<include>detailcolornofocus</include>
	<texture>$INFO[ListItem.Overlay]</texture>
	<visible>![IsEmpty(ListItem.Overlay) | Skin.HasSetting(nooverlays)] + [Container.Content(movies) | Container.Content(musicvideos)] + [!Skin.HasSetting(videomediacase) | Window.IsActive(1)]</visible>
	</control>
	<control type="image">
	<include>WatchedOverlayWallCaseMax</include>
	<include>detailcolornofocus</include>
	<texture>$INFO[ListItem.Overlay]</texture>
	<visible>![IsEmpty(ListItem.Overlay) | Skin.HasSetting(nooverlays)] + [Container.Content(movies) | Container.Content(musicvideos)] + [Skin.HasSetting(videomediacase) + !Window.IsActive(1)]</visible>
	</control>
	<control type="image">
	<include>WatchedOverlayWallMax</include>
	<include>detailcolornofocus</include>
	<texture>$INFO[ListItem.Overlay]</texture>
	<visible>![IsEmpty(ListItem.Overlay) | Skin.HasSetting(nooverlays)] + [substring(Container.FolderPath,videodb://2/) | substring(Container.FolderPath,videodb://5/)]</visible>
	</control>
	</itemlayout>
	<focusedlayout width="81" height="117" condition="Skin.HasSetting(maxmoviewall)">
	<include condition="[!Skin.HasSetting(videomediacase) | Window.IsActive(1)]">WallIconNormalFocus</include>
	<include condition="[Skin.HasSetting(videomediacase) + !Window.IsActive(1)]">WallIconDVDFocus</include>
	<control type="image">
	<include>WatchedOverlayWallMax</include>
	<include>detailcolornofocus</include>
	<texture>$INFO[ListItem.Overlay]</texture>
	<include condition="[!Skin.HasSetting(videomediacase) | Window.IsActive(1)]">WallIconZoomAnimationMax</include>
	<include condition="[Skin.HasSetting(videomediacase) + !Window.IsActive(1)]">WallIconZoomAnimationDVDMax</include>
	<visible>![IsEmpty(ListItem.Overlay) | Skin.HasSetting(nooverlays)] + [Container.Content(movies) | Container.Content(musicvideos)] + [!Skin.HasSetting(videomediacase) | Window.IsActive(1)]</visible>
	</control>
	<control type="image">
	<include>WatchedOverlayWallCaseMax</include>
	<include>detailcolornofocus</include>
	<texture>$INFO[ListItem.Overlay]</texture>
	<include condition="[!Skin.HasSetting(videomediacase) | Window.IsActive(1)]">WallIconZoomAnimationMax</include>
	<include condition="[Skin.HasSetting(videomediacase) + !Window.IsActive(1)]">WallIconZoomAnimationDVDMax</include>
	<visible>![IsEmpty(ListItem.Overlay) | Skin.HasSetting(nooverlays)] + [Container.Content(movies) | Container.Content(musicvideos)] + [Skin.HasSetting(videomediacase) + !Window.IsActive(1)]</visible>
	</control>
	<control type="image">
	<include>WatchedOverlayWallMax</include>
	<include>detailcolornofocus</include>
	<texture>$INFO[ListItem.Overlay]</texture>
	<include condition="[!Skin.HasSetting(videomediacase) | Window.IsActive(1)]">WallIconZoomAnimationMax</include>
	<include condition="[Skin.HasSetting(videomediacase) + !Window.IsActive(1)]">WallIconZoomAnimationDVDMax</include>
	<visible>![IsEmpty(ListItem.Overlay) | Skin.HasSetting(nooverlays)] + [substring(Container.FolderPath,videodb://2/) | substring(Container.FolderPath,videodb://5/)]</visible>
	</control>
	</focusedlayout>
	</control>
	</include>
	<include name="ViewWall">
	<include condition="Window.IsActive(pictures) | Window.IsActive(musicplaylist) | Window.IsActive(musicfiles) | Window.IsActive(musiclibrary)">MusicWall</include>
	<include condition="Window.IsActive(videoplaylist) | Window.IsActive(videofiles) | Window.IsActive(videolibrary) | Window.IsActive(1)">MovieWall</include>
	<control type="image">
	<posx>57</posx>
	<posy>98</posy>
	<width>20</width>
	<height>524</height>
	<texture>wall_arrow.png</texture>
	<visible>Control.IsVisible(53) + !Skin.HasSetting(VerticalWall)</visible>
	<animation effect="slide" start="-100" end="0" delay="800" time="400" easing="out" tween="cubic">WindowOpen</animation>
	<animation effect="fade" start="100" end="0" time="400" condition="Container(53).Column(0)">Conditional</animation>
	<animation effect="slide" start="18" end="18" time="0" condition="Window.IsActive(pictures) | Window.IsActive(musicfiles) | Window.IsActive(musiclibrary)">Conditional</animation>
	</control>
	<control type="image">
	<posx>1203</posx>
	<posy>98</posy>
	<width>20</width>
	<height>524</height>
	<texture flipx="true">wall_arrow.png</texture>
	<visible>Control.IsVisible(53) + !Skin.HasSetting(VerticalWall)</visible>
	<animation effect="slide" start="100" end="0" delay="800" time="400" easing="out" tween="cubic">WindowOpen</animation>
	<animation effect="fade" start="100" end="0" time="400" condition="[[Window.IsActive(pictures) | Window.IsActive(musicfiles) | Window.IsActive(musiclibrary)] + Container(53).Column(7)] | [[Window.IsActive(programs) | Window.IsActive(videofiles) | Window.IsActive(videolibrary)] + Container(53).Column(8) + !Skin.HasSetting(smallmoviewall) + !Skin.HasSetting(maxmoviewall)] | [[Window.IsActive(programs) | Window.IsActive(videofiles) | Window.IsActive(videolibrary)] + Container(53).Column(10) + Skin.HasSetting(smallmoviewall)] | [[Window.IsActive(programs) | Window.IsActive(videofiles) | Window.IsActive(videolibrary)] + Container(53).Column(13) + Skin.HasSetting(maxmoviewall)]">Conditional</animation>
	<animation effect="slide" start="-18" end="-18" time="0" condition="Window.IsActive(pictures) | Window.IsActive(musicfiles) | Window.IsActive(musiclibrary)">Conditional</animation>
	</control>
	<!--Music Wall-->
	<control type="image">
	<posx>88</posx>
	<posy>70</posy>
	<width>1100</width>
	<height>20</height>
	<texture>wall_arrow_vertical.png</texture>
	<visible>Control.IsVisible(53) + [Window.IsActive(pictures) | Window.IsActive(musicfiles) | Window.IsActive(musiclibrary)] + Skin.HasSetting(VerticalWall)</visible>
	<animation effect="slide" start="-100" end="0" delay="800" time="400" easing="out" tween="cubic">WindowOpen</animation>
	<animation effect="fade" start="100" end="0" time="125" condition="Container(53).Row(0)">Conditional</animation>
	<animation effect="slide" start="0" end="0" time="0" condition="Window.IsActive(pictures) | Window.IsActive(musicfiles) | Window.IsActive(musiclibrary)">Conditional</animation>
	</control>
	<control type="image">
	<posx>88</posx>
	<posy>630</posy>
	<width>1100</width>
	<height>20</height>
	<texture flipy="true">wall_arrow_vertical.png</texture>
	<visible>Control.IsVisible(53) + [Window.IsActive(pictures) | Window.IsActive(musicfiles) | Window.IsActive(musiclibrary)] + Skin.HasSetting(VerticalWall)</visible>
	<animation effect="slide" start="100" end="0" delay="800" time="400" easing="out" tween="cubic">WindowOpen</animation>
	<animation effect="fade" start="100" end="0" time="125" condition="[[Window.IsActive(pictures) | Window.IsActive(musicfiles) | Window.IsActive(musiclibrary)] + [[Container(53).Row(3) + !Skin.HasSetting(smallmusicwall)] | [Container(53).Row(4) + Skin.HasSetting(smallmusicwall)]]]">Conditional</animation>
	<animation effect="slide" start="0" end="0" time="0" condition="Window.IsActive(pictures) | Window.IsActive(musicfiles) | Window.IsActive(musiclibrary)">Conditional</animation>
	</control>
	<!--Movie Wall - Grid: Default-->
	<control type="image">
	<posx>-10</posx>
	<posy>70</posy>
	<width>1300</width>
	<height>20</height>
	<texture>wall_arrow_vertical.png</texture>
	<visible>Control.IsVisible(53) + Window.IsActive(videolibrary) + Skin.HasSetting(VerticalWall) + !Skin.HasSetting(smallmoviewall) + !Skin.HasSetting(maxmoviewall)</visible>
	<animation effect="slide" start="-100" end="0" delay="800" time="400" easing="out" tween="cubic">WindowOpen</animation>
	<animation effect="fade" start="100" end="0" time="125" condition="Container(53).Row(0)">Conditional</animation>
	<animation effect="slide" start="18" end="18" time="0" condition="Window.IsActive(pictures) | Window.IsActive(musicfiles) | Window.IsActive(musiclibrary)">Conditional</animation>
	</control>
	<control type="image">
	<posx>-10</posx>
	<posy>630</posy>
	<width>1300</width>
	<height>20</height>
	<texture flipy="true">wall_arrow_vertical.png</texture>
	<visible>Control.IsVisible(53) + Window.IsActive(videolibrary) + Skin.HasSetting(VerticalWall) + !Skin.HasSetting(smallmoviewall) + !Skin.HasSetting(maxmoviewall)</visible>
	<animation effect="slide" start="100" end="0" delay="800" time="400" easing="out" tween="cubic">WindowOpen</animation>
	<animation effect="fade" start="100" end="0" time="125" condition="[[Window.IsActive(programs) | Window.IsActive(videofiles) | Window.IsActive(videolibrary)] + Container(53).Row(2)]">Conditional</animation>
	<animation effect="slide" start="0" end="0" time="0" condition="Window.IsActive(pictures) | Window.IsActive(musicfiles) | Window.IsActive(musiclibrary)">Conditional</animation>
	</control>
	<!--Movie Wall - Grid: Max-->
	<control type="image">
	<posx>-10</posx>
	<posy>46</posy>
	<width>1300</width>
	<height>20</height>
	<texture>wall_arrow_vertical.png</texture>
	<visible>Control.IsVisible(53) + Window.IsActive(videolibrary) + Skin.HasSetting(VerticalWall) + Skin.HasSetting(maxmoviewall)</visible>
	<animation effect="slide" start="-100" end="0" delay="800" time="400" easing="out" tween="cubic">WindowOpen</animation>
	<animation effect="fade" start="100" end="0" time="125" condition="Container(53).Row(0)">Conditional</animation>
	<animation effect="slide" start="18" end="18" time="0" condition="Window.IsActive(pictures) | Window.IsActive(musicfiles) | Window.IsActive(musiclibrary)">Conditional</animation>
	</control>
	<control type="image">
	<posx>-10</posx>
	<posy>641</posy>
	<width>1300</width>
	<height>20</height>
	<texture flipy="true">wall_arrow_vertical.png</texture>
	<visible>Control.IsVisible(53) + Window.IsActive(videolibrary) + Skin.HasSetting(VerticalWall) + Skin.HasSetting(maxmoviewall)</visible>
	<animation effect="slide" start="100" end="0" delay="800" time="400" easing="out" tween="cubic">WindowOpen</animation>
	<animation effect="fade" start="100" end="0" time="125" condition="[[Window.IsActive(programs) | Window.IsActive(videofiles) | Window.IsActive(videolibrary)] + Container(53).Row(4)]">Conditional</animation>
	<animation effect="slide" start="0" end="0" time="0" condition="Window.IsActive(pictures) | Window.IsActive(musicfiles) | Window.IsActive(musiclibrary)">Conditional</animation>
	</control>
	<!--Movie Wall - Grid: Small-->
	<control type="image">
	<posx>-10</posx>
	<posy>51</posy>
	<width>1300</width>
	<height>20</height>
	<texture>wall_arrow_vertical.png</texture>
	<visible>Control.IsVisible(53) + Window.IsActive(videolibrary) + Skin.HasSetting(VerticalWall) + Skin.HasSetting(smallmoviewall)</visible>
	<animation effect="slide" start="-100" end="0" delay="800" time="400" easing="out" tween="cubic">WindowOpen</animation>
	<animation effect="fade" start="100" end="0" time="125" condition="Container(53).Row(0)">Conditional</animation>
	<animation effect="slide" start="18" end="18" time="0" condition="Window.IsActive(pictures) | Window.IsActive(musicfiles) | Window.IsActive(musiclibrary)">Conditional</animation>
	</control>
	<control type="image">
	<posx>-10</posx>
	<posy>645</posy>
	<width>1300</width>
	<height>20</height>
	<texture flipy="true">wall_arrow_vertical.png</texture>
	<visible>Control.IsVisible(53) + Window.IsActive(videolibrary) + Skin.HasSetting(VerticalWall) + Skin.HasSetting(smallmoviewall)</visible>
	<animation effect="slide" start="100" end="0" delay="800" time="400" easing="out" tween="cubic">WindowOpen</animation>
	<animation effect="fade" start="100" end="0" time="125" condition="[Window.IsActive(programs) | Window.IsActive(videofiles) | Window.IsActive(videolibrary)] + Container(53).Row(3)">Conditional</animation>
	<animation effect="slide" start="0" end="0" time="0" condition="Window.IsActive(pictures) | Window.IsActive(musicfiles) | Window.IsActive(musiclibrary)">Conditional</animation>
	</control>
	<include condition="![Skin.HasSetting(smallmoviewall) | Skin.HasSetting(maxmoviewall)] + Window.IsVisible(25)">WallInfoPaneMoviesBig</include>
	<include condition="Skin.HasSetting(smallmoviewall) + Window.IsVisible(25)">WallInfoPaneMoviesSmall</include>
	<include condition="Skin.HasSetting(maxmoviewall) + Window.IsVisible(25)">WallInfoPaneMoviesMax</include>
	<include condition="Skin.HasSetting(smallmusicwall) + !Window.IsVisible(25)">WallInfoPaneMusicBig</include>
	<include condition="!Skin.HasSetting(smallmusicwall) + !Window.IsVisible(25)">WallInfoPaneMusicSmall</include>
	</include>
	</includes>