﻿<!-- Aeon MQ 4 -->

<includes>
	<!--##################################################################################   VISTA 3DWALL - ID 54,55   ##################################################################################-->
	<include name="View3DWall">
  <control type="group">
    <include>View3DWallMovies</include>
    <include>View3DWallEpisodes</include>
    <include>View3DWallTVPoster</include>
    <include>Animation_HideCoverFlow</include>
    <include>Animation_CommonFade</include>
  </control>
  </include>
  <!-- Movies/TvShows noposter -->
  <include name="View3DWallMovies">
  <control type="group">
    <posx>130</posx>
    <posy>-1</posy>
    <visible>Control.IsVisible(54) + [Container.Content(Movies) | Container.Content(TVShows) + !Skin.HasSetting(tvposter) | Container.Content(Seasons)]</visible>
  <control type="group" id="7013">
    <animation effect="rotatey" center="1280" start="-15" end="-15" time="0" condition="true">Conditional</animation>
    <animation reversible="false" effect="slide" start="0,0" end="-164,0" time="400" tween="quadratic" easing="out">Hidden</animation>
    <visible>Container.OnNext</visible>
  <control type="image">
    <posx>0</posx>
    <posy>0</posy>
    <width>164</width>
    <height>242</height>
    <aspectratio scalediffuse="false">stretch</aspectratio>
    <texture diffuse="thumb_3dwall_mask.png" background="true">$VAR[value_poster_-10]</texture>
  </control>
  <control type="image">
    <posx>164</posx>
    <posy>0</posy>
    <width>164</width>
    <height>242</height>
    <aspectratio scalediffuse="false">stretch</aspectratio>
    <texture diffuse="thumb_3dwall_mask.png" background="true">$VAR[value_poster_-9]</texture>
  </control>
  <control type="image">
    <posx>328</posx>
    <posy>0</posy>
    <width>164</width>
    <height>242</height>
    <aspectratio scalediffuse="false">stretch</aspectratio>
    <texture diffuse="thumb_3dwall_mask.png" background="true">$VAR[value_poster_-8]</texture>
  </control>
  <control type="image">
    <posx>492</posx>
    <posy>0</posy>
    <width>164</width>
    <height>242</height>
    <aspectratio scalediffuse="false">stretch</aspectratio>
    <texture diffuse="thumb_3dwall_mask.png" background="true">$VAR[value_poster_-7]</texture>
  </control>
  <control type="image">
    <posx>656</posx>
    <posy>0</posy>
    <width>164</width>
    <height>242</height>
    <aspectratio scalediffuse="false">stretch</aspectratio>
    <texture diffuse="thumb_3dwall_mask.png" background="true">$VAR[value_poster_-6]</texture>
  </control>
  <control type="image">
    <posx>820</posx>
    <posy>0</posy>
    <width>164</width>
    <height>242</height>
    <aspectratio scalediffuse="false">stretch</aspectratio>
    <texture diffuse="thumb_3dwall_mask.png" background="true">$VAR[value_poster_-5]</texture>
  </control>
  <control type="image">
    <posx>984</posx>
    <posy>0</posy>
    <width>164</width>
    <height>242</height>
    <aspectratio scalediffuse="false">stretch</aspectratio>
    <texture diffuse="thumb_3dwall_mask.png" background="true">$VAR[value_poster_-4]</texture>
  </control>
  <control type="image">
    <posx>1148</posx>
    <posy>0</posy>
    <width>164</width>
    <height>242</height>
    <aspectratio scalediffuse="false">stretch</aspectratio>
    <texture diffuse="thumb_3dwall_mask.png" background="true">$VAR[value_poster_-3]</texture>
  </control>
  <control type="image">
    <posx>0</posx>
    <posy>240</posy>
    <width>164</width>
    <height>242</height>
    <aspectratio scalediffuse="false">stretch</aspectratio>
    <texture diffuse="thumb_3dwall_mask.png" background="true">$VAR[value_poster_-3]</texture>
  </control>
  <control type="image">
    <posx>164</posx>
    <posy>240</posy>
    <width>164</width>
    <height>242</height>
    <aspectratio scalediffuse="false">stretch</aspectratio>
    <texture diffuse="thumb_3dwall_mask.png" background="true">$VAR[value_poster_-2]</texture>
  </control>
  <control type="image">
    <posx>328</posx>
    <posy>240</posy>
    <width>164</width>
    <height>242</height>
    <aspectratio scalediffuse="false">stretch</aspectratio>
    <texture diffuse="thumb_3dwall_mask.png" background="true">$VAR[value_poster_-1]</texture>
  </control>
  <control type="image">
    <posx>492</posx>
    <posy>240</posy>
    <width>164</width>
    <height>242</height>
    <aspectratio scalediffuse="false">stretch</aspectratio>
    <texture diffuse="thumb_3dwall_mask.png" background="true">$VAR[value_poster_0]</texture>
  </control>
  <control type="image">
    <posx>656</posx>
    <posy>240</posy>
    <width>164</width>
    <height>242</height>
    <aspectratio scalediffuse="false">stretch</aspectratio>
    <texture diffuse="thumb_3dwall_mask.png" background="true">$VAR[value_poster_1]</texture>
  </control>
  <control type="image">
    <posx>820</posx>
    <posy>240</posy>
    <width>164</width>
    <height>242</height>
    <aspectratio scalediffuse="false">stretch</aspectratio>
    <texture diffuse="thumb_3dwall_mask.png" background="true">$VAR[value_poster_2]</texture>
  </control>
  <control type="image">
    <posx>984</posx>
    <posy>240</posy>
    <width>164</width>
    <height>242</height>
    <aspectratio scalediffuse="false">stretch</aspectratio>
    <texture diffuse="thumb_3dwall_mask.png" background="true">$VAR[value_poster_3]</texture>
  </control>
  <control type="image">
    <posx>1148</posx>
    <posy>240</posy>
    <width>164</width>
    <height>242</height>
    <aspectratio scalediffuse="false">stretch</aspectratio>
    <texture diffuse="thumb_3dwall_mask.png" background="true">$VAR[value_poster_4]</texture>
  </control>
  <control type="image">
    <posx>0</posx>
    <posy>480</posy>
    <width>164</width>
    <height>242</height>
    <aspectratio scalediffuse="false">stretch</aspectratio>
    <texture diffuse="thumb_3dwall_mask.png" background="true">$VAR[value_poster_4]</texture>
  </control>
  <control type="image">
    <posx>164</posx>
    <posy>480</posy>
    <width>164</width>
    <height>242</height>
    <aspectratio scalediffuse="false">stretch</aspectratio>
    <texture diffuse="thumb_3dwall_mask.png" background="true">$VAR[value_poster_5]</texture>
  </control>
  <control type="image">
    <posx>328</posx>
    <posy>480</posy>
    <width>164</width>
    <height>242</height>
    <aspectratio scalediffuse="false">stretch</aspectratio>
    <texture diffuse="thumb_3dwall_mask.png" background="true">$VAR[value_poster_6]</texture>
  </control>
  <control type="image">
    <posx>492</posx>
    <posy>480</posy>
    <width>164</width>
    <height>242</height>
    <aspectratio scalediffuse="false">stretch</aspectratio>
    <texture diffuse="thumb_3dwall_mask.png" background="true">$VAR[value_poster_7]</texture>
  </control>
  <control type="image">
    <posx>656</posx>
    <posy>480</posy>
    <width>164</width>
    <height>242</height>
    <aspectratio scalediffuse="false">stretch</aspectratio>
    <texture diffuse="thumb_3dwall_mask.png" background="true">$VAR[value_poster_8]</texture>
  </control>
  <control type="image">
    <posx>820</posx>
    <posy>480</posy>
    <width>164</width>
    <height>242</height>
    <aspectratio scalediffuse="false">stretch</aspectratio>
    <texture diffuse="thumb_3dwall_mask.png" background="true">$VAR[value_poster_9]</texture>
  </control>
  <control type="image">
    <posx>984</posx>
    <posy>480</posy>
    <width>164</width>
    <height>242</height>
    <aspectratio scalediffuse="false">stretch</aspectratio>
    <texture diffuse="thumb_3dwall_mask.png" background="true">$VAR[value_poster_10]</texture>
  </control>
  <control type="image">
    <posx>1148</posx>
    <posy>480</posy>
    <width>164</width>
    <height>242</height>
    <aspectratio scalediffuse="false">stretch</aspectratio>
    <texture diffuse="thumb_3dwall_mask.png" background="true">$VAR[value_poster_11]</texture>
  </control>
  </control>
  <control type="group" id="7014">
    <animation effect="rotatey" center="1280" start="-15" end="-15" time="0" condition="true">Conditional</animation>
    <animation reversible="false" effect="slide" start="0,0" end="164,0" time="400" tween="quadratic" easing="out">Hidden</animation>
    <visible>Container.OnPrevious</visible>
  <control type="image">
    <posx>-164</posx>
    <posy>0</posy>
    <width>164</width>
    <height>242</height>
    <aspectratio scalediffuse="false">stretch</aspectratio>
    <texture diffuse="thumb_3dwall_mask.png" background="true">$VAR[value_poster_-9]</texture>
  </control>
  <control type="image">
    <posx>0</posx>
    <posy>0</posy>
    <width>164</width>
    <height>242</height>
    <aspectratio scalediffuse="false">stretch</aspectratio>
    <texture diffuse="thumb_3dwall_mask.png" background="true">$VAR[value_poster_-8]</texture>
  </control>
  <control type="image">
    <posx>164</posx>
    <posy>0</posy>
    <width>164</width>
    <height>242</height>
    <aspectratio scalediffuse="false">stretch</aspectratio>
    <texture diffuse="thumb_3dwall_mask.png" background="true">$VAR[value_poster_-7]</texture>
  </control>
  <control type="image">
    <posx>328</posx>
    <posy>0</posy>
    <width>164</width>
    <height>242</height>
    <aspectratio scalediffuse="false">stretch</aspectratio>
    <texture diffuse="thumb_3dwall_mask.png" background="true">$VAR[value_poster_-6]</texture>
  </control>
  <control type="image">
    <posx>492</posx>
    <posy>0</posy>
    <width>164</width>
    <height>242</height>
    <aspectratio scalediffuse="false">stretch</aspectratio>
    <texture diffuse="thumb_3dwall_mask.png" background="true">$VAR[value_poster_-5]</texture>
  </control>
  <control type="image">
    <posx>656</posx>
    <posy>0</posy>
    <width>164</width>
    <height>242</height>
    <aspectratio scalediffuse="false">stretch</aspectratio>
    <texture diffuse="thumb_3dwall_mask.png" background="true">$VAR[value_poster_-4]</texture>
  </control>
  <control type="image">
    <posx>820</posx>
    <posy>0</posy>
    <width>164</width>
    <height>242</height>
    <aspectratio scalediffuse="false">stretch</aspectratio>
    <texture diffuse="thumb_3dwall_mask.png" background="true">$VAR[value_poster_-3]</texture>
  </control>
  <control type="image">
    <posx>984</posx>
    <posy>0</posy>
    <width>164</width>
    <height>242</height>
    <aspectratio scalediffuse="false">stretch</aspectratio>
    <texture diffuse="thumb_3dwall_mask.png" background="true">$VAR[value_poster_-2]</texture>
  </control>
  <control type="image">
    <posx>-164</posx>
    <posy>240</posy>
    <width>164</width>
    <height>242</height>
    <aspectratio scalediffuse="false">stretch</aspectratio>
    <texture diffuse="thumb_3dwall_mask.png" background="true">$VAR[value_poster_-2]</texture>
  </control>
  <control type="image">
    <posx>0</posx>
    <posy>240</posy>
    <width>164</width>
    <height>242</height>
    <aspectratio scalediffuse="false">stretch</aspectratio>
    <texture diffuse="thumb_3dwall_mask.png" background="true">$VAR[value_poster_-1]</texture>
  </control>
  <control type="image">
    <posx>164</posx>
    <posy>240</posy>
    <width>164</width>
    <height>242</height>
    <aspectratio scalediffuse="false">stretch</aspectratio>
    <texture diffuse="thumb_3dwall_mask.png" background="true">$VAR[value_poster_0]</texture>
  </control>
  <control type="image">
    <posx>328</posx>
    <posy>240</posy>
    <width>164</width>
    <height>242</height>
    <aspectratio scalediffuse="false">stretch</aspectratio>
    <texture diffuse="thumb_3dwall_mask.png" background="true">$VAR[value_poster_1]</texture>
  </control>
  <control type="image">
    <posx>492</posx>
    <posy>240</posy>
    <width>164</width>
    <height>242</height>
    <aspectratio scalediffuse="false">stretch</aspectratio>
    <texture diffuse="thumb_3dwall_mask.png" background="true">$VAR[value_poster_2]</texture>
  </control>
  <control type="image">
    <posx>656</posx>
    <posy>240</posy>
    <width>164</width>
    <height>242</height>
    <aspectratio scalediffuse="false">stretch</aspectratio>
    <texture diffuse="thumb_3dwall_mask.png" background="true">$VAR[value_poster_3]</texture>
  </control>
  <control type="image">
    <posx>820</posx>
    <posy>240</posy>
    <width>164</width>
    <height>242</height>
    <aspectratio scalediffuse="false">stretch</aspectratio>
    <texture diffuse="thumb_3dwall_mask.png" background="true">$VAR[value_poster_4]</texture>
  </control>
  <control type="image">
    <posx>984</posx>
    <posy>240</posy>
    <width>164</width>
    <height>242</height>
    <aspectratio scalediffuse="false">stretch</aspectratio>
    <texture diffuse="thumb_3dwall_mask.png" background="true">$VAR[value_poster_5]</texture>
  </control>
  <control type="image">
    <posx>-164</posx>
    <posy>480</posy>
    <width>164</width>
    <height>242</height>
    <aspectratio scalediffuse="false">stretch</aspectratio>
    <texture diffuse="thumb_3dwall_mask.png" background="true">$VAR[value_poster_5]</texture>
  </control>
  <control type="image">
    <posx>0</posx>
    <posy>480</posy>
    <width>164</width>
    <height>242</height>
    <aspectratio scalediffuse="false">stretch</aspectratio>
    <texture diffuse="thumb_3dwall_mask.png" background="true">$VAR[value_poster_6]</texture>
  </control>
  <control type="image">
    <posx>164</posx>
    <posy>480</posy>
    <width>164</width>
    <height>242</height>
    <aspectratio scalediffuse="false">stretch</aspectratio>
    <texture diffuse="thumb_3dwall_mask.png" background="true">$VAR[value_poster_7]</texture>
  </control>
  <control type="image">
    <posx>328</posx>
    <posy>480</posy>
    <width>164</width>
    <height>242</height>
    <aspectratio scalediffuse="false">stretch</aspectratio>
    <texture diffuse="thumb_3dwall_mask.png" background="true">$VAR[value_poster_8]</texture>
  </control>
  <control type="image">
    <posx>492</posx>
    <posy>480</posy>
    <width>164</width>
    <height>242</height>
    <aspectratio scalediffuse="false">stretch</aspectratio>
    <texture diffuse="thumb_3dwall_mask.png" background="true">$VAR[value_poster_9]</texture>
  </control>
  <control type="image">
    <posx>656</posx>
    <posy>480</posy>
    <width>164</width>
    <height>242</height>
    <aspectratio scalediffuse="false">stretch</aspectratio>
    <texture diffuse="thumb_3dwall_mask.png" background="true">$VAR[value_poster_10]</texture>
  </control>
  <control type="image">
    <posx>820</posx>
    <posy>480</posy>
    <width>164</width>
    <height>242</height>
    <aspectratio scalediffuse="false">stretch</aspectratio>
    <texture diffuse="thumb_3dwall_mask.png" background="true">$VAR[value_poster_11]</texture>
  </control>
  <control type="image">
    <posx>984</posx>
    <posy>480</posy>
    <width>164</width>
    <height>242</height>
    <aspectratio scalediffuse="false">stretch</aspectratio>
    <texture diffuse="thumb_3dwall_mask.png" background="true">$INFO[ListItem(12).Icon]</texture>
  </control>
  </control>
  <control type="group">
  <animation type="WindowOpen">
    <effect type="fade" start="0" end="100" time="1000"/>
    <effect type="rotatey" center="1280" start="0" end="-15" time="1000" delay="2250"/>
  </animation>
  <visible>!Control.IsVisible(7013) + !Control.IsVisible(7014)</visible>
  <control type="image">
    <posx>0</posx>
    <posy>0</posy>
    <width>164</width>
    <height>242</height>
    <aspectratio scalediffuse="false">stretch</aspectratio>
    <texture diffuse="thumb_3dwall_mask.png" background="true">$VAR[value_poster_-9]</texture>
  </control>
  <control type="image">
    <posx>164</posx>
    <posy>0</posy>
    <width>164</width>
    <height>242</height>
    <aspectratio scalediffuse="false">stretch</aspectratio>
    <texture diffuse="thumb_3dwall_mask.png" background="true">$VAR[value_poster_-8]</texture>
  </control>
  <control type="image">
    <posx>328</posx>
    <posy>0</posy>
    <width>164</width>
    <height>242</height>
    <aspectratio scalediffuse="false">stretch</aspectratio>
    <texture diffuse="thumb_3dwall_mask.png" background="true">$VAR[value_poster_-7]</texture>
  </control>
  <control type="image">
    <posx>492</posx>
    <posy>0</posy>
    <width>164</width>
    <height>242</height>
    <aspectratio scalediffuse="false">stretch</aspectratio>
    <texture diffuse="thumb_3dwall_mask.png" background="true">$VAR[value_poster_-6]</texture>
  </control>
  <control type="image">
    <posx>656</posx>
    <posy>0</posy>
    <width>164</width>
    <height>242</height>
    <aspectratio scalediffuse="false">stretch</aspectratio>
    <texture diffuse="thumb_3dwall_mask.png" background="true">$VAR[value_poster_-5]</texture>
  </control>
  <control type="image">
    <posx>820</posx>
    <posy>0</posy>
    <width>164</width>
    <height>242</height>
    <aspectratio scalediffuse="false">stretch</aspectratio>
    <texture diffuse="thumb_3dwall_mask.png" background="true">$VAR[value_poster_-4]</texture>
  </control>
  <control type="image">
    <posx>984</posx>
    <posy>0</posy>
    <width>164</width>
    <height>242</height>
    <aspectratio scalediffuse="false">stretch</aspectratio>
    <texture diffuse="thumb_3dwall_mask.png" background="true">$VAR[value_poster_-3]</texture>
  </control>
  <control type="image">
    <posx>0</posx>
    <posy>240</posy>
    <width>164</width>
    <height>242</height>
    <aspectratio scalediffuse="false">stretch</aspectratio>
    <texture diffuse="thumb_3dwall_mask.png" background="true">$VAR[value_poster_-2]</texture>
  </control>
  <control type="image">
    <posx>164</posx>
    <posy>240</posy>
    <width>164</width>
    <height>242</height>
    <aspectratio scalediffuse="false">stretch</aspectratio>
    <texture diffuse="thumb_3dwall_mask.png" background="true">$VAR[value_poster_-1]</texture>
  </control>
  <control type="image">
    <posx>328</posx>
    <posy>240</posy>
    <width>164</width>
    <height>242</height>
    <aspectratio scalediffuse="false">stretch</aspectratio>
    <texture diffuse="thumb_3dwall_mask.png" background="true">$VAR[value_poster_0]</texture>
  </control>
  <control type="image">
    <posx>492</posx>
    <posy>240</posy>
    <width>164</width>
    <height>242</height>
    <aspectratio scalediffuse="false">stretch</aspectratio>
    <texture diffuse="thumb_3dwall_mask.png" background="true">$VAR[value_poster_1]</texture>
  </control>
  <control type="image">
    <posx>656</posx>
    <posy>240</posy>
    <width>164</width>
    <height>242</height>
    <aspectratio scalediffuse="false">stretch</aspectratio>
    <texture diffuse="thumb_3dwall_mask.png" background="true">$VAR[value_poster_2]</texture>
  </control>
  <control type="image">
    <posx>820</posx>
    <posy>240</posy>
    <width>164</width>
    <height>242</height>
    <aspectratio scalediffuse="false">stretch</aspectratio>
    <texture diffuse="thumb_3dwall_mask.png" background="true">$VAR[value_poster_3]</texture>
  </control>
  <control type="image">
    <posx>984</posx>
    <posy>240</posy>
    <width>164</width>
    <height>242</height>
    <aspectratio scalediffuse="false">stretch</aspectratio>
    <texture diffuse="thumb_3dwall_mask.png" background="true">$VAR[value_poster_4]</texture>
  </control>
  <control type="image">
    <posx>0</posx>
    <posy>480</posy>
    <width>164</width>
    <height>242</height>
    <aspectratio scalediffuse="false">stretch</aspectratio>
    <texture diffuse="thumb_3dwall_mask.png" background="true">$VAR[value_poster_5]</texture>
  </control>
  <control type="image">
    <posx>164</posx>
    <posy>480</posy>
    <width>164</width>
    <height>242</height>
    <aspectratio scalediffuse="false">stretch</aspectratio>
    <texture diffuse="thumb_3dwall_mask.png" background="true">$VAR[value_poster_6]</texture>
  </control>
  <control type="image">
    <posx>328</posx>
    <posy>480</posy>
    <width>164</width>
    <height>242</height>
    <aspectratio scalediffuse="false">stretch</aspectratio>
    <texture diffuse="thumb_3dwall_mask.png" background="true">$VAR[value_poster_7]</texture>
  </control>
  <control type="image">
    <posx>492</posx>
    <posy>480</posy>
    <width>164</width>
    <height>242</height>
    <aspectratio scalediffuse="false">stretch</aspectratio>
    <texture diffuse="thumb_3dwall_mask.png" background="true">$VAR[value_poster_8]</texture>
  </control>
  <control type="image">
    <posx>656</posx>
    <posy>480</posy>
    <width>164</width>
    <height>242</height>
    <aspectratio scalediffuse="false">stretch</aspectratio>
    <texture diffuse="thumb_3dwall_mask.png" background="true">$VAR[value_poster_9]</texture>
  </control>
  <control type="image">
    <posx>820</posx>
    <posy>480</posy>
    <width>164</width>
    <height>242</height>
    <aspectratio scalediffuse="false">stretch</aspectratio>
    <texture diffuse="thumb_3dwall_mask.png" background="true">$VAR[value_poster_10]</texture>
  </control>
  <control type="image">
    <posx>984</posx>
    <posy>480</posy>
    <width>164</width>
    <height>242</height>
    <aspectratio scalediffuse="false">stretch</aspectratio>
    <texture diffuse="thumb_3dwall_mask.png" background="true">$VAR[value_poster_11]</texture>
  </control>
  </control>
  </control>
  <control type="wraplist" id="54">
    <visible>![Container.Content(episodes) | Container.Content(files)]</visible>
    <posx>-335</posx>
    <posy>195</posy>
    <width>1736</width>
    <height>362</height>
    <onleft>54</onleft>
    <onright>54</onright>
    <onup>9900</onup>
    <ondown>60</ondown>
    <viewtype label="31806">icon</viewtype>
    <pagecontrol>60</pagecontrol>
    <itemgap>0</itemgap>
    <orientation>horizontal</orientation>
    <scrolltime>250</scrolltime>
    <preloaditems>2</preloaditems>
    <focusposition>3</focusposition>
    <hitrect x="410" y="176" w="248" h="362"/>
    <itemlayout width="248" height="362"/>
    <focusedlayout width="248" height="362">
  <control type="image">
    <posx>0</posx>
    <posy>0</posy>
    <width>248</width>
    <height>362</height>
    <texture>-</texture>
  </control>
  </focusedlayout>
  </control>
  <control type="group">
    <visible>Control.IsVisible(54) + [Container.Content(Movies) | Container.Content(TVShows) + !Skin.HasSetting(tvposter) | Container.Content(Seasons)]</visible>
  <control type="image">
    <posx>0</posx>
    <posy>0</posy>
    <width>1280</width>
    <height>720</height>
    <texture>3dwall_vignette.png</texture>
  </control>
  <control type="group">
    <animation reversible="true" effect="zoom" start="100" end="95" center="auto" time="300" tween="quadratic" easing="in" condition="Control.IsVisible(7013) | Control.IsVisible(7014)">Conditional</animation>
  <control type="image">
    <posx>370</posx>
    <posy>136</posy>
    <width>328</width>
    <height>446</height>
    <texture border="-15" diffuse="thumb_3dwall_mask2.png">thumb_multiplex_iconframe.png</texture>
    <animation type="WindowOpen">
    <effect type="fade" start="0" end="100" time="1000" delay="2000"/>
    </animation>
  </control>
  <control type="image">
    <posx>410</posx>
    <posy>176</posy>
    <width>248</width>
    <height>366</height>
    <aspectratio scalediffuse="false">stretch</aspectratio>
    <texture background="true" diffuse="thumb_3dwall_mask2.png">$INFO[ListItem.Icon]</texture>
    <animation type="WindowOpen">
    <effect type="fade" start="0" end="100" time="500" delay="500"/>
    <effect type="zoom" start="458,239,164,242" end="410,176,248,366" time="1000" delay="1000"/>
    </animation>
  </control>
  <control type="image">
    <posx>410</posx>
    <posy>176</posy>
    <width>248</width>
    <height>366</height>
    <aspectratio scalediffuse="false">stretch</aspectratio>
    <texture background="true" diffuse="thumb_3dwall_mask2.png">$VAR[value_poster_-1]</texture>
    <animation effect="fade" start="100" end="0" time="200" delay="200" condition="Control.IsVisible(7013)">Conditional</animation>
    <visible>Control.IsVisible(7013) + !stringcompare(ListItem(-1).Label,..)</visible>
  </control>
  <control type="image">
    <posx>410</posx>
    <posy>176</posy>
    <width>248</width>
    <height>366</height>
    <aspectratio scalediffuse="false">stretch</aspectratio>
    <texture background="true" diffuse="thumb_3dwall_mask2.png">$VAR[value_poster_1]</texture>
    <animation effect="fade" start="100" end="0" time="200" delay="200" condition="Control.IsVisible(7014)">Conditional</animation>
    <visible>Control.IsVisible(7014) + !stringcompare(ListItem(1).Label,..)</visible>
  </control>
  <control type="image">
    <posx>410</posx>
    <posy>176</posy>
    <width>248</width>
    <height>366</height>
    <texture diffuse="thumb_3dwall_mask2.png" background="true">thumb_list_movieicon_glass.png</texture>
    <animation type="WindowOpen">
    <effect type="fade" start="0" end="100" time="1000" delay="2000"/>
    </animation>
    <visible>!stringcompare(ListItem.Label,..)</visible>
  </control>
  <control type="scrollbar" id="60">
    <include>ScrollBar_Horizontal</include>
    <posx>305</posx>
    <posy>663</posy>
    <width>670</width>
    <onup>54</onup>
    <ondown>9920</ondown>
    <onleft>60</onleft>
    <onright>60</onright>
    <include>Animation_HideShowcase</include>
    <include>Animation_CommonFade</include>
    <visible allowhiddenfocus="true">Control.IsVisible(54) + Control.HasFocus(60)</visible>
  </control>
  </control>
  <control type="group">
  <animation type="WindowOpen">
    <effect type="fade" start="0" end="100" time="2000" delay="1000"/>
  </animation>
  <control type="textbox">
    <description>Plot Value for Movies</description>
    <posx>40</posx>
    <posy>182</posy>
    <width>335</width>
    <height>352</height>
    <label>$VAR[value_videoplot]</label>
    <font>Font_MultiplexPlotSmall</font>
    <autoscroll delay="8000" time="2000" repeat="8000">!Skin.HasSetting(noallowscroll)</autoscroll>
  </control>
  </control>
  </control>
  </include>
  
  <!-- TvShows poster -->
  <include name="View3DWallTVPoster">
  <control type="group">
    <posx>130</posx>
    <posy>-1</posy>
    <visible>Control.IsVisible(54) + [Container.Content(TVShows) + Skin.HasSetting(tvposter)]</visible>
  <control type="group" id="7015">
    <animation effect="rotatey" center="1280" start="-15" end="-15" time="0" condition="true">Conditional</animation>
    <animation reversible="false" effect="slide" start="0,0" end="-164,0" time="400" tween="quadratic" easing="out">Hidden</animation>
    <visible>Container.OnNext</visible>
  <control type="image">
    <posx>0</posx>
    <posy>0</posy>
    <width>164</width>
    <height>242</height>
    <aspectratio scalediffuse="false">stretch</aspectratio>
    <texture diffuse="thumb_3dwall_mask.png" fallback="DefaultVideoPoster.png" background="true">$INFO[ListItem(-10).path,,poster.jpg]</texture>
  </control>
  <control type="image">
    <posx>164</posx>
    <posy>0</posy>
    <width>164</width>
    <height>242</height>
    <aspectratio scalediffuse="false">stretch</aspectratio>
    <texture diffuse="thumb_3dwall_mask.png" fallback="DefaultVideoPoster.png" background="true">$INFO[ListItem(-9).path,,poster.jpg]</texture>
  </control>
  <control type="image">
    <posx>328</posx>
    <posy>0</posy>
    <width>164</width>
    <height>242</height>
    <aspectratio scalediffuse="false">stretch</aspectratio>
    <texture diffuse="thumb_3dwall_mask.png" fallback="DefaultVideoPoster.png" background="true">$INFO[ListItem(-8).path,,poster.jpg]</texture>
  </control>
  <control type="image">
    <posx>492</posx>
    <posy>0</posy>
    <width>164</width>
    <height>242</height>
    <aspectratio scalediffuse="false">stretch</aspectratio>
    <texture diffuse="thumb_3dwall_mask.png" fallback="DefaultVideoPoster.png" background="true">$INFO[ListItem(-7).path,,poster.jpg]</texture>
  </control>
  <control type="image">
    <posx>656</posx>
    <posy>0</posy>
    <width>164</width>
    <height>242</height>
    <aspectratio scalediffuse="false">stretch</aspectratio>
    <texture diffuse="thumb_3dwall_mask.png" fallback="DefaultVideoPoster.png" background="true">$INFO[ListItem(-6).path,,poster.jpg]</texture>
  </control>
  <control type="image">
    <posx>820</posx>
    <posy>0</posy>
    <width>164</width>
    <height>242</height>
    <aspectratio scalediffuse="false">stretch</aspectratio>
    <texture diffuse="thumb_3dwall_mask.png" fallback="DefaultVideoPoster.png" background="true">$INFO[ListItem(-5).path,,poster.jpg]</texture>
  </control>
  <control type="image">
    <posx>984</posx>
    <posy>0</posy>
    <width>164</width>
    <height>242</height>
    <aspectratio scalediffuse="false">stretch</aspectratio>
    <texture diffuse="thumb_3dwall_mask.png" fallback="DefaultVideoPoster.png" background="true">$INFO[ListItem(-4).path,,poster.jpg]</texture>
  </control>
  <control type="image">
    <posx>1148</posx>
    <posy>0</posy>
    <width>164</width>
    <height>242</height>
    <aspectratio scalediffuse="false">stretch</aspectratio>
    <texture diffuse="thumb_3dwall_mask.png" fallback="DefaultVideoPoster.png" background="true">$INFO[ListItem(-3).path,,poster.jpg]</texture>
  </control>
  <control type="image">
    <posx>0</posx>
    <posy>240</posy>
    <width>164</width>
    <height>242</height>
    <aspectratio scalediffuse="false">stretch</aspectratio>
    <texture diffuse="thumb_3dwall_mask.png" fallback="DefaultVideoPoster.png" background="true">$INFO[ListItem(-3).path,,poster.jpg]</texture>
  </control>
  <control type="image">
    <posx>164</posx>
    <posy>240</posy>
    <width>164</width>
    <height>242</height>
    <aspectratio scalediffuse="false">stretch</aspectratio>
    <texture diffuse="thumb_3dwall_mask.png" fallback="DefaultVideoPoster.png" background="true">$INFO[ListItem(-2).path,,poster.jpg]</texture>
  </control>
  <control type="image">
    <posx>328</posx>
    <posy>240</posy>
    <width>164</width>
    <height>242</height>
    <aspectratio scalediffuse="false">stretch</aspectratio>
    <texture diffuse="thumb_3dwall_mask.png" fallback="DefaultVideoPoster.png" background="true">$INFO[ListItem(-1).path,,poster.jpg]</texture>
  </control>
  <control type="image">
    <posx>492</posx>
    <posy>240</posy>
    <width>164</width>
    <height>242</height>
    <aspectratio scalediffuse="false">stretch</aspectratio>
    <texture diffuse="thumb_3dwall_mask.png" fallback="DefaultVideoPoster.png" background="true">$INFO[ListItem(0).path,,poster.jpg]</texture>
  </control>
  <control type="image">
    <posx>656</posx>
    <posy>240</posy>
    <width>164</width>
    <height>242</height>
    <aspectratio scalediffuse="false">stretch</aspectratio>
    <texture diffuse="thumb_3dwall_mask.png" fallback="DefaultVideoPoster.png" background="true">$INFO[ListItem(1).path,,poster.jpg]</texture>
  </control>
  <control type="image">
    <posx>820</posx>
    <posy>240</posy>
    <width>164</width>
    <height>242</height>
    <aspectratio scalediffuse="false">stretch</aspectratio>
    <texture diffuse="thumb_3dwall_mask.png" fallback="DefaultVideoPoster.png" background="true">$INFO[ListItem(2).path,,poster.jpg]</texture>
  </control>
  <control type="image">
    <posx>984</posx>
    <posy>240</posy>
    <width>164</width>
    <height>242</height>
    <aspectratio scalediffuse="false">stretch</aspectratio>
    <texture diffuse="thumb_3dwall_mask.png" fallback="DefaultVideoPoster.png" background="true">$INFO[ListItem(3).path,,poster.jpg]</texture>
  </control>
  <control type="image">
    <posx>1148</posx>
    <posy>240</posy>
    <width>164</width>
    <height>242</height>
    <aspectratio scalediffuse="false">stretch</aspectratio>
    <texture diffuse="thumb_3dwall_mask.png" fallback="DefaultVideoPoster.png" background="true">$INFO[ListItem(4).path,,poster.jpg]</texture>
  </control>
  <control type="image">
    <posx>0</posx>
    <posy>480</posy>
    <width>164</width>
    <height>242</height>
    <aspectratio scalediffuse="false">stretch</aspectratio>
    <texture diffuse="thumb_3dwall_mask.png" fallback="DefaultVideoPoster.png" background="true">$INFO[ListItem(4).path,,poster.jpg]</texture>
  </control>
  <control type="image">
    <posx>164</posx>
    <posy>480</posy>
    <width>164</width>
    <height>242</height>
    <aspectratio scalediffuse="false">stretch</aspectratio>
    <texture diffuse="thumb_3dwall_mask.png" fallback="DefaultVideoPoster.png" background="true">$INFO[ListItem(5).path,,poster.jpg]</texture>
  </control>
  <control type="image">
    <posx>328</posx>
    <posy>480</posy>
    <width>164</width>
    <height>242</height>
    <aspectratio scalediffuse="false">stretch</aspectratio>
    <texture diffuse="thumb_3dwall_mask.png" fallback="DefaultVideoPoster.png" background="true">$INFO[ListItem(6).path,,poster.jpg]</texture>
  </control>
  <control type="image">
    <posx>492</posx>
    <posy>480</posy>
    <width>164</width>
    <height>242</height>
    <aspectratio scalediffuse="false">stretch</aspectratio>
    <texture diffuse="thumb_3dwall_mask.png" fallback="DefaultVideoPoster.png" background="true">$INFO[ListItem(7).path,,poster.jpg]</texture>
  </control>
  <control type="image">
    <posx>656</posx>
    <posy>480</posy>
    <width>164</width>
    <height>242</height>
    <aspectratio scalediffuse="false">stretch</aspectratio>
    <texture diffuse="thumb_3dwall_mask.png" fallback="DefaultVideoPoster.png" background="true">$INFO[ListItem(8).path,,poster.jpg]</texture>
  </control>
  <control type="image">
    <posx>820</posx>
    <posy>480</posy>
    <width>164</width>
    <height>242</height>
    <aspectratio scalediffuse="false">stretch</aspectratio>
    <texture diffuse="thumb_3dwall_mask.png" fallback="DefaultVideoPoster.png" background="true">$INFO[ListItem(9).path,,poster.jpg]</texture>
  </control>
  <control type="image">
    <posx>984</posx>
    <posy>480</posy>
    <width>164</width>
    <height>242</height>
    <aspectratio scalediffuse="false">stretch</aspectratio>
    <texture diffuse="thumb_3dwall_mask.png" fallback="DefaultVideoPoster.png" background="true">$INFO[ListItem(10).path,,poster.jpg]</texture>
  </control>
  <control type="image">
    <posx>1148</posx>
    <posy>480</posy>
    <width>164</width>
    <height>242</height>
    <aspectratio scalediffuse="false">stretch</aspectratio>
    <texture diffuse="thumb_3dwall_mask.png" fallback="DefaultVideoPoster.png" background="true">$INFO[ListItem(11).path,,poster.jpg]</texture>
  </control>
  </control>
  <control type="group" id="7016">
    <animation effect="rotatey" center="1280" start="-15" end="-15" time="0" condition="true">Conditional</animation>
    <animation reversible="false" effect="slide" start="0,0" end="164,0" time="400" tween="quadratic" easing="out">Hidden</animation>
    <visible>Container.OnPrevious</visible>
  <control type="image">
    <posx>-164</posx>
    <posy>0</posy>
    <width>164</width>
    <height>242</height>
    <aspectratio scalediffuse="false">stretch</aspectratio>
    <texture diffuse="thumb_3dwall_mask.png" fallback="DefaultVideoPoster.png" background="true">$INFO[ListItem(-9).path,,poster.jpg]</texture>
  </control>
  <control type="image">
    <posx>0</posx>
    <posy>0</posy>
    <width>164</width>
    <height>242</height>
    <aspectratio scalediffuse="false">stretch</aspectratio>
    <texture diffuse="thumb_3dwall_mask.png" fallback="DefaultVideoPoster.png" background="true">$INFO[ListItem(-8).path,,poster.jpg]</texture>
  </control>
  <control type="image">
    <posx>164</posx>
    <posy>0</posy>
    <width>164</width>
    <height>242</height>
    <aspectratio scalediffuse="false">stretch</aspectratio>
    <texture diffuse="thumb_3dwall_mask.png" fallback="DefaultVideoPoster.png" background="true">$INFO[ListItem(-7).path,,poster.jpg]</texture>
  </control>
  <control type="image">
    <posx>328</posx>
    <posy>0</posy>
    <width>164</width>
    <height>242</height>
    <aspectratio scalediffuse="false">stretch</aspectratio>
    <texture diffuse="thumb_3dwall_mask.png" fallback="DefaultVideoPoster.png" background="true">$INFO[ListItem(-6).path,,poster.jpg]</texture>
  </control>
  <control type="image">
    <posx>492</posx>
    <posy>0</posy>
    <width>164</width>
    <height>242</height>
    <aspectratio scalediffuse="false">stretch</aspectratio>
    <texture diffuse="thumb_3dwall_mask.png" fallback="DefaultVideoPoster.png" background="true">$INFO[ListItem(-5).path,,poster.jpg]</texture>
  </control>
  <control type="image">
    <posx>656</posx>
    <posy>0</posy>
    <width>164</width>
    <height>242</height>
    <aspectratio scalediffuse="false">stretch</aspectratio>
    <texture diffuse="thumb_3dwall_mask.png" fallback="DefaultVideoPoster.png" background="true">$INFO[ListItem(-4).path,,poster.jpg]</texture>
  </control>
  <control type="image">
    <posx>820</posx>
    <posy>0</posy>
    <width>164</width>
    <height>242</height>
    <aspectratio scalediffuse="false">stretch</aspectratio>
    <texture diffuse="thumb_3dwall_mask.png" fallback="DefaultVideoPoster.png" background="true">$INFO[ListItem(-3).path,,poster.jpg]</texture>
  </control>
  <control type="image">
    <posx>984</posx>
    <posy>0</posy>
    <width>164</width>
    <height>242</height>
    <aspectratio scalediffuse="false">stretch</aspectratio>
    <texture diffuse="thumb_3dwall_mask.png" fallback="DefaultVideoPoster.png" background="true">$INFO[ListItem(-2).path,,poster.jpg]</texture>
  </control>
  <control type="image">
    <posx>-164</posx>
    <posy>240</posy>
    <width>164</width>
    <height>242</height>
    <aspectratio scalediffuse="false">stretch</aspectratio>
    <texture diffuse="thumb_3dwall_mask.png" fallback="DefaultVideoPoster.png" background="true">$INFO[ListItem(-2).path,,poster.jpg]</texture>
  </control>
  <control type="image">
    <posx>0</posx>
    <posy>240</posy>
    <width>164</width>
    <height>242</height>
    <aspectratio scalediffuse="false">stretch</aspectratio>
    <texture diffuse="thumb_3dwall_mask.png" fallback="DefaultVideoPoster.png" background="true">$INFO[ListItem(-1).path,,poster.jpg]</texture>
  </control>
  <control type="image">
    <posx>164</posx>
    <posy>240</posy>
    <width>164</width>
    <height>242</height>
    <aspectratio scalediffuse="false">stretch</aspectratio>
    <texture diffuse="thumb_3dwall_mask.png" fallback="DefaultVideoPoster.png" background="true">$INFO[ListItem(0).path,,poster.jpg]</texture>
  </control>
  <control type="image">
    <posx>328</posx>
    <posy>240</posy>
    <width>164</width>
    <height>242</height>
    <aspectratio scalediffuse="false">stretch</aspectratio>
    <texture diffuse="thumb_3dwall_mask.png" fallback="DefaultVideoPoster.png" background="true">$INFO[ListItem(1).path,,poster.jpg]</texture>
  </control>
  <control type="image">
    <posx>492</posx>
    <posy>240</posy>
    <width>164</width>
    <height>242</height>
    <aspectratio scalediffuse="false">stretch</aspectratio>
    <texture diffuse="thumb_3dwall_mask.png" fallback="DefaultVideoPoster.png" background="true">$INFO[ListItem(2).path,,poster.jpg]</texture>
  </control>
  <control type="image">
    <posx>656</posx>
    <posy>240</posy>
    <width>164</width>
    <height>242</height>
    <aspectratio scalediffuse="false">stretch</aspectratio>
    <texture diffuse="thumb_3dwall_mask.png" fallback="DefaultVideoPoster.png" background="true">$INFO[ListItem(3).path,,poster.jpg]</texture>
  </control>
  <control type="image">
    <posx>820</posx>
    <posy>240</posy>
    <width>164</width>
    <height>242</height>
    <aspectratio scalediffuse="false">stretch</aspectratio>
    <texture diffuse="thumb_3dwall_mask.png" fallback="DefaultVideoPoster.png" background="true">$INFO[ListItem(4).path,,poster.jpg]</texture>
  </control>
  <control type="image">
    <posx>984</posx>
    <posy>240</posy>
    <width>164</width>
    <height>242</height>
    <aspectratio scalediffuse="false">stretch</aspectratio>
    <texture diffuse="thumb_3dwall_mask.png" fallback="DefaultVideoPoster.png" background="true">$INFO[ListItem(5).path,,poster.jpg]</texture>
  </control>
  <control type="image">
    <posx>-164</posx>
    <posy>480</posy>
    <width>164</width>
    <height>242</height>
    <aspectratio scalediffuse="false">stretch</aspectratio>
    <texture diffuse="thumb_3dwall_mask.png" fallback="DefaultVideoPoster.png" background="true">$INFO[ListItem(5).path,,poster.jpg]</texture>
  </control>
  <control type="image">
    <posx>0</posx>
    <posy>480</posy>
    <width>164</width>
    <height>242</height>
    <aspectratio scalediffuse="false">stretch</aspectratio>
    <texture diffuse="thumb_3dwall_mask.png" fallback="DefaultVideoPoster.png" background="true">$INFO[ListItem(6).path,,poster.jpg]</texture>
  </control>
  <control type="image">
    <posx>164</posx>
    <posy>480</posy>
    <width>164</width>
    <height>242</height>
    <aspectratio scalediffuse="false">stretch</aspectratio>
    <texture diffuse="thumb_3dwall_mask.png" fallback="DefaultVideoPoster.png" background="true">$INFO[ListItem(7).path,,poster.jpg]</texture>
  </control>
  <control type="image">
    <posx>328</posx>
    <posy>480</posy>
    <width>164</width>
    <height>242</height>
    <aspectratio scalediffuse="false">stretch</aspectratio>
    <texture diffuse="thumb_3dwall_mask.png" fallback="DefaultVideoPoster.png" background="true">$INFO[ListItem(8).path,,poster.jpg]</texture>
  </control>
  <control type="image">
    <posx>492</posx>
    <posy>480</posy>
    <width>164</width>
    <height>242</height>
    <aspectratio scalediffuse="false">stretch</aspectratio>
    <texture diffuse="thumb_3dwall_mask.png" fallback="DefaultVideoPoster.png" background="true">$INFO[ListItem(9).path,,poster.jpg]</texture>
  </control>
  <control type="image">
    <posx>656</posx>
    <posy>480</posy>
    <width>164</width>
    <height>242</height>
    <aspectratio scalediffuse="false">stretch</aspectratio>
    <texture diffuse="thumb_3dwall_mask.png" fallback="DefaultVideoPoster.png" background="true">$INFO[ListItem(10).path,,poster.jpg]</texture>
  </control>
  <control type="image">
    <posx>820</posx>
    <posy>480</posy>
    <width>164</width>
    <height>242</height>
    <aspectratio scalediffuse="false">stretch</aspectratio>
    <texture diffuse="thumb_3dwall_mask.png" fallback="DefaultVideoPoster.png" background="true">$INFO[ListItem(11).path,,poster.jpg]</texture>
  </control>
  <control type="image">
    <posx>984</posx>
    <posy>480</posy>
    <width>164</width>
    <height>242</height>
    <aspectratio scalediffuse="false">stretch</aspectratio>
    <texture diffuse="thumb_3dwall_mask.png" fallback="DefaultVideoPoster.png" background="true">$INFO[ListItem(12).path,,poster.jpg]</texture>
  </control>
  </control>
  <control type="group">
  <animation type="WindowOpen">
    <effect type="fade" start="0" end="100" time="1000"/>
    <effect type="rotatey" center="1280" start="0" end="-15" time="1000" delay="2250"/>
  </animation>
  <visible>!Control.IsVisible(7015) + !Control.IsVisible(7016)</visible>
  <control type="image">
    <posx>0</posx>
    <posy>0</posy>
    <width>164</width>
    <height>242</height>
    <aspectratio scalediffuse="false">stretch</aspectratio>
    <texture diffuse="thumb_3dwall_mask.png" fallback="DefaultVideoPoster.png" background="true">$INFO[ListItem(-9).path,,poster.jpg]</texture>
  </control>
  <control type="image">
    <posx>164</posx>
    <posy>0</posy>
    <width>164</width>
    <height>242</height>
    <aspectratio scalediffuse="false">stretch</aspectratio>
    <texture diffuse="thumb_3dwall_mask.png" fallback="DefaultVideoPoster.png" background="true">$INFO[ListItem(-8).path,,poster.jpg]</texture>
  </control>
  <control type="image">
    <posx>328</posx>
    <posy>0</posy>
    <width>164</width>
    <height>242</height>
    <aspectratio scalediffuse="false">stretch</aspectratio>
    <texture diffuse="thumb_3dwall_mask.png" fallback="DefaultVideoPoster.png" background="true">$INFO[ListItem(-7).path,,poster.jpg]</texture>
  </control>
  <control type="image">
    <posx>492</posx>
    <posy>0</posy>
    <width>164</width>
    <height>242</height>
    <aspectratio scalediffuse="false">stretch</aspectratio>
    <texture diffuse="thumb_3dwall_mask.png" fallback="DefaultVideoPoster.png" background="true">$INFO[ListItem(-6).path,,poster.jpg]</texture>
  </control>
  <control type="image">
    <posx>656</posx>
    <posy>0</posy>
    <width>164</width>
    <height>242</height>
    <aspectratio scalediffuse="false">stretch</aspectratio>
    <texture diffuse="thumb_3dwall_mask.png" fallback="DefaultVideoPoster.png" background="true">$INFO[ListItem(-5).path,,poster.jpg]</texture>
  </control>
  <control type="image">
    <posx>820</posx>
    <posy>0</posy>
    <width>164</width>
    <height>242</height>
    <aspectratio scalediffuse="false">stretch</aspectratio>
    <texture diffuse="thumb_3dwall_mask.png" fallback="DefaultVideoPoster.png" background="true">$INFO[ListItem(-4).path,,poster.jpg]</texture>
  </control>
  <control type="image">
    <posx>984</posx>
    <posy>0</posy>
    <width>164</width>
    <height>242</height>
    <aspectratio scalediffuse="false">stretch</aspectratio>
    <texture diffuse="thumb_3dwall_mask.png" fallback="DefaultVideoPoster.png" background="true">$INFO[ListItem(-3).path,,poster.jpg]</texture>
  </control>
  <control type="image">
    <posx>0</posx>
    <posy>240</posy>
    <width>164</width>
    <height>242</height>
    <aspectratio scalediffuse="false">stretch</aspectratio>
    <texture diffuse="thumb_3dwall_mask.png" fallback="DefaultVideoPoster.png" background="true">$INFO[ListItem(-2).path,,poster.jpg]</texture>
  </control>
  <control type="image">
    <posx>164</posx>
    <posy>240</posy>
    <width>164</width>
    <height>242</height>
    <aspectratio scalediffuse="false">stretch</aspectratio>
    <texture diffuse="thumb_3dwall_mask.png" fallback="DefaultVideoPoster.png" background="true">$INFO[ListItem(-1).path,,poster.jpg]</texture>
  </control>
  <control type="image">
    <posx>328</posx>
    <posy>240</posy>
    <width>164</width>
    <height>242</height>
    <aspectratio scalediffuse="false">stretch</aspectratio>
    <texture diffuse="thumb_3dwall_mask.png" fallback="DefaultVideoPoster.png" background="true">$INFO[ListItem(0).path,,poster.jpg]</texture>
  </control>
  <control type="image">
    <posx>492</posx>
    <posy>240</posy>
    <width>164</width>
    <height>242</height>
    <aspectratio scalediffuse="false">stretch</aspectratio>
    <texture diffuse="thumb_3dwall_mask.png" fallback="DefaultVideoPoster.png" background="true">$INFO[ListItem(1).path,,poster.jpg]</texture>
  </control>
  <control type="image">
    <posx>656</posx>
    <posy>240</posy>
    <width>164</width>
    <height>242</height>
    <aspectratio scalediffuse="false">stretch</aspectratio>
    <texture diffuse="thumb_3dwall_mask.png" fallback="DefaultVideoPoster.png" background="true">$INFO[ListItem(2).path,,poster.jpg]</texture>
  </control>
  <control type="image">
    <posx>820</posx>
    <posy>240</posy>
    <width>164</width>
    <height>242</height>
    <aspectratio scalediffuse="false">stretch</aspectratio>
    <texture diffuse="thumb_3dwall_mask.png" fallback="DefaultVideoPoster.png" background="true">$INFO[ListItem(3).path,,poster.jpg]</texture>
  </control>
  <control type="image">
    <posx>984</posx>
    <posy>240</posy>
    <width>164</width>
    <height>242</height>
    <aspectratio scalediffuse="false">stretch</aspectratio>
    <texture diffuse="thumb_3dwall_mask.png" fallback="DefaultVideoPoster.png" background="true">$INFO[ListItem(4).path,,poster.jpg]</texture>
  </control>
  <control type="image">
    <posx>0</posx>
    <posy>480</posy>
    <width>164</width>
    <height>242</height>
    <aspectratio scalediffuse="false">stretch</aspectratio>
    <texture diffuse="thumb_3dwall_mask.png" fallback="DefaultVideoPoster.png" background="true">$INFO[ListItem(5).path,,poster.jpg]</texture>
  </control>
  <control type="image">
    <posx>164</posx>
    <posy>480</posy>
    <width>164</width>
    <height>242</height>
    <aspectratio scalediffuse="false">stretch</aspectratio>
    <texture diffuse="thumb_3dwall_mask.png" fallback="DefaultVideoPoster.png" background="true">$INFO[ListItem(6).path,,poster.jpg]</texture>
  </control>
  <control type="image">
    <posx>328</posx>
    <posy>480</posy>
    <width>164</width>
    <height>242</height>
    <aspectratio scalediffuse="false">stretch</aspectratio>
    <texture diffuse="thumb_3dwall_mask.png" fallback="DefaultVideoPoster.png" background="true">$INFO[ListItem(7).path,,poster.jpg]</texture>
  </control>
  <control type="image">
    <posx>492</posx>
    <posy>480</posy>
    <width>164</width>
    <height>242</height>
    <aspectratio scalediffuse="false">stretch</aspectratio>
    <texture diffuse="thumb_3dwall_mask.png" fallback="DefaultVideoPoster.png" background="true">$INFO[ListItem(8).path,,poster.jpg]</texture>
  </control>
  <control type="image">
    <posx>656</posx>
    <posy>480</posy>
    <width>164</width>
    <height>242</height>
    <aspectratio scalediffuse="false">stretch</aspectratio>
    <texture diffuse="thumb_3dwall_mask.png" fallback="DefaultVideoPoster.png" background="true">$INFO[ListItem(9).path,,poster.jpg]</texture>
  </control>
  <control type="image">
    <posx>820</posx>
    <posy>480</posy>
    <width>164</width>
    <height>242</height>
    <aspectratio scalediffuse="false">stretch</aspectratio>
    <texture diffuse="thumb_3dwall_mask.png" fallback="DefaultVideoPoster.png" background="true">$INFO[ListItem(10).path,,poster.jpg]</texture>
  </control>
  <control type="image">
    <posx>984</posx>
    <posy>480</posy>
    <width>164</width>
    <height>242</height>
    <aspectratio scalediffuse="false">stretch</aspectratio>
    <texture diffuse="thumb_3dwall_mask.png" fallback="DefaultVideoPoster.png" background="true">$INFO[ListItem(11).path,,poster.jpg]</texture>
  </control>
  </control>
  </control>
  <control type="group">
    <visible>Control.IsVisible(54) + [Container.Content(TVShows) + Skin.HasSetting(tvposter)]</visible>
  <control type="image">
    <posx>0</posx>
    <posy>0</posy>
    <width>1280</width>
    <height>720</height>
    <texture>3dwall_vignette.png</texture>
  </control>
  <control type="group">
    <animation reversible="true" effect="zoom" start="100" end="95" center="auto" time="300" tween="quadratic" easing="in" condition="Control.IsVisible(7015) | Control.IsVisible(7016)">Conditional</animation>
  <control type="image">
    <posx>370</posx>
    <posy>136</posy>
    <width>328</width>
    <height>446</height>
    <texture border="-15" diffuse="thumb_3dwall_mask2.png">thumb_multiplex_iconframe.png</texture>
    <animation type="WindowOpen">
    <effect type="fade" start="0" end="100" time="1000" delay="2000"/>
    </animation>
  </control>
  <control type="image">
    <posx>410</posx>
    <posy>176</posy>
    <width>248</width>
    <height>366</height>
    <aspectratio scalediffuse="false">stretch</aspectratio>
    <texture background="true" diffuse="thumb_3dwall_mask2.png">$INFO[ListItem.path,,poster.jpg]</texture>
    <animation type="WindowOpen">
    <effect type="fade" start="0" end="100" time="500" delay="500"/>
    <effect type="zoom" start="458,239,164,242" end="410,176,248,366" time="1000" delay="1000"/>
    </animation>
    <visible>!stringcompare(ListItem.Label,..)</visible>
  </control>
  <control type="image">
    <posx>410</posx>
    <posy>176</posy>
    <width>248</width>
    <height>366</height>
    <aspectratio scalediffuse="false">stretch</aspectratio>
    <texture background="true" diffuse="thumb_3dwall_mask2.png">$INFO[ListItem.Icon]</texture>
    <animation type="WindowOpen">
    <effect type="fade" start="0" end="100" time="500" delay="500"/>
    <effect type="zoom" start="458,239,164,242" end="410,176,248,366" time="1000" delay="1000"/>
    </animation>
    <visible>stringcompare(ListItem.Label,..)</visible>
  </control>
  <control type="image">
    <posx>410</posx>
    <posy>176</posy>
    <width>248</width>
    <height>366</height>
    <aspectratio scalediffuse="false">stretch</aspectratio>
    <texture background="true" diffuse="thumb_3dwall_mask2.png">$INFO[ListItem(-1).path,,poster.jpg]</texture>
    <animation effect="fade" start="100" end="0" time="200" delay="200" condition="Control.IsVisible(7015)">Conditional</animation>
    <visible>Control.IsVisible(7015) + !stringcompare(ListItem(-1).Label,..)</visible>
  </control>
  <control type="image">
    <posx>410</posx>
    <posy>176</posy>
    <width>248</width>
    <height>366</height>
    <aspectratio scalediffuse="false">stretch</aspectratio>
    <texture background="true" diffuse="thumb_3dwall_mask2.png">$INFO[ListItem(1).path,,poster.jpg]</texture>
    <animation effect="fade" start="100" end="0" time="200" delay="200" condition="Control.IsVisible(7016)">Conditional</animation>
    <visible>Control.IsVisible(7016) + !stringcompare(ListItem(1).Label,..)</visible>
  </control>
  <control type="image">
    <posx>410</posx>
    <posy>176</posy>
    <width>248</width>
    <height>366</height>
    <texture diffuse="thumb_3dwall_mask2.png" background="true">thumb_list_movieicon_glass.png</texture>
    <animation type="WindowOpen">
      <effect type="fade" start="0" end="100" time="1000" delay="2000"/>
    </animation>
    <visible>!stringcompare(ListItem.Label,..)</visible>
  </control>
  </control>
  <control type="group">
  <animation type="WindowOpen">
    <effect type="fade" start="0" end="100" time="2000" delay="1000"/>
  </animation>
  <control type="textbox">
    <description>Plot Value for Movies</description>
    <posx>40</posx>
    <posy>182</posy>
    <width>335</width>
    <height>352</height>
    <label>$VAR[value_videoplot]</label>
    <font>Font_MultiplexPlotSmall</font>
    <autoscroll delay="8000" time="2000" repeat="8000">!Skin.HasSetting(noallowscroll)</autoscroll>
  </control>
  <control type="scrollbar" id="60">
    <include>ScrollBar_Horizontal</include>
    <posx>305</posx>
    <posy>663</posy>
    <width>670</width>
    <onup>56</onup>
    <ondown>60</ondown>
    <onleft>60</onleft>
    <onright>60</onright>
    <include>Animation_HideShowcase</include>
    <include>Animation_CommonFade</include>
    <visible allowhiddenfocus="true">Control.IsVisible(54) + Control.HasFocus(60)</visible>
  </control>
  </control>
  </control>
  </include>
  
  <!-- Episodes -->
  <include name="View3DWallEpisodes">
  <control type="group">
    <posx>130</posx>
    <posy>0</posy>
    <visible>Control.IsVisible(55)</visible>
    <control type="group" id="7027">
    <animation effect="rotatey" center="1280" start="-15" end="-15" time="0" condition="true">Conditional</animation>
    <animation reversible="false" effect="slide" start="0,0" end="-320,0" time="400" tween="quadratic" easing="out">Hidden</animation>
    <visible>Container.OnNext</visible>
  <control type="image">
    <posx>0</posx>
    <posy>7</posy>
    <width>320</width>
    <height>178</height>
    <aspectratio stretchdiffuse="false">stretch</aspectratio>
    <texture diffuse="thumb_3dwall_mask.png" background="true">$VAR[value_poster_-6]</texture>
  </control>
  <control type="image">
    <posx>320</posx>
    <posy>7</posy>
    <width>320</width>
    <height>178</height>
    <aspectratio stretchdiffuse="false">stretch</aspectratio>
    <texture diffuse="thumb_3dwall_mask.png" background="true">$VAR[value_poster_-5]</texture>
  </control>
  <control type="image">
    <posx>640</posx>
    <posy>7</posy>
    <width>320</width>
    <height>178</height>
    <aspectratio stretchdiffuse="false">stretch</aspectratio>
    <texture diffuse="thumb_3dwall_mask.png" background="true">$VAR[value_poster_-4]</texture>
  </control>
  <control type="image">
    <posx>960</posx>
    <posy>7</posy>
    <width>320</width>
    <height>178</height>
    <aspectratio stretchdiffuse="false">stretch</aspectratio>
    <texture diffuse="thumb_3dwall_mask.png" background="true">$VAR[value_poster_-3]</texture>
  </control>
  <control type="image">
    <posx>1280</posx>
    <posy>7</posy>
    <width>320</width>
    <height>178</height>
    <aspectratio stretchdiffuse="false">stretch</aspectratio>
    <texture diffuse="thumb_3dwall_mask.png" background="true">$VAR[value_poster_-2]</texture>
  </control>
  <control type="image">
    <posx>0</posx>
    <posy>183</posy>
    <width>320</width>
    <height>178</height>
    <aspectratio stretchdiffuse="false">stretch</aspectratio>
    <texture diffuse="thumb_3dwall_mask.png" background="true">$VAR[value_poster_-2]</texture>
  </control>
  <control type="image">
    <posx>320</posx>
    <posy>183</posy>
    <width>320</width>
    <height>178</height>
    <aspectratio stretchdiffuse="false">stretch</aspectratio>
    <texture diffuse="thumb_3dwall_mask.png" background="true">$VAR[value_poster_-1]</texture>
  </control>
  <control type="image">
    <posx>640</posx>
    <posy>183</posy>
    <width>320</width>
    <height>178</height>
    <aspectratio stretchdiffuse="false">stretch</aspectratio>
    <texture diffuse="thumb_3dwall_mask.png" background="true">$VAR[value_poster_0]</texture>
  </control>
  <control type="image">
    <posx>960</posx>
    <posy>183</posy>
    <width>320</width>
    <height>178</height>
    <aspectratio stretchdiffuse="false">stretch</aspectratio>
    <texture diffuse="thumb_3dwall_mask.png" background="true">$VAR[value_poster_1]</texture>
  </control>
  <control type="image">
    <posx>1280</posx>
    <posy>183</posy>
    <width>320</width>
    <height>178</height>
    <aspectratio stretchdiffuse="false">stretch</aspectratio>
    <texture diffuse="thumb_3dwall_mask.png" background="true">$VAR[value_poster_2]</texture>
  </control>
  <control type="image">
    <posx>0</posx>
    <posy>359</posy>
    <width>320</width>
    <height>178</height>
    <aspectratio stretchdiffuse="false">stretch</aspectratio>
    <texture diffuse="thumb_3dwall_mask.png" background="true">$VAR[value_poster_2]</texture>
  </control>
  <control type="image">
    <posx>320</posx>
    <posy>359</posy>
    <width>320</width>
    <height>178</height>
    <aspectratio stretchdiffuse="false">stretch</aspectratio>
    <texture diffuse="thumb_3dwall_mask.png" background="true">$VAR[value_poster_3]</texture>
  </control>
  <control type="image">
    <posx>640</posx>
    <posy>359</posy>
    <width>320</width>
    <height>178</height>
    <aspectratio stretchdiffuse="false">stretch</aspectratio>
    <texture diffuse="thumb_3dwall_mask.png" background="true">$VAR[value_poster_4]</texture>
  </control>
  <control type="image">
    <posx>960</posx>
    <posy>359</posy>
    <width>320</width>
    <height>178</height>
    <aspectratio stretchdiffuse="false">stretch</aspectratio>
    <texture diffuse="thumb_3dwall_mask.png" background="true">$VAR[value_poster_5]</texture>
  </control>
  <control type="image">
    <posx>1280</posx>
    <posy>359</posy>
    <width>320</width>
    <height>178</height>
    <aspectratio stretchdiffuse="false">stretch</aspectratio>
    <texture diffuse="thumb_3dwall_mask.png" background="true">$VAR[value_poster_6]</texture>
  </control>
  <control type="image">
    <posx>0</posx>
    <posy>535</posy>
    <width>320</width>
    <height>178</height>
    <aspectratio stretchdiffuse="false">stretch</aspectratio>
    <texture diffuse="thumb_3dwall_mask.png" background="true">$VAR[value_poster_7]</texture>
  </control>
  <control type="image">
    <posx>320</posx>
    <posy>535</posy>
    <width>320</width>
    <height>178</height>
    <aspectratio stretchdiffuse="false">stretch</aspectratio>
    <texture diffuse="thumb_3dwall_mask.png" background="true">$VAR[value_poster_7]</texture>
  </control>
  <control type="image">
    <posx>640</posx>
    <posy>535</posy>
    <width>320</width>
    <height>178</height>
    <aspectratio stretchdiffuse="false">stretch</aspectratio>
    <texture diffuse="thumb_3dwall_mask.png" background="true">$VAR[value_poster_8]</texture>
  </control>
  <control type="image">
    <posx>960</posx>
    <posy>535</posy>
    <width>320</width>
    <height>178</height>
    <aspectratio stretchdiffuse="false">stretch</aspectratio>
    <texture diffuse="thumb_3dwall_mask.png" background="true">$VAR[value_poster_9]</texture>
  </control>
  <control type="image">
    <posx>1280</posx>
    <posy>535</posy>
    <width>320</width>
    <height>178</height>
    <aspectratio stretchdiffuse="false">stretch</aspectratio>
    <texture diffuse="thumb_3dwall_mask.png" background="true">$VAR[value_poster_10]</texture>
  </control>
  </control>
  <control type="group" id="7028">
    <animation effect="rotatey" center="1280" start="-15" end="-15" time="0" condition="true">Conditional</animation>
    <animation reversible="false" effect="slide" start="0,0" end="320,0" time="400" tween="quadratic" easing="out">Hidden</animation>
    <visible>Container.OnPrevious</visible>
  <control type="image">
    <posx>-320</posx>
    <posy>7</posy>
    <width>320</width>
    <height>178</height>
    <aspectratio stretchdiffuse="false">stretch</aspectratio>
    <texture diffuse="thumb_3dwall_mask.png" background="true">$VAR[value_poster_-5]</texture>
  </control>
  <control type="image">
    <posx>0</posx>
    <posy>7</posy>
    <width>320</width>
    <height>178</height>
    <aspectratio stretchdiffuse="false">stretch</aspectratio>
    <texture diffuse="thumb_3dwall_mask.png" background="true">$VAR[value_poster_-4]</texture>
  </control>
  <control type="image">
    <posx>320</posx>
    <posy>7</posy>
    <width>320</width>
    <height>178</height>
    <aspectratio stretchdiffuse="false">stretch</aspectratio>
    <texture diffuse="thumb_3dwall_mask.png" background="true">$VAR[value_poster_-3]</texture>
  </control>
  <control type="image">
    <posx>640</posx>
    <posy>7</posy>
    <width>320</width>
    <height>178</height>
    <aspectratio stretchdiffuse="false">stretch</aspectratio>
    <texture diffuse="thumb_3dwall_mask.png" background="true">$VAR[value_poster_-2]</texture>
  </control>
  <control type="image">
    <posx>960</posx>
    <posy>7</posy>
    <width>320</width>
    <height>178</height>
    <aspectratio stretchdiffuse="false">stretch</aspectratio>
    <texture diffuse="thumb_3dwall_mask.png" background="true">$VAR[value_poster_-1]</texture>
  </control>
  <control type="image">
    <posx>-320</posx>
    <posy>183</posy>
    <width>320</width>
    <height>178</height>
    <aspectratio stretchdiffuse="false">stretch</aspectratio>
    <texture diffuse="thumb_3dwall_mask.png" background="true">$VAR[value_poster_-1]</texture>
  </control>
  <control type="image">
    <posx>0</posx>
    <posy>183</posy>
    <width>320</width>
    <height>178</height>
    <aspectratio stretchdiffuse="false">stretch</aspectratio>
    <texture diffuse="thumb_3dwall_mask.png" background="true">$VAR[value_poster_0]</texture>
  </control>
  <control type="image">
    <posx>320</posx>
    <posy>183</posy>
    <width>320</width>
    <height>178</height>
    <aspectratio stretchdiffuse="false">stretch</aspectratio>
    <texture diffuse="thumb_3dwall_mask.png" background="true">$VAR[value_poster_1]</texture>
  </control>
  <control type="image">
    <posx>640</posx>
    <posy>183</posy>
    <width>320</width>
    <height>178</height>
    <aspectratio stretchdiffuse="false">stretch</aspectratio>
    <texture diffuse="thumb_3dwall_mask.png" background="true">$VAR[value_poster_2]</texture>
  </control>
  <control type="image">
    <posx>960</posx>
    <posy>183</posy>
    <width>320</width>
    <height>178</height>
    <aspectratio stretchdiffuse="false">stretch</aspectratio>
    <texture diffuse="thumb_3dwall_mask.png" background="true">$VAR[value_poster_3]</texture>
  </control>
  <control type="image">
    <posx>-320</posx>
    <posy>359</posy>
    <width>320</width>
    <height>178</height>
    <aspectratio stretchdiffuse="false">stretch</aspectratio>
    <texture diffuse="thumb_3dwall_mask.png" background="true">$VAR[value_poster_3]</texture>
  </control>
  <control type="image">
    <posx>0</posx>
    <posy>359</posy>
    <width>320</width>
    <height>178</height>
    <aspectratio stretchdiffuse="false">stretch</aspectratio>
    <texture diffuse="thumb_3dwall_mask.png" background="true">$VAR[value_poster_4]</texture>
  </control>
  <control type="image">
    <posx>320</posx>
    <posy>359</posy>
    <width>320</width>
    <height>178</height>
    <aspectratio stretchdiffuse="false">stretch</aspectratio>
    <texture diffuse="thumb_3dwall_mask.png" background="true">$VAR[value_poster_5]</texture>
  </control>
  <control type="image">
    <posx>640</posx>
    <posy>359</posy>
    <width>320</width>
    <height>178</height>
    <aspectratio stretchdiffuse="false">stretch</aspectratio>
    <texture diffuse="thumb_3dwall_mask.png" background="true">$VAR[value_poster_6]</texture>
  </control>
  <control type="image">
    <posx>960</posx>
    <posy>359</posy>
    <width>320</width>
    <height>178</height>
    <aspectratio stretchdiffuse="false">stretch</aspectratio>
    <texture diffuse="thumb_3dwall_mask.png" background="true">$VAR[value_poster_7]</texture>
  </control>
  <control type="image">
    <posx>-320</posx>
    <posy>535</posy>
    <width>320</width>
    <height>178</height>
    <aspectratio stretchdiffuse="false">stretch</aspectratio>
    <texture diffuse="thumb_3dwall_mask.png" background="true">$VAR[value_poster_7]</texture>
  </control>
  <control type="image">
    <posx>0</posx>
    <posy>535</posy>
    <width>320</width>
    <height>178</height>
    <aspectratio stretchdiffuse="false">stretch</aspectratio>
    <texture diffuse="thumb_3dwall_mask.png" background="true">$VAR[value_poster_8]</texture>
  </control>
  <control type="image">
    <posx>320</posx>
    <posy>535</posy>
    <width>320</width>
    <height>178</height>
    <aspectratio stretchdiffuse="false">stretch</aspectratio>
    <texture diffuse="thumb_3dwall_mask.png" background="true">$VAR[value_poster_9]</texture>
  </control>
  <control type="image">
    <posx>640</posx>
    <posy>535</posy>
    <width>320</width>
    <height>178</height>
    <aspectratio stretchdiffuse="false">stretch</aspectratio>
    <texture diffuse="thumb_3dwall_mask.png" background="true">$VAR[value_poster_10]</texture>
  </control>
  <control type="image">
    <posx>960</posx>
    <posy>535</posy>
    <width>320</width>
    <height>178</height>
    <aspectratio stretchdiffuse="false">stretch</aspectratio>
    <texture diffuse="thumb_3dwall_mask.png" background="true">$VAR[value_poster_11]</texture>
  </control>
  </control>
  <control type="group">
    <animation type="WindowOpen">
    <effect type="fade" start="0" end="100" time="1000"/>
    <effect type="rotatey" center="1280" start="0" end="-15" time="1000" delay="2250"/>
    </animation>
  <visible>!Control.IsVisible(7027) + !Control.IsVisible(7028)</visible>
  <control type="image">
    <posx>0</posx>
    <posy>7</posy>
    <width>320</width>
    <height>178</height>
    <aspectratio stretchdiffuse="false">stretch</aspectratio>
    <texture diffuse="thumb_3dwall_mask.png" background="true">$VAR[value_poster_-5]</texture>
  </control>
  <control type="image">
    <posx>320</posx>
    <posy>7</posy>
    <width>320</width>
    <height>178</height>
    <aspectratio stretchdiffuse="false">stretch</aspectratio>
    <texture diffuse="thumb_3dwall_mask.png" background="true">$VAR[value_poster_-4]</texture>
  </control>
  <control type="image">
    <posx>640</posx>
    <posy>7</posy>
    <width>320</width>
    <height>178</height>
    <aspectratio stretchdiffuse="false">stretch</aspectratio>
    <texture diffuse="thumb_3dwall_mask.png" background="true">$VAR[value_poster_-3]</texture>
  </control>
  <control type="image">
    <posx>960</posx>
    <posy>7</posy>
    <width>320</width>
    <height>178</height>
    <aspectratio stretchdiffuse="false">stretch</aspectratio>
    <texture diffuse="thumb_3dwall_mask.png" background="true">$VAR[value_poster_-2]</texture>
  </control>
  <control type="image">
    <posx>0</posx>
    <posy>183</posy>
    <width>320</width>
    <height>178</height>
    <aspectratio stretchdiffuse="false">stretch</aspectratio>
    <texture diffuse="thumb_3dwall_mask.png" background="true">$VAR[value_poster_-1]</texture>
  </control>
  <control type="image">
    <posx>320</posx>
    <posy>183</posy>
    <width>320</width>
    <height>178</height>
    <aspectratio stretchdiffuse="false">stretch</aspectratio>
    <texture diffuse="thumb_3dwall_mask.png" background="true">$VAR[value_poster_0]</texture>
  </control>
  <control type="image">
    <posx>640</posx>
    <posy>183</posy>
    <width>320</width>
    <height>178</height>
    <aspectratio stretchdiffuse="false">stretch</aspectratio>
    <texture diffuse="thumb_3dwall_mask.png" background="true">$VAR[value_poster_1]</texture>
  </control>
  <control type="image">
    <posx>960</posx>
    <posy>183</posy>
    <width>320</width>
    <height>178</height>
    <aspectratio stretchdiffuse="false">stretch</aspectratio>
    <texture diffuse="thumb_3dwall_mask.png" background="true">$VAR[value_poster_2]</texture>
  </control>
  <control type="image">
    <posx>0</posx>
    <posy>359</posy>
    <width>320</width>
    <height>178</height>
    <aspectratio stretchdiffuse="false">stretch</aspectratio>
    <texture diffuse="thumb_3dwall_mask.png" background="true">$VAR[value_poster_3]</texture>
  </control>
  <control type="image">
    <posx>320</posx>
    <posy>359</posy>
    <width>320</width>
    <height>178</height>
    <aspectratio stretchdiffuse="false">stretch</aspectratio>
    <texture diffuse="thumb_3dwall_mask.png" background="true">$VAR[value_poster_4]</texture>
  </control>
  <control type="image">
    <posx>640</posx>
    <posy>359</posy>
    <width>320</width>
    <height>178</height>
    <aspectratio stretchdiffuse="false">stretch</aspectratio>
    <texture diffuse="thumb_3dwall_mask.png" background="true">$VAR[value_poster_5]</texture>
  </control>
  <control type="image">
    <posx>960</posx>
    <posy>359</posy>
    <width>320</width>
    <height>178</height>
    <aspectratio stretchdiffuse="false">stretch</aspectratio>
    <texture diffuse="thumb_3dwall_mask.png" background="true">$VAR[value_poster_6]</texture>
  </control>
  <control type="image">
    <posx>0</posx>
    <posy>535</posy>
    <width>320</width>
    <height>178</height>
    <aspectratio stretchdiffuse="false">stretch</aspectratio>
    <texture diffuse="thumb_3dwall_mask.png" background="true">$VAR[value_poster_7]</texture>
  </control>
  <control type="image">
    <posx>320</posx>
    <posy>535</posy>
    <width>320</width>
    <height>178</height>
    <aspectratio stretchdiffuse="false">stretch</aspectratio>
    <texture diffuse="thumb_3dwall_mask.png" background="true">$VAR[value_poster_8]</texture>
  </control>
  <control type="image">
    <posx>640</posx>
    <posy>535</posy>
    <width>320</width>
    <height>178</height>
    <aspectratio stretchdiffuse="false">stretch</aspectratio>
    <texture diffuse="thumb_3dwall_mask.png" background="true">$VAR[value_poster_9]</texture>
  </control>
  <control type="image">
    <posx>960</posx>
    <posy>535</posy>
    <width>320</width>
    <height>178</height>
    <aspectratio stretchdiffuse="false">stretch</aspectratio>
    <texture diffuse="thumb_3dwall_mask.png" background="true">$VAR[value_poster_10]</texture>
  </control>
  </control>
  </control>
  <control type="wraplist" id="55">
    <posx>-560</posx>
    <posy>178</posy>
    <width>1280</width>
    <height>178</height>
    <onleft>55</onleft>
    <onright>55</onright>
    <onup>9900</onup>
    <ondown>60</ondown>
    <viewtype label="31806">icon</viewtype>
    <pagecontrol>60</pagecontrol>
    <itemgap>0</itemgap>
    <orientation>horizontal</orientation>
    <scrolltime>250</scrolltime>
    <preloaditems>2</preloaditems>
    <focusposition>3</focusposition>
    <hitrect x="380" y="100" w="450" h="250"/>
    <visible>Container.Content(Episodes) | Container.Content(MusicVideos)</visible>
    <itemlayout width="320" height="178"/>
    <focusedlayout width="320" height="178">
  <control type="image">
    <posx>0</posx>
    <posy>0</posy>
    <width>320</width>
    <height>178</height>
    <texture>-</texture>
  </control>
  </focusedlayout>
  </control>
  <control type="group">
    <visible>Control.IsVisible(55)</visible>
  <control type="image">
    <posx>0</posx>
    <posy>0</posy>
    <width>1280</width>
    <height>720</height>
    <texture>3dwall_vignette.png</texture>
  </control>
  <control type="group">
    <animation reversible="true" effect="zoom" start="100" end="95" center="auto" time="300" tween="quadratic" easing="in" condition="Control.IsVisible(7027) | Control.IsVisible(7028)">Conditional</animation>
  <control type="image">
    <posx>365</posx>
    <posy>60</posy>
    <width>540</width>
    <height>330</height>
    <texture border="-60" diffuse="thumb_tvmask.png">thumb_multiplex_iconframetv.png</texture>
    <animation type="WindowOpen">
    <effect type="fade" start="0" end="100" time="1000" delay="2000"/>
    </animation>
  </control>
  <control type="image">
    <posx>395</posx>
    <posy>90</posy>
    <width>480</width>
    <height>270</height>
    <aspectratio stretchdiffuse="false">stretch</aspectratio>
    <texture background="true" diffuse="thumb_tvmask.png">$INFO[ListItem.Icon]</texture>
    <animation type="WindowOpen">
    <effect type="fade" start="0" end="100" time="500" delay="500"/>
    <effect type="zoom" start="450,183,320,180" end="400,90,480,270" time="1000" delay="1000"/>
    </animation>
  </control>
  <control type="image">
    <posx>395</posx>
    <posy>90</posy>
    <width>480</width>
    <height>270</height>
    <aspectratio stretchdiffuse="false">stretch</aspectratio>
    <texture background="true" diffuse="thumb_3dwall_mask2.png">$VAR[value_poster_-1]</texture>
    <animation effect="fade" start="100" end="0" time="200" delay="200" condition="Control.IsVisible(7027)">Conditional</animation>
    <visible>Control.IsVisible(7027) + !stringcompare(ListItem(-1).Label,..)</visible>
  </control>
  <control type="image">
    <posx>395</posx>
    <posy>90</posy>
    <width>480</width>
    <height>270</height>
    <aspectratio stretchdiffuse="false">stretch</aspectratio>
    <texture background="true" diffuse="thumb_3dwall_mask2.png">$VAR[value_poster_1]</texture>
    <animation effect="fade" start="100" end="0" time="200" delay="200" condition="Control.IsVisible(7028)">Conditional</animation>
    <visible>Control.IsVisible(7028) + !stringcompare(ListItem(1).Label,..)</visible>
  </control>
  <control type="image">
    <posx>395</posx>
    <posy>90</posy>
    <width>480</width>
    <height>270</height>
    <texture diffuse="thumb_tvmask.png">thumb_tvglass_noedge.png</texture>
    <animation type="WindowOpen">
    <effect type="fade" start="0" end="100" time="1000" delay="2000"/>
    </animation>
    <visible>!stringcompare(ListItem.Label,..)</visible>
  </control>
  </control>
  <control type="group">
    <animation type="WindowOpen">
    <effect type="fade" start="0" end="100" time="2000" delay="1000"/>
    </animation>
  <control type="scrollbar" id="60">
    <include>ScrollBar_Horizontal</include>
    <posx>305</posx>
    <posy>663</posy>
    <width>670</width>
    <onup>55</onup>
    <ondown>55</ondown>
    <onleft>60</onleft>
    <onright>60</onright>
    <include>Animation_HideShowcase</include>
    <include>Animation_CommonFade</include>
    <visible allowhiddenfocus="true">Control.IsVisible(55) + Control.HasFocus(60)</visible>
  </control>
  <control type="textbox">
    <description>Plot Value for Episodes</description>
    <posx>40</posx>
    <posy>182</posy>
    <width>335</width>
    <height>352</height>
    <label>$VAR[value_videoplot]</label>
    <font>Font_MultiplexPlotSmall</font>
    <autoscroll delay="8000" time="2000" repeat="8000">!Skin.HasSetting(noallowscroll)</autoscroll>
  </control>
  </control>
  </control>
  </include>
  
  <include name="View3DWallAudio">
  <control type="group">
    <posx>218</posx>
    <posy>-1</posy>
    <visible>Control.IsVisible(54)</visible>
  <control type="group" id="7013">
    <animation effect="rotatey" center="1280" start="-15" end="-15" time="0" condition="true">Conditional</animation>
    <animation reversible="false" effect="slide" start="0,0" end="-242,0" time="400" tween="quadratic" easing="out">Hidden</animation>
    <visible>Container.OnNext</visible>
  <control type="group">
  <control type="image">
    <posx>0</posx>
    <posy>0</posy>
    <width>242</width>
    <height>242</height>
    <aspectratio scalediffuse="false">stretch</aspectratio>
    <texture diffuse="thumb_3dwall_mask.png" background="true">$VAR[value_poster_-7]</texture>
  </control>
  <control type="image">
    <posx>242</posx>
    <posy>0</posy>
    <width>242</width>
    <height>242</height>
    <aspectratio scalediffuse="false">stretch</aspectratio>
    <texture diffuse="thumb_3dwall_mask.png" background="true">$VAR[value_poster_-6]</texture>
  </control>
  <control type="image">
    <posx>484</posx>
    <posy>0</posy>
    <width>242</width>
    <height>242</height>
    <aspectratio scalediffuse="false">stretch</aspectratio>
    <texture diffuse="thumb_3dwall_mask.png" background="true">$VAR[value_poster_-5]</texture>
  </control>
  <control type="image">
    <posx>726</posx>
    <posy>0</posy>
    <width>242</width>
    <height>242</height>
    <aspectratio scalediffuse="false">stretch</aspectratio>
    <texture diffuse="thumb_3dwall_mask.png" background="true">$VAR[value_poster_-4]</texture>
  </control>
  <control type="image">
    <posx>968</posx>
    <posy>0</posy>
    <width>242</width>
    <height>242</height>
    <aspectratio scalediffuse="false">stretch</aspectratio>
    <texture diffuse="thumb_3dwall_mask.png" background="true">$VAR[value_poster_-3]</texture>
  </control>
  <control type="image">
    <posx>1210</posx>
    <posy>0</posy>
    <width>242</width>
    <height>242</height>
    <aspectratio scalediffuse="false">stretch</aspectratio>
    <texture diffuse="thumb_3dwall_mask.png" background="true">$VAR[value_poster_-2]</texture>
  </control>
  <control type="image">
    <posx>0</posx>
    <posy>240</posy>
    <width>242</width>
    <height>242</height>
    <aspectratio scalediffuse="false">stretch</aspectratio>
    <texture diffuse="thumb_3dwall_mask.png" background="true">$VAR[value_poster_-2]</texture>
  </control>
  <control type="image">
    <posx>242</posx>
    <posy>240</posy>
    <width>242</width>
    <height>242</height>
    <aspectratio scalediffuse="false">stretch</aspectratio>
    <texture diffuse="thumb_3dwall_mask.png" background="true">$VAR[value_poster_-1]</texture>
  </control>
  <control type="image">
    <posx>484</posx>
    <posy>240</posy>
    <width>242</width>
    <height>242</height>
    <aspectratio scalediffuse="false">stretch</aspectratio>
    <texture diffuse="thumb_3dwall_mask.png" background="true">$VAR[value_poster_0]</texture>
  </control>
  <control type="image">
    <posx>726</posx>
    <posy>240</posy>
    <width>242</width>
    <height>242</height>
    <aspectratio scalediffuse="false">stretch</aspectratio>
    <texture diffuse="thumb_3dwall_mask.png" background="true">$VAR[value_poster_1]</texture>
  </control>
  <control type="image">
    <posx>968</posx>
    <posy>240</posy>
    <width>242</width>
    <height>242</height>
    <aspectratio scalediffuse="false">stretch</aspectratio>
    <texture diffuse="thumb_3dwall_mask.png" background="true">$VAR[value_poster_2]</texture>
  </control>
  <control type="image">
    <posx>1210</posx>
    <posy>240</posy>
    <width>242</width>
    <height>242</height>
    <aspectratio scalediffuse="false">stretch</aspectratio>
    <texture diffuse="thumb_3dwall_mask.png" background="true">$VAR[value_poster_3]</texture>
  </control>
  <control type="image">
    <posx>0</posx>
    <posy>480</posy>
    <width>242</width>
    <height>242</height>
    <aspectratio scalediffuse="false">stretch</aspectratio>
    <texture diffuse="thumb_3dwall_mask.png" background="true">$VAR[value_poster_3]</texture>
  </control>
  <control type="image">
    <posx>242</posx>
    <posy>480</posy>
    <width>242</width>
    <height>242</height>
    <aspectratio scalediffuse="false">stretch</aspectratio>
    <texture diffuse="thumb_3dwall_mask.png" background="true">$VAR[value_poster_4]</texture>
  </control>
  <control type="image">
    <posx>484</posx>
    <posy>480</posy>
    <width>242</width>
    <height>242</height>
    <aspectratio scalediffuse="false">stretch</aspectratio>
    <texture diffuse="thumb_3dwall_mask.png" background="true">$VAR[value_poster_5]</texture>
  </control>
  <control type="image">
    <posx>726</posx>
    <posy>480</posy>
    <width>242</width>
    <height>242</height>
    <aspectratio scalediffuse="false">stretch</aspectratio>
    <texture diffuse="thumb_3dwall_mask.png" background="true">$VAR[value_poster_6]</texture>
  </control>
  <control type="image">
    <posx>968</posx>
    <posy>480</posy>
    <width>242</width>
    <height>242</height>
    <aspectratio scalediffuse="false">stretch</aspectratio>
    <texture diffuse="thumb_3dwall_mask.png" background="true">$VAR[value_poster_7]</texture>
  </control>
  <control type="image">
    <posx>1210</posx>
    <posy>480</posy>
    <width>242</width>
    <height>242</height>
    <aspectratio scalediffuse="false">stretch</aspectratio>
    <texture diffuse="thumb_3dwall_mask.png" background="true">$VAR[value_poster_8]</texture>
  </control>
  </control>
  </control>
  <control type="group" id="7014">
    <animation effect="rotatey" center="1280" start="-15" end="-15" time="0" condition="true">Conditional</animation>
    <animation reversible="false" effect="slide" start="0,0" end="242,0" time="400" tween="quadratic" easing="out">Hidden</animation>
    <visible>Container.OnPrevious</visible>
  <control type="group">
  <control type="image">
    <posx>-242</posx>
    <posy>0</posy>
    <width>242</width>
    <height>242</height>
    <aspectratio scalediffuse="false">stretch</aspectratio>
    <texture diffuse="thumb_3dwall_mask.png" background="true">$VAR[value_poster_-6]</texture>
  </control>
  <control type="image">
    <posx>0</posx>
    <posy>0</posy>
    <width>242</width>
    <height>242</height>
    <aspectratio scalediffuse="false">stretch</aspectratio>
    <texture diffuse="thumb_3dwall_mask.png" background="true">$VAR[value_poster_-5]</texture>
  </control>
  <control type="image">
    <posx>242</posx>
    <posy>0</posy>
    <width>242</width>
    <height>242</height>
    <aspectratio scalediffuse="false">stretch</aspectratio>
    <texture diffuse="thumb_3dwall_mask.png" background="true">$VAR[value_poster_-4]</texture>
  </control>
  <control type="image">
    <posx>484</posx>
    <posy>0</posy>
    <width>242</width>
    <height>242</height>
    <aspectratio scalediffuse="false">stretch</aspectratio>
    <texture diffuse="thumb_3dwall_mask.png" background="true">$VAR[value_poster_-3]</texture>
  </control>
  <control type="image">
    <posx>726</posx>
    <posy>0</posy>
    <width>242</width>
    <height>242</height>
    <aspectratio scalediffuse="false">stretch</aspectratio>
    <texture diffuse="thumb_3dwall_mask.png" background="true">$VAR[value_poster_-2]</texture>
  </control>
  <control type="image">
    <posx>968</posx>
    <posy>0</posy>
    <width>242</width>
    <height>242</height>
    <aspectratio scalediffuse="false">stretch</aspectratio>
    <texture diffuse="thumb_3dwall_mask.png" background="true">$VAR[value_poster_-1]</texture>
  </control>
  <control type="image">
    <posx>-242</posx>
    <posy>240</posy>
    <width>242</width>
    <height>242</height>
    <aspectratio scalediffuse="false">stretch</aspectratio>
    <texture diffuse="thumb_3dwall_mask.png" background="true">$VAR[value_poster_-1]</texture>
  </control>
  <control type="image">
    <posx>0</posx>
    <posy>240</posy>
    <width>242</width>
    <height>242</height>
    <aspectratio scalediffuse="false">stretch</aspectratio>
    <texture diffuse="thumb_3dwall_mask.png" background="true">$VAR[value_poster_0]</texture>
  </control>
  <control type="image">
    <posx>242</posx>
    <posy>240</posy>
    <width>242</width>
    <height>242</height>
    <aspectratio scalediffuse="false">stretch</aspectratio>
    <texture diffuse="thumb_3dwall_mask.png" background="true">$VAR[value_poster_1]</texture>
  </control>
  <control type="image">
    <posx>484</posx>
    <posy>240</posy>
    <width>242</width>
    <height>242</height>
    <aspectratio scalediffuse="false">stretch</aspectratio>
    <texture diffuse="thumb_3dwall_mask.png" background="true">$VAR[value_poster_2]</texture>
  </control>
  <control type="image">
    <posx>726</posx>
    <posy>240</posy>
    <width>242</width>
    <height>242</height>
    <aspectratio scalediffuse="false">stretch</aspectratio>
    <texture diffuse="thumb_3dwall_mask.png" background="true">$VAR[value_poster_3]</texture>
  </control>
  <control type="image">
    <posx>968</posx>
    <posy>240</posy>
    <width>242</width>
    <height>242</height>
    <aspectratio scalediffuse="false">stretch</aspectratio>
    <texture diffuse="thumb_3dwall_mask.png" background="true">$VAR[value_poster_4]</texture>
  </control>
  <control type="image">
    <posx>-242</posx>
    <posy>480</posy>
    <width>242</width>
    <height>242</height>
    <aspectratio scalediffuse="false">stretch</aspectratio>
    <texture diffuse="thumb_3dwall_mask.png" background="true">$VAR[value_poster_4]</texture>
  </control>
  <control type="image">
    <posx>0</posx>
    <posy>480</posy>
    <width>242</width>
    <height>242</height>
    <aspectratio scalediffuse="false">stretch</aspectratio>
    <texture diffuse="thumb_3dwall_mask.png" background="true">$VAR[value_poster_5]</texture>
  </control>
  <control type="image">
    <posx>242</posx>
    <posy>480</posy>
    <width>242</width>
    <height>242</height>
    <aspectratio scalediffuse="false">stretch</aspectratio>
    <texture diffuse="thumb_3dwall_mask.png" background="true">$VAR[value_poster_6]</texture>
  </control>
  <control type="image">
    <posx>484</posx>
    <posy>480</posy>
    <width>242</width>
    <height>242</height>
    <aspectratio scalediffuse="false">stretch</aspectratio>
    <texture diffuse="thumb_3dwall_mask.png" background="true">$VAR[value_poster_7]</texture>
  </control>
  <control type="image">
    <posx>726</posx>
    <posy>480</posy>
    <width>242</width>
    <height>242</height>
    <aspectratio scalediffuse="false">stretch</aspectratio>
    <texture diffuse="thumb_3dwall_mask.png" background="true">$VAR[value_poster_8]</texture>
  </control>
  <control type="image">
    <posx>968</posx>
    <posy>480</posy>
    <width>242</width>
    <height>242</height>
    <aspectratio scalediffuse="false">stretch</aspectratio>
    <texture diffuse="thumb_3dwall_mask.png" background="true">$VAR[value_poster_9]</texture>
  </control>
  </control>
  </control>
  <control type="group">
    <animation type="WindowOpen">
    <effect type="fade" start="0" end="100" time="1000"/>
    <effect type="rotatey" center="1280" start="0" end="-15" time="1000" delay="2250"/>
    </animation>
    <visible>!Control.IsVisible(7013) + !Control.IsVisible(7014)</visible>
  <control type="group">
  <control type="image">
    <posx>0</posx>
    <posy>0</posy>
    <width>242</width>
    <height>242</height>
    <aspectratio scalediffuse="false">stretch</aspectratio>
    <texture diffuse="thumb_3dwall_mask.png" background="true">$VAR[value_poster_-6]</texture>
  </control>
  <control type="image">
    <posx>242</posx>
    <posy>0</posy>
    <width>242</width>
    <height>242</height>
    <aspectratio scalediffuse="false">stretch</aspectratio>
    <texture diffuse="thumb_3dwall_mask.png" background="true">$VAR[value_poster_-5]</texture>
  </control>
  <control type="image">
    <posx>484</posx>
    <posy>0</posy>
    <width>242</width>
    <height>242</height>
    <aspectratio scalediffuse="false">stretch</aspectratio>
    <texture diffuse="thumb_3dwall_mask.png" background="true">$VAR[value_poster_-4]</texture>
  </control>
  <control type="image">
    <posx>726</posx>
    <posy>0</posy>
    <width>242</width>
    <height>242</height>
    <aspectratio scalediffuse="false">stretch</aspectratio>
    <texture diffuse="thumb_3dwall_mask.png" background="true">$VAR[value_poster_-3]</texture>
  </control>
  <control type="image">
    <posx>968</posx>
    <posy>0</posy>
    <width>242</width>
    <height>242</height>
    <aspectratio scalediffuse="false">stretch</aspectratio>
    <texture diffuse="thumb_3dwall_mask.png" background="true">$VAR[value_poster_-2]</texture>
  </control>
  <control type="image">
    <posx>0</posx>
    <posy>240</posy>
    <width>242</width>
    <height>242</height>
    <aspectratio scalediffuse="false">stretch</aspectratio>
    <texture diffuse="thumb_3dwall_mask.png" background="true">$VAR[value_poster_-1]</texture>
  </control>
  <control type="image">
    <posx>242</posx>
    <posy>240</posy>
    <width>242</width>
    <height>242</height>
    <aspectratio scalediffuse="false">stretch</aspectratio>
    <texture diffuse="thumb_3dwall_mask.png" background="true">$VAR[value_poster_0]</texture>
  </control>
  <control type="image">
    <posx>484</posx>
    <posy>240</posy>
    <width>242</width>
    <height>242</height>
    <aspectratio scalediffuse="false">stretch</aspectratio>
    <texture diffuse="thumb_3dwall_mask.png" background="true">$VAR[value_poster_1]</texture>
  </control>
  <control type="image">
    <posx>726</posx>
    <posy>240</posy>
    <width>242</width>
    <height>242</height>
    <aspectratio scalediffuse="false">stretch</aspectratio>
    <texture diffuse="thumb_3dwall_mask.png" background="true">$VAR[value_poster_2]</texture>
  </control>
  <control type="image">
    <posx>968</posx>
    <posy>240</posy>
    <width>242</width>
    <height>242</height>
    <aspectratio scalediffuse="false">stretch</aspectratio>
    <texture diffuse="thumb_3dwall_mask.png" background="true">$VAR[value_poster_3]</texture>
  </control>
  <control type="image">
    <posx>0</posx>
    <posy>480</posy>
    <width>242</width>
    <height>242</height>
    <aspectratio scalediffuse="false">stretch</aspectratio>
    <texture diffuse="thumb_3dwall_mask.png" background="true">$VAR[value_poster_4]</texture>
  </control>
  <control type="image">
    <posx>242</posx>
    <posy>480</posy>
    <width>242</width>
    <height>242</height>
    <aspectratio scalediffuse="false">stretch</aspectratio>
    <texture diffuse="thumb_3dwall_mask.png" background="true">$VAR[value_poster_5]</texture>
  </control>
  <control type="image">
    <posx>484</posx>
    <posy>480</posy>
    <width>242</width>
    <height>242</height>
    <aspectratio scalediffuse="false">stretch</aspectratio>
    <texture diffuse="thumb_3dwall_mask.png" background="true">$VAR[value_poster_6]</texture>
  </control>
  <control type="image">
    <posx>726</posx>
    <posy>480</posy>
    <width>242</width>
    <height>242</height>
    <aspectratio scalediffuse="false">stretch</aspectratio>
    <texture diffuse="thumb_3dwall_mask.png" background="true">$VAR[value_poster_7]</texture>
  </control>
  <control type="image">
    <posx>968</posx>
    <posy>480</posy>
    <width>242</width>
    <height>242</height>
    <aspectratio scalediffuse="false">stretch</aspectratio>
    <texture diffuse="thumb_3dwall_mask.png" background="true">$VAR[value_poster_8]</texture>
  </control>
  </control>
  </control>
  </control>
  <control type="wraplist" id="54">
    <posx>-360</posx>
    <posy>166</posy>
    <width>1925</width>
    <height>385</height>
    <onleft>54</onleft>
    <onright>54</onright>
    <onup>9900</onup>
    <ondown>60</ondown>
    <viewtype label="31806">icon</viewtype>
    <pagecontrol>60</pagecontrol>
    <itemgap>0</itemgap>
    <orientation>horizontal</orientation>
    <scrolltime>250</scrolltime>
    <preloaditems>2</preloaditems>
    <focusposition>2</focusposition>
    <hitrect x="409" y="166" w="385" h="385"/>
    <visible>Container.Content(Artists) | Container.Content(Albums) | Container.Content(Songs)</visible>
    <itemlayout width="385" height="385"/>
    <focusedlayout width="385" height="385">
  <control type="image">
    <posx>0</posx>
    <posy>0</posy>
    <width>385</width>
    <height>385</height>
    <texture>-</texture>
  </control>
  </focusedlayout>
  </control>
  <control type="group">
    <visible>Control.IsVisible(54)</visible>
  <control type="image">
    <posx>0</posx>
    <posy>0</posy>
    <width>1280</width>
    <height>720</height>
    <texture>3dwall_vignette.png</texture>
  </control>
  <control type="group">
    <animation reversible="true" effect="zoom" start="100" end="95" center="auto" time="300" tween="quadratic" easing="in" condition="Control.IsVisible(7013) | Control.IsVisible(7014)">Conditional</animation>
  <control type="image">
    <posx>360</posx>
    <posy>126</posy>
    <width>465</width>
    <height>465</height>
    <texture border="-15" diffuse="thumb_3dwall_mask2.png">thumb_multiplex_iconframe.png</texture>
    <animation type="WindowOpen">
    <effect type="fade" start="0" end="100" time="1000" delay="2000"/>
    </animation>
    <visible>!stringcompare(ListItem.Label,..)</visible>
  </control>
  <control type="image">
    <posx>400</posx>
    <posy>166</posy>
    <width>385</width>
    <height>385</height>
    <aspectratio scalediffuse="false">stretch</aspectratio>
    <texture background="true" diffuse="thumb_cdcover_mask.png">$INFO[ListItem.Icon]</texture>
    <animation type="WindowOpen">
    <effect type="fade" start="0" end="100" time="500" delay="500"/>
    <effect type="zoom" start="460,239,242,242" end="409,166,385,385" time="1000" delay="1000"/>
    </animation>
    <visible>!stringcompare(ListItem.Label,..)</visible>
  </control>
  <control type="image">
    <posx>400</posx>
    <posy>166</posy>
    <width>385</width>
    <height>385</height>
    <aspectratio scalediffuse="false">stretch</aspectratio>
    <texture background="true" diffuse="thumb_cdcover_mask.png">$VAR[value_poster_-1]</texture>
    <animation effect="fade" start="100" end="0" time="200" delay="200" condition="Control.IsVisible(7013)">Conditional</animation>
    <visible>Control.IsVisible(7013) + !stringcompare(ListItem(-1).Label,..)</visible>
  </control>
  <control type="image">
    <posx>400</posx>
    <posy>166</posy>
    <width>385</width>
    <height>385</height>
    <aspectratio scalediffuse="false">stretch</aspectratio>
    <texture background="true" diffuse="thumb_cdcover_mask.png">$VAR[value_poster_1]</texture>
    <animation effect="fade" start="100" end="0" time="200" delay="200" condition="Control.IsVisible(7014)">Conditional</animation>
    <visible>Control.IsVisible(7014) + !stringcompare(ListItem(1).Label,..)</visible>
  </control>
  <control type="image">
    <posx>400</posx>
    <posy>166</posy>
    <width>385</width>
    <height>385</height>
    <texture diffuse="thumb_cdcover_mask.png" background="true">thumb_list_movieicon_glass.png</texture>
    <animation type="WindowOpen">
    <effect type="fade" start="0" end="100" time="1000" delay="2000"/>
    </animation>
    <visible>!stringcompare(ListItem.Label,..)</visible>
  </control>
  </control>
  <control type="group">
    <animation type="WindowOpen">
    <effect type="fade" start="0" end="100" time="2000" delay="1000"/>
    </animation>
  <control type="scrollbar" id="60">
    <include>ScrollBar_Horizontal</include>
    <posx>305</posx>
    <posy>663</posy>
    <width>670</width>
    <onup>54</onup>
    <ondown>54</ondown>
    <onleft>60</onleft>
    <onright>60</onright>
    <include>Animation_HideShowcase</include>
    <include>Animation_CommonFade</include>
    <visible allowhiddenfocus="true">Control.IsVisible(54) + Control.HasFocus(60)</visible>
  </control>
  <control type="textbox">
    <description>Biography Value for Artists</description>
    <posx>40</posx>
    <posy>182</posy>
    <width>335</width>
    <height>352</height>
    <label>$INFO[ListItem.Property(Artist_Description)]</label>
    <font>Font_MultiplexPlotSmall</font>
    <autoscroll delay="8000" time="2000" repeat="8000">!Skin.HasSetting(noallowscroll)</autoscroll>
    <visible>Container.Content(Artists)</visible>
  </control>
  <control type="textbox">
    <description>Biography Value for Albums</description>
    <posx>40</posx>
    <posy>182</posy>
    <width>335</width>
    <height>352</height>
    <label>$INFO[ListItem.Property(Album_Description)]</label>
    <font>Font_MultiplexPlotSmall</font>
    <autoscroll delay="8000" time="2000" repeat="8000">!Skin.HasSetting(noallowscroll)</autoscroll>
    <visible>Container.Content(Albums)</visible>
  </control>
  </control>
  </control>
  </include>
  </includes>