﻿<!-- Aeon MQ 4 -->

<includes>
<!--##################################################################################   VISTA LIST - ID 50   ##################################################################################-->
	<include name="subcolornofocus">
		<textcolor>ff969696</textcolor>
		<selectedcolor>9b3cd2fd</selectedcolor>
	</include>
	<include name="listcolornofocus">
		<textcolor>dcffffff</textcolor>
		<selectedcolor>9b3cd2fd</selectedcolor>
	</include>
	<include name="subcolorfocus">
		<textcolor>ff202020</textcolor>
		<selectedcolor>95FFFFFF</selectedcolor>
	</include>
	<include name="listcolorfocus">
		<textcolor>FF101010</textcolor>
		<selectedcolor>FF101010</selectedcolor>
	</include>
	<include name="detailcolornofocus">
		<textcolor>dcbdbdbd</textcolor>
		<selectedcolor>dcbdbdbd</selectedcolor>
	</include>
	<include name="detailcolorfocus">
		<textcolor>ff202020</textcolor>
		<selectedcolor>95FFFFFF</selectedcolor>
	</include>
	<include name="ViewList">
  <control type="image">
    <posx>0</posx>
    <posy>335</posy>
    <width>1280</width>
    <height>405</height>
    <texture background="true">$VAR[value_listfloor]</texture>
    <include>Animation_CommonFade</include>
    <include>Animation_HideShowcase</include>
    <visible>Control.IsVisible(50)</visible>
  </control>
  <control type="image">
    <width>587</width>
    <height>137</height>
    <posx>693</posx>
    <posy>603</posy>
    <texture background="true">$VAR[value_listspot]</texture>
    <animation effect="slide" time="1000" start="800,0" end="0,0" tween="cubic" easing="out">Visible</animation>
    <animation effect="slide" start="0,0" end="17,0" time="0" condition="Skin.HasSetting(videomediacase) + !Window.IsActive(1)">Conditional</animation>
    <include>Animation_HideShowcase</include>
    <visible>Control.IsVisible(50)</visible>
  </control>
  <control type="group">
    <animation effect="slide" time="700" start="-800,0" end="0,0" tween="cubic" easing="out">WindowOpen</animation>
    <animation effect="slide" time="700" start="0,0" end="-800,0" tween="cubic" easing="out">WindowClose</animation>
    <animation effect="slide" time="700" start="-800,0" end="0,0" tween="cubic" easing="out">Visible</animation>
    <animation effect="fade" time="200" start="100" end="0">Hidden</animation>
    <include>Animation_HideCoverFlow</include>
  <control type="image">
    <include>Animation_CommonFade</include>
    <posx>62</posx>
    <posy>75</posy>
    <width>755</width>
    <height>640</height>
    <texture>panel_list_black.png</texture>
    <visible>Skin.HasSetting(nolistpanelthin)</visible>
    <visible>Control.IsVisible(50)</visible>
  </control>
  <control type="image">
    <include>Animation_CommonFade</include>
    <posx>60</posx>
    <posy>73</posy>
    <width>759</width>
    <height>647</height>
    <texture>panel_list_back.png</texture>
    <visible>Control.IsVisible(50)</visible>
  </control>
  <control type="image">
    <posx>669</posx>
    <posy>82</posy>
    <width>97</width>
    <height>567</height>
    <texture>panel_list_detailwide.png</texture>
    <visible>Control.IsVisible(50) + [Container.Content(movies) | Container.Content(musicvideos) | Container.Content(tvshows) | Container.Content(episodes) | Container.Content(songs) | Container.Content(albums) | Container.Content(years)]</visible>
  </control>
  <control type="list" id="50">
    <viewtype label="31801">list</viewtype>
    <posx>60</posx>
    <posy>105</posy>
    <width>771</width>
    <height>520</height>
    <pagecontrol>61</pagecontrol>
    <onleft>9900</onleft>
    <onright>61</onright>
    <onup>50</onup>
    <ondown>50</ondown>
    <focusposition>3</focusposition>
    <orientation>vertical</orientation>
    <scrolltime>450</scrolltime>
    <movement>2</movement>
    <preloaditems>2</preloaditems>
    <include>Animation_HideCoverFlow</include>
    <include>Animation_CommonFade</include>
  <itemlayout condition="!Skin.HasSetting(slimlistvideo) + ![Window.IsActive(musicplaylist) | Window.IsActive(musicfiles) | Window.IsActive(musiclibrary)] | !Skin.HasSetting(slimlistmusic) + [Window.IsActive(musicplaylist) | Window.IsActive(musicfiles) | Window.IsActive(musiclibrary)]" height="65">
  <control type="image">
    <posx>12</posx>
    <posy>64</posy>
    <height>1</height>
    <width>739</width>
    <texture>common_line.png</texture>
  </control>
  <control type="label">
		<posx>45</posx>
		<posy>0</posy>
		<height>41</height>
		<width>520</width>
		<font>Font_List</font>
		<aligny>center</aligny>
    <include>listcolornofocus</include>
    <selectedcolor>$VAR[value_headercolors]</selectedcolor>
    <label>$INFO[ListItem.Label]</label>
  </control>
  <control type="label">
		<posx>45</posx>
		<posy>35</posy>
		<height>16</height>
		<width>520</width>
		<font>Font_Time</font>
		<align>left</align>
		<aligny>center</aligny>
    <include>subcolornofocus</include>
    <label>$VAR[value_listinfo]</label>
    <visible>!IsEmpty(ListItem.Title)</visible>
  </control>
  <control type="label">
		<posx>656</posx>
		<posy>0</posy>
		<width>85</width>
		<height>41</height>
		<font>Font_ListObjects</font>
		<align>center</align>
		<aligny>center</aligny>
    <include>detailcolornofocus</include>
    <label>$INFO[ListItem.Year]</label>
  </control>
  <control type="image">
    <description>IMDB rating</description>
    <posx>623</posx>
    <posy>37</posy>
    <width>65</width>
    <height>13</height>
    <info>ListItem.StarRating</info>
    <colordiffuse>dcbdbdbd</colordiffuse>
    <visible>![Container.Content(artists) | Container.Content(years) | Container.Content(genres) | Container.Content(seasons) | IsEmpty(ListItem.Title)]</visible>
  </control>
  <control type="image">
		<posx>688</posx>
		<posy>13</posy>
		<width>80</width>
		<height>37</height>
		<info>ListItem.Overlay</info>
    <visible>![Skin.HasSetting(nooverlays) | IsEmpty(ListItem.Overlay)]</visible>
  </control>
  </itemlayout>
  <focusedlayout condition="!Skin.HasSetting(slimlistvideo) + ![Window.IsActive(musicplaylist) | Window.IsActive(musicfiles) | Window.IsActive(musiclibrary)] | !Skin.HasSetting(slimlistmusic) + [Window.IsActive(musicplaylist) | Window.IsActive(musicfiles) | Window.IsActive(musiclibrary)]" height="65">
  <control type="image">
    <posx>12</posx>
    <posy>64</posy>
    <height>1</height>
    <width>739</width>
    <texture>common_line.png</texture>
  </control>
  <control type="image">
    <posx>8</posx>
    <posy>-2</posy>
    <width>743</width>
    <height>68</height>
    <texture>settings_button_focus.png</texture>
    <colordiffuse>$VAR[value_texturecolors]</colordiffuse>
  </control>
  <control type="label">
		<posx>45</posx>
		<posy>0</posy>
		<height>41</height>
		<width>520</width>
		<font>Font_List</font>
		<aligny>center</aligny>
		<selectedcolor>$VAR[value_headercolors]</selectedcolor>
    <label>$INFO[ListItem.Label]</label>
    <textcolor>FF101010</textcolor>
  </control>
  <control type="label">
		<posx>45</posx>
		<posy>35</posy>
		<height>16</height>
		<width>520</width>
		<font>Font_Time</font>
		<align>left</align>
		<aligny>center</aligny>
    <include>subcolorfocus</include>
    <label>$VAR[value_listinfo]</label>
    <visible>!IsEmpty(ListItem.Title)</visible>
  </control>
  <control type="label">
		<posx>656</posx>
		<posy>0</posy>
		<width>85</width>
		<height>41</height>
		<font>Font_ListObjects</font>
		<align>center</align>
		<aligny>center</aligny>
    <textcolor>FF202020</textcolor>
    <label>$INFO[ListItem.Year]</label>
  </control>
  <control type="image">
    <description>IMDB rating</description>
    <posx>623</posx>
    <posy>37</posy>
    <width>65</width>
    <height>13</height>
    <info>ListItem.StarRating</info>
    <colordiffuse>FF101010</colordiffuse>
    <visible>![Container.Content(artists) | Container.Content(years) | Container.Content(genres) | Container.Content(seasons) | IsEmpty(ListItem.Title)]</visible>
  </control>
  <control type="image">
		<posx>688</posx>
		<posy>13</posy>
		<width>80</width>
		<height>37</height>
		<info>ListItem.Overlay</info>
    <visible>![Skin.HasSetting(nooverlays) | IsEmpty(ListItem.Overlay)]</visible>
  </control>
  </focusedlayout>
  <itemlayout condition="Skin.HasSetting(slimlistvideo) + ![Window.IsActive(musicplaylist) | Window.IsActive(musicfiles) | Window.IsActive(musiclibrary)] | Skin.HasSetting(slimlistmusic) + [Window.IsActive(musicplaylist) | Window.IsActive(musicfiles) | Window.IsActive(musiclibrary)]" height="40">
  <control type="image">
    <posx>12</posx>
    <posy>0</posy>
    <height>1</height>
    <width>739</width>
    <texture>common_line.png</texture>
  </control>
  <control type="label">
		<posx>45</posx>
		<posy>-1</posy>
		<height>40</height>
		<width>520</width>
		<font>Font_LowListFullTitle</font>
		<aligny>center</aligny>
    <include>listcolornofocus</include>
    <selectedcolor>$VAR[value_headercolors]</selectedcolor>
    <label>$INFO[ListItem.Label]</label>
  </control>
  <control type="label">
		<posx>656</posx>
		<posy>-8</posy>
		<width>85</width>
		<height>40</height>
		<font>Font_ListObjects</font>
		<align>center</align>
		<aligny>center</aligny>
    <include>detailcolornofocus</include>
    <label>$INFO[ListItem.Year]</label>
    <animation effect="slide" start="0,0" end="0,8" time="0" condition="Container.Content(albums) | Container.Content(years)">Conditional</animation>
  </control>
  <control type="image">
    <description>IMDB rating</description>
    <posx>623</posx>
    <posy>25</posy>
    <width>65</width>
    <height>13</height>
    <info>ListItem.StarRating</info>
    <colordiffuse>dcbdbdbd</colordiffuse>
    <visible>![Container.Content(artists) | Container.Content(years) | Container.Content(genres) | Container.Content(seasons) | IsEmpty(ListItem.Title)]</visible>
  </control>
  <control type="image">
		<posx>688</posx>
		<posy>2</posy>
		<width>80</width>
		<height>37</height>
		<info>ListItem.Overlay</info>
    <visible>![Skin.HasSetting(nooverlays) | IsEmpty(ListItem.Overlay)]</visible>
  </control>
  </itemlayout>
  <focusedlayout condition="Skin.HasSetting(slimlistvideo) + ![Window.IsActive(musicplaylist) | Window.IsActive(musicfiles) | Window.IsActive(musiclibrary)] | Skin.HasSetting(slimlistmusic) + [Window.IsActive(musicplaylist) | Window.IsActive(musicfiles) | Window.IsActive(musiclibrary)]" height="40">
  <control type="image">
    <posx>8</posx>
    <posy>0</posy>
    <width>743</width>
    <height>40</height>
    <texture>settings_button_focus.png</texture>
    <colordiffuse>$VAR[value_texturecolors]</colordiffuse>
  </control>
  <control type="label">
		<posx>45</posx>
		<posy>-1</posy>
		<height>40</height>
		<width>520</width>
		<font>Font_LowListFullTitle</font>
		<aligny>center</aligny>
		<selectedcolor>$VAR[value_headercolors]</selectedcolor>
    <label>$INFO[ListItem.Label]</label>
    <textcolor>FF101010</textcolor>
  </control>
  <control type="label">
		<posx>656</posx>
		<posy>-8</posy>
		<width>85</width>
		<height>40</height>
		<font>Font_ListObjects</font>
		<align>center</align>
		<aligny>center</aligny>
    <textcolor>FF202020</textcolor>
    <label>$INFO[ListItem.Year]</label>
    <animation effect="slide" start="0,0" end="0,8" time="0" condition="Container.Content(albums) | Container.Content(years)">Conditional</animation>
  </control>
  <control type="image">
    <description>IMDB rating</description>
    <posx>623</posx>
    <posy>23</posy>
    <width>65</width>
    <height>13</height>
    <info>ListItem.StarRating</info>
    <colordiffuse>FF101010</colordiffuse>
    <visible>![Container.Content(artists) | Container.Content(years) | Container.Content(genres) | Container.Content(seasons) | IsEmpty(ListItem.Title)]</visible>
  </control>
  <control type="image">
		<posx>688</posx>
		<posy>2</posy>
		<width>80</width>
		<height>37</height>
		<info>ListItem.Overlay</info>
    <visible>![Skin.HasSetting(nooverlays) | IsEmpty(ListItem.Overlay)]</visible>
  </control>
  </focusedlayout>
  </control>
  <control type="label" id="161">
		<posx>105</posx>
		<posy>634</posy>
		<width>180</width>
		<height>41</height>
		<font>Font_ListObjects</font>
		<align>left</align>
		<aligny>center</aligny>
		<textcolor>$VAR[value_headercolors]</textcolor>
    <label>$VAR[value_listnumitems]</label>
    <visible>Control.IsVisible(50)</visible>
  </control>
  <control type="image">
    <description>front glass</description>
    <posx>-34.5</posx>
    <posy>20</posy>
    <width>869</width>
    <height>710</height>
    <texture>dialogs_setcontent_front.png</texture>
    <visible>Control.IsVisible(50)</visible>
  </control>
  <control type="image">
    <description>front glass</description>
    <posx>44.4</posx>
    <posy>20</posy>
    <width>869</width>
    <height>710</height>
    <texture flipx="true">dialogs_setcontent_front.png</texture>
    <visible>Control.IsVisible(50)</visible>
  </control>
  </control>
  <control type="group"><!-- Thumbs -->
    <posx>855</posx>
    <posy>110</posy>
    <visible>Control.IsVisible(50)</visible>
    <animation effect="slide" time="1000" start="600,0" end="0,0" tween="cubic" easing="out">WindowOpen</animation>
    <animation effect="slide" time="1000" start="0,0" end="600,0" tween="cubic" easing="out">WindowClose</animation>
    <animation effect="slide" time="1000" start="800,0" end="0,0" tween="cubic" easing="out">Visible</animation>
    <animation effect="fade" time="400" start="100" end="0">Hidden</animation>
    <include>Animation_HideCoverFlow</include>
  <control type="image"><!-- Border Reflect -->
    <posx>0</posx>
    <posy>515</posy>
    <width>346</width>
    <height>511</height>
		<fadetime>FanartCrossFadeTime</fadetime>
    <texture flipy="true" diffuse="thumb_list_movieicon_flipmask.png" background="true">thumb_list_movieicon_frame.png</texture>
    <bordersize>-10</bordersize>
    <visible>![Skin.HasSetting(videomediacase) | Window.IsActive(musicplaylist) | Window.IsActive(musicfiles) | Window.IsActive(musiclibrary) | Window.IsActive(pictures)] | Window.IsActive(1)</visible>
  </control>
  <control type="image"><!-- Poster Reflect -->
    <posx>0</posx>
    <posy>515</posy>
    <width>346</width>
    <height>511</height>
    <fadetime>FanartCrossFadeTime</fadetime>
    <aspectratio>stretch</aspectratio>
    <texture flipy="true" diffuse="thumb_list_movieicon_flipmask.png" background="true">$VAR[value_poster]</texture>
    <animation effect="fade" end="40" condition="true">Conditional</animation>
    <visible>![Skin.HasSetting(videomediacase) | Window.IsActive(musicplaylist) | Window.IsActive(musicfiles) | Window.IsActive(musiclibrary) | Window.IsActive(pictures)] | Window.IsActive(1)</visible>
  </control>
  <control type="image"><!-- Poster Border -->
		<width>346</width>
		<height>511</height>
		<fadetime>FanartCrossFadeTime</fadetime>
    <texture diffuse="thumb_list_movieicon_mask.png" background="true">thumb_list_movieicon_frame.png</texture>
    <bordersize>-10</bordersize>
    <visible>![Skin.HasSetting(videomediacase) | Window.IsActive(musicplaylist) | Window.IsActive(musicfiles) | Window.IsActive(musiclibrary) | Window.IsActive(pictures)] | Window.IsActive(1)</visible>
  </control>
  <control type="image"><!-- Poster -->
		<width>346</width>
		<height>511</height>
		<fadetime>FanartCrossFadeTime</fadetime>
    <texture diffuse="thumb_list_movieicon_mask.png" fallback="DefaultVideoPoster.png" background="true">$VAR[value_poster]</texture>
    <visible>![Skin.HasSetting(videomediacase) | Window.IsActive(musicplaylist) | Window.IsActive(musicfiles) | Window.IsActive(musiclibrary) | Window.IsActive(pictures)] | Window.IsActive(1)</visible>
  </control>
  
  <control type="image"><!-- Case Poster Reflect -->
    <posx>10</posx>
    <posy>537</posy>
    <width>330</width>
    <height>450</height>
    <fadetime>FanartCrossFadeTime</fadetime>
    <texture flipy="true" diffuse="thumb_poster_mask_reflect1.png" background="true">$VAR[value_poster]</texture>
    <aspectratio>stretch</aspectratio>
    <animation effect="fade" end="40" condition="true">Conditional</animation>
    <visible>Skin.HasSetting(videomediacase) + ![Window.IsActive(musicplaylist) | Window.IsActive(musicfiles) | Window.IsActive(musiclibrary) | Window.IsActive(pictures) | Window.IsActive(1)]</visible>
  </control>
  <control type="image"><!-- Case Poster Reflect -->
    <posx>-20</posx>
    <posy>492</posy>
    <width>398</width>
    <height>580</height>
    <fadetime>FanartCrossFadeTime</fadetime>
    <texture flipy="true" diffuse="thumb_list_movieicon_flipmask.png" background="true">$VAR[Furniture_VideoCase0]</texture>
    <aspectratio>stretch</aspectratio>
    <visible>Skin.HasSetting(videomediacase) + ![Window.IsActive(musicplaylist) | Window.IsActive(musicfiles) | Window.IsActive(musiclibrary) | Window.IsActive(pictures) | Window.IsActive(1)]</visible>
  </control>
  <control type="image"><!-- Case Poster -->
		<posx>10</posx>
		<posy>25</posy>
		<width>330</width>
		<height>472</height>
    <fadetime>FanartCrossFadeTime</fadetime>
    <texture fallback="DefaultVideoPoster.png" background="true">$VAR[value_poster]</texture>
    <visible>Skin.HasSetting(videomediacase) + ![Window.IsActive(musicplaylist) | Window.IsActive(musicfiles) | Window.IsActive(musiclibrary) | Window.IsActive(pictures) | Window.IsActive(1)]</visible>
  </control>
  <control type="image"><!-- Mediacase -->
		<posx>-20</posx>
		<posy>-40</posy>
		<width>398</width>
		<height>580</height>
		<fadetime>FanartCrossFadeTime</fadetime>
    <texture background="true">$VAR[Furniture_VideoCase0]</texture>
    <visible>Skin.HasSetting(videomediacase) + ![Window.IsActive(musicplaylist) | Window.IsActive(musicfiles) | Window.IsActive(musiclibrary) | Window.IsActive(pictures) | Window.IsActive(1)]</visible>
  </control>
  <control type="image"><!--codec-->
    <posx>129</posx>
    <posy>-47</posy>
    <width>100</width>
    <height>100</height>
    <fadetime>FanartCrossFadeTime</fadetime>
    <align>center</align>
    <aligny>center</aligny>
    <aspectratio scalediffuse="true">keep</aspectratio>
    <texture>$VAR[Furniture_VideoCodec0]</texture>
    <visible>Skin.HasSetting(videomediacase) + ![Window.IsActive(musicplaylist) | Window.IsActive(musicfiles) | Window.IsActive(musiclibrary) | Window.IsActive(pictures) | Window.IsActive(1)]</visible>
  </control>

  <!-- CD back -->
  <control type="largeimage">
    <posx>-15</posx>
    <posy>165</posy>
    <width>398</width>
    <height>364</height>
    <fadetime>FanartCrossFadeTime</fadetime>
    <texture>thumb_box_list_musicicon_frame.png</texture>
    <visible>[Window.IsActive(musicplaylist) | Window.IsActive(musicfiles) | Window.IsActive(musiclibrary)] + Skin.HasSetting(audiomediacase) + !Container.Content(genres)</visible>
  </control>
  <!-- CD back reflection -->
  <control type="image">
		<posx>-10</posx>
		<posy>504</posy>
		<width>398</width>
		<height>364</height>
    <colordiffuse>75FFFFFF</colordiffuse>
    <fadetime>FanartCrossFadeTime</fadetime>
    <texture>thumb_box_list_musicicon_frame_reflect.png</texture>
    <visible>[Window.IsActive(musicplaylist) | Window.IsActive(musicfiles) | Window.IsActive(musiclibrary)] + Skin.HasSetting(audiomediacase) + !Container.Content(genres)</visible>
  </control>
  <control type="image">
		<posy>165</posy>
		<width>346</width>
		<height>346</height>
    <aspectratio scalediffuse="false">stretch</aspectratio>
    <texture diffuse="thumb_list_musicicon_mask.png">special://skin/media/common_black.png</texture>
    <bordertexture border="-32">thumb_list_musicicon_frame.png</bordertexture>
    <visible>[Window.IsActive(programs) + Skin.HasSetting(listgamessquare)] | Window.IsActive(pictures)</visible>
  </control>
  <control type="largeimage">
		<posy>165</posy>
		<width>346</width>
		<height>346</height>
    <fadetime>FanartCrossFadeTime</fadetime>
    <aspectratio scalediffuse="false">keep</aspectratio>
    <texture diffuse="thumb_list_musicicon_mask.png">$INFO[ListItem.Icon]</texture>
    <visible>Window.IsActive(programs) + Skin.HasSetting(listgamessquare) | Window.IsActive(pictures)</visible>
  </control>
  <control type="image">
		<posy>165</posy>
		<width>346</width>
		<height>346</height>
    <aspectratio scalediffuse="false">stretch</aspectratio>
    <texture flipy="true" diffuse="thumb_list_musicicon_flipmask.png">special://skin/media/common_black.png</texture>
    <visible>[Window.IsActive(programs) + Skin.HasSetting(listgamessquare)] | Window.IsActive(pictures)</visible>
  </control>
  <control type="image">
    <posx>39</posx>
    <posy>184</posy>
    <width>322</width>
    <height>321</height>
    <fadetime>FanartCrossFadeTime</fadetime>
    <aspectratio scalediffuse="false">stretch</aspectratio>
    <texture diffuse="thumb_list_musicicon_mask.png" background="true">$INFO[ListItem.Icon]</texture>
    <visible>[Window.IsActive(musicplaylist) | Window.IsActive(musicfiles) | Window.IsActive(musiclibrary)] + !Container.Content(genres) + Skin.HasSetting(audiomediacase)</visible>
  </control>
  <control type="image">
		<posy>165</posy>
		<width>346</width>
		<height>346</height>
    <fadetime>FanartCrossFadeTime</fadetime>
    <aspectratio scalediffuse="false">stretch</aspectratio>
    <texture diffuse="thumb_cdcover_mask.png" background="true">$INFO[ListItem.Icon]</texture>
    <bordertexture border="-32">thumb_list_musicicon_frame.png</bordertexture>
    <visible>[Window.IsActive(musicplaylist) | Window.IsActive(musicfiles) | Window.IsActive(musiclibrary)] + !Container.Content(genres) + !Skin.HasSetting(audiomediacase)</visible>
  </control>
	<control type="image"><!-- genre builtin icon -->
		<posy>165</posy>
		<width>346</width>
		<height>346</height>
		<fadetime>FanartCrossFadeTime</fadetime>
		<aspectratio scalediffuse="false">stretch</aspectratio>
		<texture diffuse="thumb_list_musicicon_mask.png" fallback="DefaultMusicGenre.jpg">$VAR[value_musicgenre_icon]</texture>
		<bordertexture border="-32">thumb_list_musicicon_frame.png</bordertexture>
		<visible>[Window.IsActive(musicplaylist) | Window.IsActive(musicfiles) | Window.IsActive(musiclibrary)] + Container.Content(genres)</visible>
	</control>
  <control type="image">
    <posy>513</posy>
    <width>346</width>
    <height>346</height>
    <fadetime>FanartCrossFadeTime</fadetime>
    <aspectratio scalediffuse="false">stretch</aspectratio>
    <texture flipy="true" diffuse="thumb_list_musicicon_flipmask.png" background="true">$INFO[ListItem.Icon]</texture>
    <visible>[Window.IsActive(musicplaylist) | Window.IsActive(musicfiles) | Window.IsActive(musiclibrary)] + ![Container.Content(genres) | Skin.HasSetting(audiomediacase)]</visible>
  </control>
  <control type="image">
    <posx>39</posx>
    <posy>527</posy>
    <width>323</width>
    <height>323</height>
    <fadetime>FanartCrossFadeTime</fadetime>
    <aspectratio scalediffuse="false">stretch</aspectratio>
    <texture flipy="true" diffuse="thumb_list_musicicon_flipmask.png" background="true">$INFO[ListItem.Icon]</texture>
    <visible>[Window.IsActive(musicplaylist) | Window.IsActive(musicfiles) | Window.IsActive(musiclibrary)] + !Container.Content(genres)  + Skin.HasSetting(audiomediacase)</visible>
  </control>
	<control type="image"><!-- genre reflect builtin icon -->
		<posy>513</posy>
		<width>346</width>
		<height>346</height>
		<fadetime>FanartCrossFadeTime</fadetime>
		<aspectratio scalediffuse="false">stretch</aspectratio>
		<texture flipy="true" diffuse="thumb_list_musicicon_flipmask.png" fallback="DefaultMusicGenre.jpg">$VAR[value_musicgenre_icon]</texture>
		<visible>[Window.IsActive(musicplaylist) | Window.IsActive(musicfiles) | Window.IsActive(musiclibrary)] + Container.Content(genres)</visible>
	</control>
  <control type="image">
		<posy>165</posy>
		<width>346</width>
		<height>346</height>
    <fadetime>FanartCrossFadeTime</fadetime>
    <texture>thumb_list_musicicon_glass.png</texture>
    <visible>[Window.IsActive(musicplaylist) | Window.IsActive(musicfiles) | Window.IsActive(musiclibrary)] + !Skin.HasSetting(audiomediacase)</visible>
    <colordiffuse>8eFFFFFF</colordiffuse>
  </control>
  <control type="image">
    <posx>-15</posx>
    <posy>165</posy>
    <width>398</width>
    <height>364</height>
    <fadetime>FanartCrossFadeTime</fadetime>
    <texture>thumb_box_list_musicicon_glass.png</texture>
    <visible>!Container.Content(genres)</visible>
    <visible>[Window.IsActive(musicplaylist) | Window.IsActive(musicfiles) | Window.IsActive(musiclibrary)] + Skin.HasSetting(audiomediacase)</visible>
    <colordiffuse>8eFFFFFF</colordiffuse>
  </control>
  <!-- CD front reflection -->
  <control type="image">
		<posx>-10</posx>
		<posy>504</posy>
		<width>398</width>
		<height>364</height>
    <colordiffuse>75FFFFFF</colordiffuse>
    <fadetime>FanartCrossFadeTime</fadetime>
    <texture>thumb_box_list_musicicon_glass_reflect.png</texture>
    <visible>[Window.IsActive(musicplaylist) | Window.IsActive(musicfiles) | Window.IsActive(musiclibrary)] + Skin.HasSetting(audiomediacase) + !Container.Content(genres)</visible>
  </control>
  </control>
  <control type="scrollbar" id="61">
    <include>ScrollBar_Vertical</include>
    <posx>812</posx>
    <posy>106</posy>
    <height>530</height>
    <onup>61</onup>
    <ondown>61</ondown>
    <onleft>50</onleft>
    <onright>9920</onright>
    <visible allowhiddenfocus="true">Control.IsVisible(50) + Control.HasFocus(61)</visible>
  </control>
  </include>
  </includes>