﻿	<!-- Aeon MQ 4 -->

	<includes>
	<!--##################################################################################   VISTA LANDSCAPE- ID 552,577   ##################################################################################-->
	<include name="MultiplexLandscapeIconDimensionsTVWrap">
	<posx>4</posx>
	<posy>0</posy>
	<width>204</width>
	<height>114</height>
	</include>
	<include name="MultiplexLandscapeIconDimensionsTVWrapReflect">
	<posx>4</posx>
	<posy>113</posy>
	<width>204</width>
	<height>114</height>
	<colordiffuse>aaFFFFFF</colordiffuse>
	</include>
	<include name="WatchedOverlayMultiplexLandscape">
	<posx>168</posx>
	<posy>-1</posy>
	<width>40</width>
	<height>40</height>
	</include>
	<include name="Multiplex_TV_Layout">
	<control type="image">
	<include>MultiplexLandscapeIconDimensionsTVWrap</include>
	<texture diffuse="thumb_tvmask.png">common_black.png</texture>
	</control>
	<control type="image">
	<include>MultiplexLandscapeIconDimensionsTVWrap</include>
	<texture diffuse="thumb_tvmask.png" fallback="DefaultExtraThumbs.png" background="true">$VAR[value_landscape]</texture>
	<aspectratio>keep</aspectratio>
	</control>
	<control type="image">
	<include>MultiplexLandscapeIconDimensionsTVWrap</include>
	<bordertexture border="-10">thumb_multiplex_tvborder.png</bordertexture>
	<texture>common_blank.png</texture>
	</control>
	<control type="image">
	<include>MultiplexLandscapeIconDimensionsTVWrap</include>
	<texture>common_blank.png</texture>
	<colordiffuse>58FFFFFF</colordiffuse>
	</control>
	<control type="image">
	<include>MultiplexLandscapeIconDimensionsTVWrapReflect</include>
	<texture flipy="true" diffuse="thumb_multiplex_tvmaskreflect.png" fallback="DefaultExtraThumbs.png" background="true">$VAR[value_landscape]</texture>
	<aspectratio>keep</aspectratio>
	</control>
	<control type="image">
	<include>WatchedOverlayMultiplexLandscape</include>
	<include>detailcolornofocus</include>
	<texture>$INFO[ListItem(0).Overlay]</texture>
	<visible>[substring(Container.FolderPath,videodb://2/) | substring(Container.FolderPath,videodb://5/)] + ![IsEmpty(ListItem.Overlay) | Skin.HasSetting(nooverlays)]</visible>
	</control>
	<control type="image">
	<posx>14</posx>
	<posy>92</posy>
	<width>185</width>
	<height>60</height>
	<texture>multiplex_labelblock.png</texture>
	<visible>Container.Content(seasons) | Container.Content(episodes)</visible>
	</control>
	<control type="label">
	<posx>107</posx>
	<posy>98</posy>
	<width>185</width>
	<height>60</height>
	<align>center</align>
	<label>[UPPERCASE]$LOCALIZE[31528] $INFO[ListItem.Episode][/UPPERCASE]</label>
	<font>Font_MultiplexInfoLabel</font>
	<visible>Container.Content(episodes)</visible>
	</control>
	<control type="label">
	<posx>107</posx>
	<posy>98</posy>
	<width>185</width>
	<height>60</height>
	<align>center</align>
	<label>[UPPERCASE]$LOCALIZE[31589] $INFO[ListItem.Season][/UPPERCASE]</label>
	<font>Font_MultiplexInfoLabel</font>
	<visible>Container.Content(seasons) + !IsEmpty(ListItem.Season)</visible>
	</control>
	<control type="label">
	<posx>107</posx>
	<posy>98</posy>
	<width>185</width>
	<height>60</height>
	<align>center</align>
	<label>[UPPERCASE]$LOCALIZE[31589][/UPPERCASE]</label>
	<font>Font_MultiplexInfoLabel</font>
	<visible>Container.Content(seasons) + IsEmpty(ListItem.Season)</visible>
	</control>
	</include>
	<include name="Multiplex_Focused_TV_Layout">
	<control type="image">
	<include>MultiplexIconDimensionsTVWrap</include>
	<texture diffuse="thumb_tvmask.png">common_black.png</texture>
	<include>Animation_MultiplexTVFocusZoom</include>
	</control>
	<control type="image">
	<include>MultiplexIconDimensionsTVWrap</include>
	<texture diffuse="thumb_tvmask.png" fallback="DefaultExtraThumbs.png" background="true">$VAR[value_landscape]</texture>
	<aspectratio>keep</aspectratio>
	<include>Animation_MultiplexTVFocusZoom</include>
	</control>
	<control type="image">
	<include>MultiplexIconDimensionsTVWrap</include>
	<bordertexture border="-10">thumb_multiplex_tvborder.png</bordertexture>
	<texture>common_blank.png</texture>
	<include>Animation_MultiplexTVFocusZoom</include>
	</control>
	<control type="image">
	<include>MultiplexIconDimensionsTVWrap</include>
	<texture>common_blank.png</texture>
	<colordiffuse>58FFFFFF</colordiffuse>
	<include>Animation_MultiplexTVFocusZoom</include>
	</control>
	<control type="image">
	<include>MultiplexIconDimensionsTVWrapReflect</include>
	<texture flipy="true" diffuse="thumb_multiplex_tvmaskreflect.png" fallback="DefaultExtraThumbs.png" background="true">$VAR[value_landscape]</texture>
	<aspectratio>keep</aspectratio>
	<include>Animation_MultiplexTVFocusZoom</include>
	</control>
	<control type="image">
	<include>WatchedOverlayMultiplexLandscape</include>
	<include>detailcolornofocus</include>
	<texture>$INFO[ListItem(0).Overlay]</texture>
	<include>Animation_MultiplexTVFocusZoom</include>
	<visible>[substring(Container.FolderPath,videodb://2/) | substring(Container.FolderPath,videodb://5/)] + ![IsEmpty(ListItem.Overlay) | Skin.HasSetting(nooverlays)]</visible>
	</control>
	<control type="image">
	<posx>14</posx>
	<posy>92</posy>
	<width>185</width>
	<height>60</height>
	<texture>multiplex_labelblock_focus.png</texture>
	<visible>Container.Content(seasons) | Container.Content(episodes)</visible>
	<include>Animation_MultiplexTVFocusZoom</include>
	</control>
	<control type="label">
	<posx>107</posx>
	<posy>98</posy>
	<width>185</width>
	<height>60</height>
	<align>center</align>
	<label>[UPPERCASE]$LOCALIZE[31528] $INFO[ListItem.Season].$INFO[ListItem.Episode][/UPPERCASE]</label>
	<font>Font_MultiplexInfoLabel</font>
	<visible>Container.Content(episodes)</visible>
	<include>Animation_MultiplexTVFocusZoom</include>
	</control>
	<control type="label">
	<posx>107</posx>
	<posy>98</posy>
	<width>185</width>
	<height>60</height>
	<align>center</align>
	<label>[UPPERCASE]$LOCALIZE[31589] $INFO[ListItem.Season][/UPPERCASE]</label>
	<font>Font_MultiplexInfoLabel</font>
	<visible>Container.Content(seasons) + !IsEmpty(ListItem.Season)</visible>
	<include>Animation_MultiplexTVFocusZoom</include>
	</control>
	<control type="label">
	<posx>107</posx>
	<posy>98</posy>
	<width>185</width>
	<height>60</height>
	<align>center</align>
	<label>[UPPERCASE]$LOCALIZE[31589][/UPPERCASE]</label>
	<font>Font_MultiplexInfoLabel</font>
	<visible>Container.Content(seasons) + IsEmpty(ListItem.Season)</visible>
	<include>Animation_MultiplexTVFocusZoom</include>
	</control>
	</include>
	<include name="MultiplexLandscapeInfoPane">
	<control type="group">
	<posx>0</posx>
	<posy>55</posy>
	<width>1280</width>
	<height>381</height>
	<visible>Control.IsVisible(552) + [Control.IsVisible(109) | Control.HasFocus(9910) | Container.Content(movies) + SubString(skin.string(movies_info_multiplexlandscape),on) | Container.Content(tvshows) + SubString(skin.string(tvshows_info_multiplexlandscape),on) | Container.Content(seasons) + SubString(skin.string(seasons_info_multiplexlandscape),on) | Container.Content(episodes) + SubString(skin.string(episodes_info_multiplexlandscape),on)] + !Control.HasFocus(9920)</visible>
	<animation effect="fade" start="0" end="100" time="400" delay="5000" condition="![Container.Content(tvshows) + SubString(skin.string(tvshows_info_multiplexlandscape),on) | Container.Content(seasons) + SubString(skin.string(seasons_info_multiplexlandscape),on) | Container.Content(episodes) + SubString(skin.string(episodes_info_multiplexlandscape),on)]">WindowOpen</animation>
	<animation effect="fade" end="0" time="200">WindowClose</animation>
	<include>Animation_InfoPanelSlide</include>
	<control type="image">
	<posx>75</posx>
	<width>1130</width>
	<height>564</height>
	<texture>panel_back.png</texture>
	<visible>Skin.HasSetting(nolandscapethin)</visible>
	<include>Animation_CommonFade</include>
	</control>
	<control type="image">
	<posx>75</posx>
	<width>1130</width>
	<height>564</height>
	<texture background="true">panel_tablet.png</texture>
	</control>
	<control type="image">
	<posx>503</posx>
	<posy>38</posy>
	<width>2</width>
	<height>400</height>
	<texture>panel_vertical_separator.png</texture>
	</control>
	<control type="image">
	<posx>84</posx>
	<posy>205</posy>
	<width>419</width>
	<height>2</height>
	<texture>panel_horizontal_separator.png</texture>
	</control>
	<control type="image">
	<posx>84</posx>
	<posy>439</posy>
	<width>1112</width>
	<height>2</height>
	<texture>panel_horizontal_separator.png</texture>
	</control>
	<control type="group">
	<posx>105</posx>
	<posy>30</posy>
	<control type="group">
	<posy>22</posy>
	<control type="label">
	<include>MultiplexInfoLabelTV</include>
	<label>$VAR[value_showart_ground1_info]</label>
	</control>
	<control type="fadelabel">
	<include>MultiplexInfoValueTV</include>
	<label fallback="161">$VAR[value_showart_ground1_value]</label>
	</control>
	</control>
	<control type="group">
	<posy>72</posy>
	<control type="label">
	<include>MultiplexInfoLabelTV</include>
	<label>$VAR[value_showart_ground2_info]</label>
	</control>
	<control type="fadelabel">
	<include>MultiplexInfoValueTV</include>
	<label fallback="161">$VAR[value_showart_ground2_value]</label>
	</control>
	</control>
	<control type="group">
	<posy>122</posy>
	<control type="label">
	<include>MultiplexInfoLabelTV</include>
	<label>$VAR[value_showart_ground3_info]</label>
	</control>
	<control type="fadelabel">
	<include>MultiplexInfoValueTV</include>
	<label fallback="161">$VAR[value_showart_ground3_value]</label>
	</control>
	</control>
	</control>
	<control type="textbox">
	<posx>105</posx>
	<posy>224</posy>
	<width>380</width>
	<height>200</height>
	<font>Font_MultiplexPlotSmall</font>
	<label>$VAR[value_videoplot]</label>
	<autoscroll delay="8000" time="2000" repeat="8000">!Skin.HasSetting(noallowscroll)</autoscroll>
	</control>
	<control type="group">
	<posx>508</posx>
	<posy>50</posy>
	<control type="image">
	<posx>17</posx>
	<posy>18</posy>
	<width>645</width>
	<height>340</height>
	<texture>common_black.png</texture>
	<colordiffuse>94FFFFFF</colordiffuse>
	</control>
	<control type="image">
	<posx>17</posx>
	<posy>18</posy>
	<width>645</width>
	<height>340</height>
	<aspectratio>stretch</aspectratio>
	<texture background="true">$INFO[ListItem.Art(fanart)]</texture>
	<visible>!Container.Content(episodes)</visible>
	<fadetime>FanartCrossFadeTime</fadetime>
	</control>
	<control type="image">
	<posx>15</posx>
	<posy>18</posy>
	<width>650</width>
	<height>340</height>
	<aspectratio>stretch</aspectratio>
	<texture background="true">$VAR[value_poster]</texture>
	<visible>Container.Content(episodes)</visible>
	<fadetime>FanartCrossFadeTime</fadetime>
	</control>
	</control>
	</control>
	</include>
	<include name="MultiplexlandscapefixedList">
	<control type="fixedlist" id="552">
	<viewtype label="31814">list</viewtype>
	<posx>95</posx>
	<posy>510</posy>
	<width>1095</width>
	<height>300</height>
	<pagecontrol>66</pagecontrol>
	<onleft>552</onleft>
	<onright>552</onright>
	<onup condition="Container.Content(movies) + [SubString(skin.string(movies_info_multiplexlandscape),off) | SubString(skin.string(movies_info_multiplexlandscape),on) | SubString(skin.string(movies_info_multiplexlandscape),auto)]">9900</onup>
	<onup condition="Container.Content(movies) + SubString(skin.string(movies_info_multiplexlandscape),trigger)">9910</onup>
	<onup condition="Container.Content(tvshows) + [SubString(skin.string(tvshows_info_multiplexlandscape),off) | SubString(skin.string(tvshows_info_multiplexlandscape),on) | SubString(skin.string(tvshows_info_multiplexlandscape),auto)]">9900</onup>
	<onup condition="Container.Content(tvshows) + SubString(skin.string(tvshows_info_multiplexlandscape),trigger)">9910</onup>
	<onup condition="Container.Content(seasons) + [SubString(skin.string(seasons_info_multiplexlandscape),off) | SubString(skin.string(seasons_info_multiplexlandscape),on) | SubString(skin.string(seasons_info_multiplexlandscape),auto)]">9900</onup>
	<onup condition="Container.Content(seasons) + SubString(skin.string(seasons_info_multiplexlandscape),trigger)">9910</onup>
	<onup condition="Container.Content(episodes) + [SubString(skin.string(episodes_info_multiplexlandscape),off) | SubString(skin.string(episodes_info_multiplexlandscape),on) | SubString(skin.string(episodes_info_multiplexlandscape),auto)]">9900</onup>
	<onup condition="Container.Content(episodes) + SubString(skin.string(episodes_info_multiplexlandscape),trigger)">9910</onup>
	<ondown>66</ondown>
	<orientation>horizontal</orientation>
	<focusposition>2</focusposition>
	<scrolltime>300</scrolltime>
	<include>Animation_HideShowcase</include>
	<visible>[Container.Content(movies) | Container.Content(tvshows) | Container.Content(seasons) | Container.Content(episodes)]</visible>
	<preloaditems>2</preloaditems>
	<itemlayout width="219" height="300">
	<control type="image">
	<include>MultiplexLandscapeIconDimensionsTVWrap</include>
	<texture diffuse="thumb_tvmask.png">common_black.png</texture>
	</control>
	<control type="image">
	<include>MultiplexLandscapeIconDimensionsTVWrap</include>
	<texture diffuse="thumb_tvmask.png" fallback="DefaultExtraThumbs.png" background="true">$VAR[value_landscape]</texture>
	<aspectratio>keep</aspectratio>
	</control>
	<control type="image">
	<include>MultiplexLandscapeIconDimensionsTVWrap</include>
	<bordertexture border="-10">thumb_multiplex_tvborder.png</bordertexture>
	<texture>common_blank.png</texture>
	</control>
	<control type="image">
	<include>MultiplexLandscapeIconDimensionsTVWrap</include>
	<texture>common_blank.png</texture>
	<colordiffuse>58FFFFFF</colordiffuse>
	</control>
	<control type="image">
	<include>MultiplexLandscapeIconDimensionsTVWrapReflect</include>
	<texture flipy="true" diffuse="thumb_multiplex_tvmaskreflect.png" fallback="DefaultExtraThumbs.png" background="true">$VAR[value_landscape]</texture>
	<aspectratio>keep</aspectratio>
	</control>
	<control type="image">
	<include>WatchedOverlayMultiplexLandscape</include>
	<include>detailcolornofocus</include>
	<texture>$INFO[ListItem(0).Overlay]</texture>
	<visible>[substring(Container.FolderPath,videodb://2/) | substring(Container.FolderPath,videodb://5/)] + ![IsEmpty(ListItem.Overlay) | Skin.HasSetting(nooverlays)]</visible>
	</control>
	<control type="image">
	<posx>14</posx>
	<posy>92</posy>
	<width>185</width>
	<height>60</height>
	<texture>multiplex_labelblock.png</texture>
	<visible>Container.Content(seasons) | Container.Content(episodes)</visible>
	</control>
	<control type="label">
	<posx>107</posx>
	<posy>98</posy>
	<width>185</width>
	<height>60</height>
	<align>center</align>
	<label>[UPPERCASE]$LOCALIZE[31528] $INFO[ListItem.Episode][/UPPERCASE]</label>
	<font>Font_MultiplexInfoLabel</font>
	<visible>Container.Content(episodes)</visible>
	</control>
	<control type="label">
	<posx>107</posx>
	<posy>98</posy>
	<width>185</width>
	<height>60</height>
	<align>center</align>
	<label>[UPPERCASE]$LOCALIZE[31589] $INFO[ListItem.Season][/UPPERCASE]</label>
	<font>Font_MultiplexInfoLabel</font>
	<visible>Container.Content(seasons) + !IsEmpty(ListItem.Season)</visible>
	</control>
	<control type="label">
	<posx>107</posx>
	<posy>98</posy>
	<width>185</width>
	<height>60</height>
	<align>center</align>
	<label>[UPPERCASE]$LOCALIZE[31589][/UPPERCASE]</label>
	<font>Font_MultiplexInfoLabel</font>
	<visible>Container.Content(seasons) + IsEmpty(ListItem.Season)</visible>
	</control>
	</itemlayout>
	<focusedlayout width="219" height="300">
	<control type="image">
	<include>MultiplexLandscapeIconDimensionsTVWrap</include>
	<texture diffuse="thumb_tvmask.png">common_black.png</texture>
	<include>Animation_MultiplexTVFocusZoom</include>
	</control>
	<control type="image">
	<include>MultiplexLandscapeIconDimensionsTVWrap</include>
	<texture diffuse="thumb_tvmask.png" fallback="DefaultExtraThumbs.png" background="true">$VAR[value_landscape]</texture>
	<aspectratio>keep</aspectratio>
	<include>Animation_MultiplexTVFocusZoom</include>
	</control>
	<control type="image">
	<include>MultiplexLandscapeIconDimensionsTVWrap</include>
	<bordertexture border="-10">thumb_multiplex_tvborder.png</bordertexture>
	<texture>common_blank.png</texture>
	<include>Animation_MultiplexTVFocusZoom</include>
	</control>
	<control type="image">
	<include>MultiplexLandscapeIconDimensionsTVWrap</include>
	<texture>common_blank.png</texture>
	<colordiffuse>58FFFFFF</colordiffuse>
	<include>Animation_MultiplexTVFocusZoom</include>
	</control>
	<control type="image">
	<include>MultiplexLandscapeIconDimensionsTVWrapReflect</include>
	<texture flipy="true" diffuse="thumb_multiplex_tvmaskreflect.png" fallback="DefaultExtraThumbs.png" background="true">$VAR[value_landscape]</texture>
	<aspectratio>keep</aspectratio>
	<include>Animation_MultiplexTVFocusZoom</include>
	</control>
	<control type="image">
	<include>WatchedOverlayMultiplexLandscape</include>
	<include>detailcolornofocus</include>
	<texture>$INFO[ListItem(0).Overlay]</texture>
	<include>Animation_MultiplexTVFocusZoom</include>
	<visible>[substring(Container.FolderPath,videodb://2/) | substring(Container.FolderPath,videodb://5/)] + ![IsEmpty(ListItem.Overlay) | Skin.HasSetting(nooverlays)]</visible>
	</control>
	<control type="image">
	<posx>14</posx>
	<posy>92</posy>
	<width>185</width>
	<height>60</height>
	<texture>multiplex_labelblock_focus.png</texture>
	<visible>Container.Content(seasons) | Container.Content(episodes)</visible>
	<include>Animation_MultiplexTVFocusZoom</include>
	</control>
	<control type="label">
	<posx>107</posx>
	<posy>98</posy>
	<width>185</width>
	<height>60</height>
	<align>center</align>
	<label>[UPPERCASE]$LOCALIZE[31528] $INFO[ListItem.Episode][/UPPERCASE]</label>
	<font>Font_MultiplexInfoLabel</font>
	<visible>Container.Content(episodes)</visible>
	<include>Animation_MultiplexTVFocusZoom</include>
	</control>
	<control type="label">
	<posx>107</posx>
	<posy>98</posy>
	<width>185</width>
	<height>60</height>
	<align>center</align>
	<label>[UPPERCASE]$LOCALIZE[31589] $INFO[ListItem.Season][/UPPERCASE]</label>
	<font>Font_MultiplexInfoLabel</font>
	<visible>Container.Content(seasons) + !IsEmpty(ListItem.Season)</visible>
	<include>Animation_MultiplexTVFocusZoom</include>
	</control>
	<control type="label">
	<posx>107</posx>
	<posy>98</posy>
	<width>185</width>
	<height>60</height>
	<align>center</align>
	<label>[UPPERCASE]$LOCALIZE[315891][/UPPERCASE]</label>
	<font>Font_MultiplexInfoLabel</font>
	<visible>Container.Content(seasons) + IsEmpty(ListItem.Season)</visible>
	<include>Animation_MultiplexTVFocusZoom</include>
	</control>
	</focusedlayout>
	</control>
	</include>
	<include name="MultiplexLandscapeWrapList">
	<control type="wraplist" id="552">
	<viewtype label="31814">list</viewtype>
	<posx>95</posx>
	<posy>510</posy>
	<width>1095</width>
	<height>300</height>
	<pagecontrol>66</pagecontrol>
	<onleft>552</onleft>
	<onright>552</onright>
	<onup condition="Container.Content(movies) + [SubString(skin.string(movies_info_multiplexlandscape),off) | SubString(skin.string(movies_info_multiplexlandscape),on) | SubString(skin.string(movies_info_multiplexlandscape),auto)]">9900</onup>
	<onup condition="Container.Content(movies) + SubString(skin.string(movies_info_multiplexlandscape),trigger)">9910</onup>
	<onup condition="Container.Content(tvshows) + [SubString(skin.string(tvshows_info_multiplexlandscape),off) | SubString(skin.string(tvshows_info_multiplexlandscape),on) | SubString(skin.string(tvshows_info_multiplexlandscape),auto)]">9900</onup>
	<onup condition="Container.Content(tvshows) + SubString(skin.string(tvshows_info_multiplexlandscape),trigger)">9910</onup>
	<onup condition="Container.Content(seasons) + [SubString(skin.string(seasons_info_multiplexlandscape),off) | SubString(skin.string(seasons_info_multiplexlandscape),on) | SubString(skin.string(seasons_info_multiplexlandscape),auto)]">9900</onup>
	<onup condition="Container.Content(seasons) + SubString(skin.string(seasons_info_multiplexlandscape),trigger)">9910</onup>
	<onup condition="Container.Content(episodes) + [SubString(skin.string(episodes_info_multiplexlandscape),off) | SubString(skin.string(episodes_info_multiplexlandscape),on) | SubString(skin.string(episodes_info_multiplexlandscape),auto)]">9900</onup>
	<onup condition="Container.Content(episodes) + SubString(skin.string(episodes_info_multiplexlandscape),trigger)">9910</onup>
	<ondown>66</ondown>
	<orientation>horizontal</orientation>
	<focusposition>2</focusposition>
	<scrolltime>200</scrolltime>
	<include>Animation_HideShowcase</include>
	<visible>Container.Content(movies) | Container.Content(tvshows) | Container.Content(seasons) | Container.Content(episodes)</visible>
	<preloaditems>2</preloaditems>
	<itemlayout width="219" height="300">
	<include>Multiplex_TV_Layout</include>
	</itemlayout>
	<focusedlayout width="219" height="300">
	<include>Multiplex_Focused_TV_Layout</include>
	</focusedlayout>
	</control>
	</include>
	<include name="ViewMultiplexLandscape">
	<include>MultiplexLandscapeInfoPane</include>
	<include condition="Skin.HasSetting(landscapefixedlist)">MultiplexlandscapefixedList</include>
	<include condition="!Skin.HasSetting(landscapefixedlist)">MultiplexLandscapeWrapList</include>
	<control type="scrollbar" id="66">
	<include>ScrollBar_Horizontal</include>
	<posx>305</posx>
	<posy>663</posy>
	<width>670</width>
	<onup>SetFocus(552)</onup>
	<ondown>9920</ondown>
	<onleft>66</onleft>
	<onright>66</onright>
	<include>Animation_HideShowcase</include>
	<visible allowhiddenfocus="true">Control.IsVisible(552) + Control.HasFocus(66)</visible>
	</control>
	</include>

	<include name="ViewLandscapeX"><!-- tvshows landscapex -->
	<control type="group">
	<animation effect="fade" start="0" end="100" time="400" delay="5000" condition="![Container.Content(tvshows) + SubString(skin.string(tvshows_info_landscapex),on)]">WindowOpen</animation>
	<animation effect="fade" end="0" time="200">WindowClose</animation>
	<include>Animation_InfoPanelSlide</include>
	<visible>Control.IsVisible(580) + [Control.IsVisible(109) | Control.HasFocus(9910) | [Container.Content(tvshows) + SubString(skin.string(tvshows_info_landscapex),on)] + !Control.HasFocus(9920)]</visible>
	<control type="image">
	<posx>75</posx>
	<posy>60</posy>
	<width>1130</width>
	<height>560</height>
	<texture background="true">panel_back.png</texture>
	<include>Animation_CommonFade</include>
	<visible>Skin.HasSetting(nopanelbannerthin)</visible>
	</control>
	<control type="image">
	<posx>75</posx>
	<posy>60</posy>
	<width>1130</width>
	<height>560</height>
	<texture background="true">panel_tablet.png</texture>
	</control>
	<control type="image">
	<posx>399</posx>
	<posy>98</posy>
	<width>2</width>
	<height>280</height>
	<texture>panel_vertical_separator.png</texture>
	</control>
	<control type="image">
	<posx>880</posx>
	<posy>98</posy>
	<width>2</width>
	<height>280</height>
	<texture>panel_vertical_separator.png</texture>
	</control>
	<control type="image">
	<posx>84</posx>
	<posy>378</posy>
	<width>1112</width>
	<height>2</height>
	<texture>panel_horizontal_separator.png</texture>
	</control>
	<control type="image">
	<posx>418</posx>
	<posy>105</posy>
	<width>445</width>
	<height>265</height>
	<texture background="true">$INFO[ListItem.Art(fanart)]</texture>
	<aspectratio>stretch</aspectratio>
	<fadetime>FanartCrossFadeTime</fadetime>
	<visible>Container.Content(tvshows)</visible>
	</control>
	<control type="textbox">
	<posx>895</posx>
	<posy>105</posy>
	<width>260</width>
	<height>265</height>
	<font>Font_MultiplexPlotSmall</font>
	<label>$VAR[value_videoplot]</label>
	<autoscroll delay="8000" time="2000" repeat="8000">!Skin.HasSetting(noallowscroll)</autoscroll>
	<include>Animation_CommonFade</include>
	<visible>Container.Content(tvshows)</visible>
	</control>
	<control type="group"><!--tvshows info-->
	<posx>120</posx>
	<posy>105</posy>
	<include>Animation_CommonFade</include>
	<visible>Container.Content(tvshows) + Control.IsVisible(580)</visible>
	<control type="group">
	<posy>0</posy>
	<control type="label">
	<include>BannerInfoLabel</include>
	<label>$LOCALIZE[31032]:</label>
	</control>
	<control type="label">
	<include>BannerInfoValue</include>
	<label fallback="161">$INFO[Container(580).ListItem.Genre]</label>
	</control>
	</control>
	<control type="group">
	<posy>58</posy>
	<control type="label">
	<include>BannerInfoLabel</include>
	<label>$LOCALIZE[31527]:</label>
	</control>
	<control type="label">
	<include>BannerInfoValue</include>
	<label fallback="161">$INFO[Container(580).ListItem.Episode] ($LOCALIZE[31429]: $INFO[Container(580).ListItem.Property(UnwatchedEpisodes)])</label>
	</control>
	</control>
	<control type="group">
	<posy>116</posy>
	<control type="label">
	<include>BannerInfoLabel</include>
	<label>$LOCALIZE[31336]:</label>
	</control>
	<control type="label">
	<include>BannerInfoValue</include>
	<label fallback="161">$INFO[Container(580).ListItem.Date]</label>
	</control>
	</control>
	</control>
	</control>
	<control type="panel" id="580">
	<viewtype label="31804">Wide Icon</viewtype>
	<posx>95</posx>
	<posy>390</posy>
	<width>1110</width>
	<height>267</height>
	<pagecontrol>74</pagecontrol>
	<preloaditems>2</preloaditems>
	<onup>580</onup>
	<ondown>580</ondown>
	<onleft>9900</onleft>
	<onright>74</onright>
	<visible>Container.Content(tvshows)</visible>
	<itemlayout height="134" width="202">
	<control type="image">
	<description>Background</description>
	<posx>45</posx>
	<width>192</width>
	<height>124</height>
	<texture>banner_glass_big.png</texture>
	<colordiffuse>$VAR[value_texturecolors]</colordiffuse>
	<aspectratio>stretch</aspectratio>
	<include>Animation_CommonFade</include>
	</control>
	<control type="image">
	<description>Cover</description>
	<posx>45</posx>
	<width>192</width>
	<height>124</height>
	<bordersize>8</bordersize>
	<texture fallback="DefaultExtraThumbs.png" background="true">$VAR[value_landscape]</texture>
	<aspectratio>keep</aspectratio>
	<colordiffuse>FF909090</colordiffuse>
	</control>
	<control type="image">
	<include>BannerWatchedOverlay_5</include>
	<visible>!IsEmpty(ListItem.Overlay)</visible>
	<info>ListItem.Overlay</info>
	</control>
	</itemlayout>
	<focusedlayout height="134" width="202">
	<control type="image">
	<description>Background</description>
	<posx>45</posx>
	<width>192</width>
	<height>124</height>
	<texture>banner_glass_big.png</texture>
	<aspectratio>stretch</aspectratio>
	<animation type="Focus" reversible="false">
	<effect type="zoom" center="auto" start="80" end="100" time="400" tween="back" easing="out" />
	<effect type="fade" start="80" end="100" time="400" />
	</animation>
	</control>
	<control type="image">
	<description>Background Double</description>
	<posx>45</posx>
	<width>192</width>
	<height>124</height>
	<texture>banner_glass_big.png</texture>
	<aspectratio>stretch</aspectratio>
	<animation type="Focus" reversible="false">
	<effect type="zoom" center="auto" start="80" end="100" time="400" tween="back" easing="out" />
	<effect type="fade" start="80" end="100" time="400" />
	</animation>
	</control>
	<control type="image">
	<description>Cover</description>
	<posx>45</posx>
	<width>192</width>
	<height>124</height>
	<bordersize>8</bordersize>
	<texture fallback="DefaultExtraThumbs.png" background="true">$VAR[value_landscape]</texture>
	<aspectratio>keep</aspectratio>
	<animation type="Focus" reversible="false">
	<effect type="zoom" center="auto" start="80" end="100" time="400" tween="back" easing="out" />
	<effect type="fade" start="80" end="100" time="400" />
	</animation>
	</control>
	<control type="image">
	<include>BannerWatchedOverlay_5</include>
	<visible>!IsEmpty(ListItem.Overlay)</visible>
	<info>ListItem.Overlay</info>
	<animation type="Focus" reversible="false">
	<effect type="zoom" center="auto" start="80" end="100" time="400" tween="back" easing="out" />
	<effect type="fade" start="80" end="100" time="400" />
	</animation>
	</control>
	</focusedlayout>
	</control>
	<control type="scrollbar" id="74"><!--tvshows landscape-->
	<include>ScrollBar_Vertical</include>
	<posx>1180</posx>
	<posy>388</posy>
	<height>261</height>
	<onup>74</onup>
	<ondown>74</ondown>
	<onleft>580</onleft>
	<visible allowhiddenfocus="true">Control.IsVisible(580) + Control.HasFocus(74)</visible>
	</control>
	</include>
	</includes>