﻿<!-- Aeon MQ 4 -->

<includes>
	<!--##################################################################################   VISTA PHOTOSHOW - ID 581   ##################################################################################-->
	<include name="PhotoShowIconDimensionsMax">
		<posx>20</posx>
		<posy>20</posy>
		<width>192</width>
		<height>192</height>
		<visible>!Control.IsVisible(105)</visible>
		<animation effect="fade" start="0" end="100" time="200">Visible</animation>
	</include>
	<include name="PhotoShowIconDimensionsMin">
		<posx>20</posx>
		<posy>20</posy>
		<width>96</width>
		<height>96</height>
		<visible>!Control.IsVisible(105)</visible>
		<animation effect="fade" start="0" end="100" time="200">Visible</animation>
	</include>
	<include name="PhotoShowIconBackLight">
		<texture background="true">photoshow_iconback_light.png</texture>
	</include>
	<include name="PhotoShowIconBackNight">
		<texture background="true">photoshow_iconback.png</texture>
	</include>
	<include name="ViewPhotoShow">
  <control type="group">
    <posx>0</posx>
    <posy>454</posy>
    <width>1280</width>
    <height>253</height>
    <visible>Control.IsVisible(581)</visible>
    <include>Animation_HidePhotoShow</include>
  <control type="image" id="304">
    <width>1280</width>
    <height>266</height>
    <include condition="Skin.HasSetting(nodarkfloor)">PhotoShowIconBackLight</include>
    <include condition="!Skin.HasSetting(nodarkfloor)">PhotoShowIconBackNight</include>
    <visible>!Control.IsVisible(105)</visible>
    <animation effect="slide" start="0,0" end="0,176" time="600" easing="out" tween="cubic">Hidden</animation>
    <animation effect="fade" start="0" end="100" time="200">Visible</animation>
  </control>
  <control type="image">
    <posy>176</posy>
    <width>1280</width>
    <height>266</height>
    <include condition="Skin.HasSetting(nodarkfloor)">PhotoShowIconBackLight</include>
    <include condition="!Skin.HasSetting(nodarkfloor)">PhotoShowIconBackNight</include>
    <visible>Control.IsVisible(105) + !Control.IsVisible(304)</visible>
    <animation effect="fade" start="100" end="0" time="200">Hidden</animation>
    <animation effect="slide" start="0,0" end="0,100" time="200" tween="cubic" easing="inout" delay="5000" condition="Control.IsVisible(108)">Conditional</animation>
  </control>
  <control type="image">
    <posx>60</posx>
    <posy>18</posy>
    <width>1159</width>
    <height>198</height>
    <texture>photoshow_iconframe.png</texture>
    <visible>!Control.IsVisible(105)</visible>
    <animation effect="fade" start="60" end="60" time="0" condition="Skin.HasSetting(nodarkfloor)">Conditional</animation>
    <animation effect="fade" start="0" end="100" time="200">Visible</animation>
  </control>
  </control>
  <control type="image">
    <posx>20</posx>
    <posy>460</posy>
    <width>19</width>
    <height>221</height>
    <texture flipx="true">photoshow_arrow.png</texture>
    <visible>Control.IsVisible(581)</visible>
    <animation effect="slide" start="-100" end="0" delay="800" time="400" easing="out" tween="cubic">WindowOpen</animation>
    <visible>!Control.IsVisible(105)</visible>
    <include>Animation_CommonFade</include>
    <include>Animation_HidePhotoShow</include>
  </control>
  <control type="image">
    <posx>1241</posx>
    <posy>460</posy>
    <width>19</width>
    <height>221</height>
    <texture>photoshow_arrow.png</texture>
    <visible>Control.IsVisible(581)</visible>
    <animation effect="slide" start="100" end="0" delay="800" time="400" easing="out" tween="cubic">WindowOpen</animation>
    <visible>!Control.IsVisible(105)</visible>
    <include>Animation_CommonFade</include>
    <include>Animation_HidePhotoShow</include>
  </control>
  <control type="panel" id="581">
    <viewtype label="31817">icon</viewtype>
    <posx>44</posx>
    <posy>455</posy>
    <width>1171</width>
    <height>252</height>
    <pagecontrol>60</pagecontrol>
    <scrolltime>0</scrolltime>
    <onleft>581</onleft>
    <onright>581</onright>
    <onup>9900</onup>
    <ondown>60</ondown>
    <orientation>horizontal</orientation>
    <visible>Window.IsActive(pictures)</visible>
    <include>Animation_HidePhotoShow</include>
    <itemlayout width="192" height="192" condition="!Skin.HasSetting(photoshowmax)">
  <control type="image">
    <include>PhotoShowIconDimensionsMax</include>
    <texture>common_black.png</texture>
  </control>
  <control type="image">
    <include>PhotoShowIconDimensionsMax</include>
    <aspectratio scalediffuse="false">scale</aspectratio>
    <texture fallback="DefaultPicture.png" background="true">$VAR[value_poster]</texture>
    <visible>Window.IsActive(pictures)</visible>
  </control>
  <control type="image">
    <include>PhotoShowIconDimensionsMax</include>
    <bordertexture border="-53">photoshow_iconborder_max.png</bordertexture>
    <texture>-</texture>
  </control>
  <control type="image">
    <include>PhotoShowIconDimensionsMax</include>
    <texture>common_black.png</texture>
    <colordiffuse>58FFFFFF</colordiffuse>
  </control>
  </itemlayout>
  <focusedlayout width="192" height="192" condition="!Skin.HasSetting(photoshowmax)">
  <control type="image">
    <include>PhotoShowIconDimensionsMax</include>
    <texture>common_black.png</texture>
    <animation effect="zoom" center="96,96" start="100" end="110" time="400" easing="out" tween="cubic" reversible="false">Focus</animation>
  </control>
  <control type="image">
    <include>PhotoShowIconDimensionsMax</include>
    <aspectratio scalediffuse="false">scale</aspectratio>
    <texture fallback="DefaultPicture.png" background="true">$VAR[value_poster]</texture>
    <visible>Window.IsActive(pictures)</visible>
    <animation effect="zoom" center="96,96" start="100" end="110" time="400" easing="out" tween="cubic" reversible="false">Focus</animation>
  </control>
  <control type="image">
    <include>PhotoShowIconDimensionsMax</include>
    <bordertexture border="-39">photoshow_iconborder_max.png</bordertexture>
    <texture>common_blank.png</texture>
    <animation effect="zoom" center="96,96" start="100" end="110" time="400" easing="out" tween="cubic" reversible="false">Focus</animation>
    <visible>!Container(581).Column(5) + !Control.IsVisible(105)</visible>
  </control>
  </focusedlayout>
  <itemlayout width="96" height="96" condition="Skin.HasSetting(photoshowmax)">
  <control type="image">
    <include>PhotoShowIconDimensionsMin</include>
    <texture>common_black.png</texture>
  </control>
  <control type="image">
    <include>PhotoShowIconDimensionsMin</include>
    <aspectratio scalediffuse="false">scale</aspectratio>
    <texture fallback="DefaultPicture.png" background="true">$VAR[value_poster]</texture>
    <visible>Window.IsActive(pictures)</visible>
  </control>
  <control type="image">
    <include>PhotoShowIconDimensionsMin</include>
    <texture>common_black.png</texture>
    <colordiffuse>58FFFFFF</colordiffuse>
  </control>
  </itemlayout>
  <focusedlayout width="96" height="96" condition="Skin.HasSetting(photoshowmax)">
  <control type="image">
    <include>PhotoShowIconDimensionsMin</include>
    <texture>common_black.png</texture>
    <animation effect="zoom" center="68,68" start="100" end="120" time="400" easing="out" tween="cubic" reversible="false">Focus</animation>
  </control>
  <control type="image">
    <include>PhotoShowIconDimensionsMin</include>
    <aspectratio scalediffuse="false">scale</aspectratio>
    <texture fallback="DefaultPicture.png" background="true">$VAR[value_poster]</texture>
    <visible>Window.IsActive(pictures)</visible>
    <animation effect="zoom" center="68,68" start="100" end="120" time="400" easing="out" tween="cubic" reversible="false">Focus</animation>
  </control>
  <control type="image">
    <include>PhotoShowIconDimensionsMin</include>
    <bordertexture border="-35">photoshow_iconborder_mini.png</bordertexture>
    <texture>common_blank.png</texture>
    <animation effect="zoom" center="68,68" start="100" end="120" time="400" easing="out" tween="cubic" reversible="false">Focus</animation>
    <visible>!Container(581).Column(11) + !Control.IsVisible(105)</visible>
  </control>
  </focusedlayout>
  </control>
  <control type="group">
    <posy>475</posy>
    <include>Animation_HidePhotoShow</include>
  <control type="image">
    <posx>1026</posx>
    <width>192</width>
    <height>192</height>
    <bordertexture border="-39">photoshow_iconborder_max.png</bordertexture>
    <texture>common_blank.png</texture>
    <animation effect="zoom" center="1128,84" start="100" end="110" time="450" easing="out" tween="cubic" reversible="false">Visible</animation>
    <visible>Container(581).Column(5) + Control.HasFocus(581) + !Container(581).OnNext + !Control.IsVisible(105)</visible>
    <visible>!Skin.HasSetting(photoshowmax)</visible>
  </control>
  <control type="image">
    <posx>1119</posx>
    <width>96</width>
    <height>96</height>
    <bordertexture border="-32">photoshow_iconborder_mini.png</bordertexture>
    <texture>common_blank.png</texture>
    <animation effect="zoom" center="1167,48" start="100" end="120" time="450" easing="out" tween="cubic" reversible="false">Visible</animation>
    <visible>Container(581).Column(11) + Container(581).Row(0) + Control.HasFocus(581) + !Container(581).OnNext + !Control.IsVisible(105)</visible>
    <visible>Skin.HasSetting(photoshowmax)</visible>
  </control>
  <control type="image">
    <posx>1119</posx>
    <posy>96</posy>
    <width>96</width>
    <height>96</height>
    <bordertexture border="-32">photoshow_iconborder_mini.png</bordertexture>
    <texture>common_blank.png</texture>
    <animation effect="zoom" center="1167,144" start="100" end="120" time="450" easing="out" tween="cubic" reversible="false">Visible</animation>
    <visible>Container(581).Column(11) + Container(581).Row(1) + Control.HasFocus(581) + !Container(581).OnNext + !Control.IsVisible(105)</visible>
    <visible>Skin.HasSetting(photoshowmax)</visible>
  </control>
  </control>
  <control type="group">
    <visible>Control.IsVisible(581)</visible>
    <include>Animation_HidePhotoShow</include>
    <animation effect="slide" start="0,0" end="0,100" time="200" tween="cubic" easing="inout" delay="5000" condition="Control.IsVisible(108)">Conditional</animation>
  <control type="label">
    <posx>64</posx>
    <posy>678</posy>
    <width>1152</width>
    <font>Font_PhotoShowLabelSmall</font>
    <label>$INFO[ListItem.Label]</label>
    <visible>!Control.IsVisible(105) + !Control.HasFocus(60)</visible>
    <visible>[Skin.HasSetting(photoshowmax) + [Container(581).Column(0) | Container(581).Column(1) | Container(581).Column(2) | Container(581).Column(3) | Container(581).Column(4) | Container(581).Column(5)]] | [!Skin.HasSetting(photoshowmax) + [Container(581).Column(0) | Container(581).Column(1) | Container(581).Column(2)]]</visible>
    <animation effect="fade" end="0" time="200">WindowClose</animation>
    <animation effect="fade" start="0" end="100" time="200">Visible</animation>
    </control>
    <control type="label">
    <posx>1216</posx>
    <posy>678</posy>
    <width>1152</width>
    <align>right</align>
    <font>Font_PhotoShowLabelSmall</font>
    <label>$INFO[ListItem.Label]</label>
    <visible>!Control.IsVisible(105) + !Control.HasFocus(60)</visible>
    <visible>[Skin.HasSetting(photoshowmax) + [Container(581).Column(6) | Container(581).Column(7) | Container(581).Column(8) | Container(581).Column(9) | Container(581).Column(10) | Container(581).Column(11)]] | [!Skin.HasSetting(photoshowmax) + [Container(581).Column(3) | Container(581).Column(4) | Container(581).Column(5)]]</visible>
    <animation effect="fade" end="0" time="200">WindowClose</animation>
    <animation effect="fade" start="0" end="100" time="200">Visible</animation>
  </control>
  <control>
  </control>
  <control type="label" id="108">
    <posx>20</posx>
    <posy>644</posy>
    <font>Font_PhotoShowLabel</font>
    <label>$INFO[ListItem.Label]</label>
    <visible>Control.IsVisible(105)</visible>
    <animation effect="fade" end="0" time="200">WindowClose</animation>
    <animation effect="fade" delay="600" start="0" end="100" time="200">Visible</animation>
  </control>
  <control type="label" id="108">
    <width>400</width>
    <posx>1260</posx>
    <posy>634</posy>
    <align>right</align>
    <font>Font_PhotoShowDetail</font>
    <label fallback="31441">$INFO[ListItem.PictureDateTime,$LOCALIZE[31434]: ,]</label>
    <visible>Control.IsVisible(105)</visible>
    <animation effect="fade" end="0" time="200">WindowClose</animation>
    <animation effect="fade" delay="600" start="0" end="100" time="200">Visible</animation>
  </control>
  <control type="label" id="108">
    <width>400</width>
    <posx>1260</posx>
    <posy>653</posy>
    <align>right</align>
    <font>Font_PhotoShowDetail</font>
    <label fallback="31442">$INFO[ListItem.Date,$LOCALIZE[31433]: ,]</label>
    <visible>Control.IsVisible(105)</visible>
    <animation effect="fade" end="0" time="200">WindowClose</animation>
    <animation effect="fade" delay="600" start="0" end="100" time="200">Visible</animation>
  </control>
  <control type="label" id="108">
    <width>400</width>
    <posx>1260</posx>
    <posy>672</posy>
    <align>right</align>
    <font>Font_PhotoShowDetail</font>
    <label fallback="31046">$INFO[ListItem.PictureResolution,$LOCALIZE[31435]: ,]</label>
    <visible>Control.IsVisible(105)</visible>
    <animation effect="fade" end="0" time="200">WindowClose</animation>
    <animation effect="fade" delay="600" start="0" end="100" time="200">Visible</animation>
  </control>
  <control type="label" id="108">
    <width>400</width>
    <posx>1260</posx>
    <posy>691</posy>
    <align>right</align>
    <font>Font_PhotoShowDetail</font>
    <label fallback="161">$INFO[ListItem.Size]</label>
    <visible>Control.IsVisible(105)</visible>
    <animation effect="fade" end="0" time="200">WindowClose</animation>
    <animation effect="fade" delay="600" start="0" end="100" time="200">Visible</animation>
  </control>
  <control type="image">
    <posx>0</posx>
    <posy>645</posy>
    <width>1280</width>
    <height>75</height>
    <animation effect="slide" start="0,15" end="0,15" time="200" condition="!Control.IsVisible(105)">Conditional</animation>
    <texture>showcase_gradient.png</texture>
  </control>
  </control>
  <control type="button" id="195">
   <include>InvisibleButton</include>
    <onleft>581</onleft>
    <onright>581</onright>
    <onup>581</onup>
    <ondown>581</ondown>
  </control>
  <control type="scrollbar" id="60">
    <include>ScrollBar_Horizontal</include>
    <posx>67</posx>
    <posy>673</posy>
    <width>1147</width>
    <onup>581</onup>
    <ondown>195</ondown>
    <onleft>60</onleft>
    <onright>60</onright>
    <include>Animation_HidePhotoShow</include>
    <visible allowhiddenfocus="true">Control.IsVisible(581) + Control.HasFocus(60) + !Control.IsVisible(105)</visible>
  </control>
  </include>
  </includes>