﻿<!-- Aeon MQ 4 -->

<includes>
  <!--##################################################################################   VISTA PANEL LOGO - ID 574   ##################################################################################-->
	<include name="ViewPanelLogo">
  <!-- TVShows Logo -->
  <control type="group">
    <animation effect="slide" time="700" start="1500,0" end="0,0" tween="cubic" easing="out">WindowOpen</animation>
    <animation effect="slide" time="700" start="0,0" end="1500,0" tween="cubic" easing="out">WindowClose</animation>
    <animation effect="slide" time="700" start="1500,0" end="0,0" tween="cubic" easing="out">Visible</animation>
    <animation effect="fade" time="200" start="100" end="0">Hidden</animation>
  <control type="panel" id="574">
    <viewtype label="31820">icon</viewtype>
    <posx>505</posx>
    <posy>110</posy>
    <width>720</width>
    <height>480</height>
    <scrolltime>200</scrolltime>
    <orientation>vertical</orientation>
    <onup>9900</onup>
    <ondown>574</ondown>
    <onleft>9900</onleft>
    <onright>70</onright>
    <pagecontrol>70</pagecontrol>
    <preloaditems>2</preloaditems>
    <visible>![Container.Content(episodes) | Container.Content(files) | Skin.HasSetting(trailers)]</visible>
  <itemlayout width="120" height="125">
  <control type="image">
    <posx>8</posx>
    <posy>6</posy>
    <width>100</width>
    <height>121</height>
    <texture diffuse="thumb_wall_movie_mask.png" fallback="DefaultExtraThumbs.png" background="true">$INFO[ListItem.Art(clearlogo)]</texture>
    <aspectratio scalediffuse="false">keep</aspectratio>
    <animation effect="fade" end="30" condition="true">Conditional</animation>
    <visible>!Skin.HasSetting(panellogo_clearart)</visible>
  </control>
  <control type="image">
    <posx>8</posx>
    <posy>6</posy>
    <width>100</width>
    <height>121</height>
    <texture diffuse="thumb_wall_movie_mask.png" fallback="DefaultExtraThumbs.png" background="true">$INFO[ListItem.Art(clearart)]</texture>
    <aspectratio scalediffuse="false">keep</aspectratio>
    <animation effect="fade" end="30" condition="true">Conditional</animation>
    <visible>Skin.HasSetting(panellogo_clearart)</visible>
  </control>
  <control type="image">
    <posx>80</posx>
    <posy>3</posy>
    <width>30</width>
    <height>30</height>
    <info>ListItem.Overlay</info>
    <aspectratio>stretch</aspectratio>
    <visible>![IsEmpty(ListItem.Overlay) | Skin.HasSetting(nooverlays)]</visible>
  </control>
  </itemlayout>
  <focusedlayout width="120" height="125">
  <control type="image">
    <posx>8</posx>
    <posy>6</posy>
    <width>100</width>
    <height>121</height>
    <texture diffuse="thumb_wall_movie_mask.png" fallback="DefaultExtraThumbs.png" background="true">$INFO[ListItem.Art(clearlogo)]</texture>
    <animation type="Focus" reversible="false">
    <effect type="zoom" center="auto" start="80" end="130" time="400" tween="back" easing="out" />
    <effect type="fade" start="80" end="100" time="400" />
    </animation>
    <aspectratio scalediffuse="false">keep</aspectratio>
    <visible>!Skin.HasSetting(panellogo_clearart)</visible>
  </control>
  <control type="image">
    <posx>8</posx>
    <posy>6</posy>
    <width>100</width>
    <height>121</height>
    <texture diffuse="thumb_wall_movie_mask.png" fallback="DefaultExtraThumbs.png" background="true">$INFO[ListItem.Art(clearart)]</texture>
    <animation type="Focus" reversible="false">
    <effect type="zoom" center="auto" start="80" end="130" time="400" tween="back" easing="out" />
    <effect type="fade" start="80" end="100" time="400" />
    </animation>
    <aspectratio scalediffuse="false">keep</aspectratio>
    <visible>Skin.HasSetting(panellogo_clearart)</visible>
  </control>
  <control type="image">
    <posx>80</posx>
    <posy>3</posy>
    <width>30</width>
    <height>30</height>
    <info>ListItem.Overlay</info>
    <aspectratio>stretch</aspectratio>
    <animation type="Focus" reversible="false">
    <effect type="zoom" center="60,60" start="80" end="130" time="400" tween="back" easing="out" />
    <effect type="fade" start="80" end="100" time="400" />
    </animation>
    <visible>![IsEmpty(ListItem.Overlay) | Skin.HasSetting(nooverlays)]</visible>
  </control>
  </focusedlayout>
  </control>
  </control>
  
  <!-- Info Panel -->
  <control type="group">
    <animation effect="slide" time="700" start="-800,0" end="0,0" tween="cubic" easing="out">WindowOpen</animation>
    <animation effect="slide" time="700" start="0,0" end="-800,0" tween="cubic" easing="out">WindowClose</animation>
    <animation effect="slide" time="700" start="-800,0" end="0,0" tween="cubic" easing="out">Visible</animation>
    <animation effect="fade" time="200" start="100" end="0">Hidden</animation>
    <visible>Control.IsVisible(574)</visible>
    <posx>60</posx>
    <posy>80</posy>
  <control type="image">
    <posx>0</posx>
    <posy>32</posy>
    <width>407</width>
    <height>230</height>
    <aspectratio>stretch</aspectratio>
    <texture border="20">home_nowplaying_videowindow.png</texture>
    <visible>!IsEmpty(ListItem.Art(fanart))</visible>
  </control>
  <control type="image" id="5601">
    <posx>0</posx>
    <posy>31</posy>
    <width>407</width>
    <height>230</height>
    <texture fallback="DefaultExtraThumbs.png" background="true">$INFO[ListItem.Art(fanart)]</texture>
    <aspectratio>stretch</aspectratio>
    <fadetime>FanartCrossFadeTime</fadetime>
    <bordersize>12</bordersize>
    <visible>!IsEmpty(ListItem.Art(fanart))</visible>
  </control>
  <control type="largeimage">
    <posx>0</posx>
    <posy>31</posy>
    <width>407</width>
    <height>230</height>
    <aspectratio>stretch</aspectratio>
    <bordersize>12</bordersize>
    <texture>thumb_tvglass_noedge.png</texture>
    <visible>!IsEmpty(ListItem.Art(fanart))</visible>
  </control>
  <control type="image">
    <posx>0</posx>
    <posy>31</posy>
    <width>407</width>
    <height>230</height>
    <aspectratio>stretch</aspectratio>
    <bordersize>12</bordersize>
    <visible>!IsEmpty(ListItem.Art(fanart))</visible>
  </control>
  <control type="group">
    <animation effect="slide" end="0,-218" condition="!Control.IsVisible(5601)">Conditional</animation>
  <control type="group">
    <visible>Control.IsVisible(5601)</visible>
  <control type="fadelabel">
    <posx>10</posx>
    <posy>260</posy>
   <width>387</width>
    <height>15</height>
    <textcolor>$VAR[value_headercolors]</textcolor>
    <label>$LOCALIZE[562]: [COLOR=abFFFFFF]$INFO[ListItem.Year][/COLOR] | $LOCALIZE[368]: [COLOR=abFFFFFF]$INFO[ListItem.Rating][/COLOR] | $LOCALIZE[180]: [COLOR=abFFFFFF]$INFO[ListItem.Duration] $LOCALIZE[12391][/COLOR]</label>
    <font>Font_MultiplexPlotSmall</font>
    <scrollout>false</scrollout>
    <visible>!Container.Content(tvshows) + !Container.Content(seasons) + !substring(ListItem.Duration,min)</visible>
  </control>
  <control type="fadelabel">
    <posx>10</posx>
    <posy>260</posy>
   <width>387</width>
    <height>15</height>
    <textcolor>$VAR[value_headercolors]</textcolor>
    <label>$LOCALIZE[562]: [COLOR=abFFFFFF]$INFO[ListItem.Year][/COLOR] | $LOCALIZE[368]: [COLOR=abFFFFFF]$INFO[ListItem.Rating][/COLOR] | $LOCALIZE[180]: [COLOR=abFFFFFF]$INFO[ListItem.Duration][/COLOR]</label>
    <font>Font_MultiplexPlotSmall</font>
    <scrollout>false</scrollout>
    <visible>!Container.Content(tvshows) + !Container.Content(seasons) + substring(ListItem.Duration,min)</visible>
  </control>
  <control type="fadelabel">
    <posx>10</posx>
    <posy>260</posy>
   <width>387</width>
    <height>15</height>
    <textcolor>$VAR[value_headercolors]</textcolor>
    <label>$LOCALIZE[562]: [COLOR=abFFFFFF]$INFO[ListItem.Year][/COLOR] | $LOCALIZE[368]: [COLOR=abFFFFFF]$INFO[ListItem.Rating][/COLOR]</label>
    <font>Font_MultiplexPlotSmall</font>
    <scrollout>false</scrollout>
    <visible>Container.Content(tvshows)</visible>
  </control>
  <control type="image">
    <posx>10</posx>
    <posy>285</posy>
    <width>387</width>
    <height>1</height>
    <texture>common_fadeline.png</texture>
    <visible>!Container.Content(seasons)</visible>
  </control>
  <control type="textbox">
    <posx>10</posx>
    <posy>290</posy>
    <width>387</width>
    <height>230</height>
    <label>$VAR[value_videoplot]</label>
    <font>Font_MultiplexPlotSmall</font>
    <autoscroll delay="8000" time="2000" repeat="8000">!Skin.HasSetting(noallowscroll)</autoscroll>
  </control>
  </control>
  <control type="group">
  <visible>!Control.IsVisible(5601)</visible>
  <control type="textbox">
    <posx>10</posx>
    <posy>290</posy>
    <width>387</width>
    <height>330</height>
    <label>$VAR[value_videoplot]</label>
    <font>Font_MultiplexPlotSmall</font>
    <autoscroll delay="8000" time="2000" repeat="8000">!Skin.HasSetting(noallowscroll)</autoscroll>
  </control>
  <control type="textbox">
    <posx>10</posx>
    <posy>265</posy>
    <width>387</width>
    <height>355</height>
    <label>$VAR[value_videoplot]</label>
    <font>Font_MultiplexPlotSmall</font>
    <autoscroll delay="8000" time="2000" repeat="8000">!Skin.HasSetting(noallowscroll)</autoscroll>
    <visible>Container.Content(seasons)</visible>
  </control>
  </control>
  </control>
  </control>
  <!-- Scroll Bar -->
  <control type="scrollbar" id="70">
    <include>ScrollBar_Vertical</include>
    <posx>1230</posx>
    <posy>120</posy>
    <height>468</height>
    <onleft>574</onleft>
    <onright>574</onright>
    <visible allowhiddenfocus="true">Control.IsVisible(574) + Control.HasFocus(70)</visible>
  </control>
  </include>
  </includes>