﻿	<!-- Aeon MQ 4 -->

	<includes>
	<!--##################################################################################   VISTA MULTIPLEX - ID 52   ##################################################################################-->
	<!-- Panel Info Videos -->
	<include name="MultiplexInfoPaneVideo">
	<control type="group">
	<posx>0</posx>
	<posy>65</posy>
	<width>1280</width>
	<height>381</height>
	<animation effect="fade" start="0" end="100" time="400" delay="5000" condition="![Container.Content(movies) + SubString(skin.string(movies_info_multiplex),on) | Container.Content(musicvideos) + SubString(skin.string(musicvideos_info_multiplex),on) | Container.Content(tvshows) + SubString(skin.string(tvshows_info_multiplex),on) | Container.Content(seasons) + SubString(skin.string(seasons_info_multiplex),on) | Container.Content(episodes) + SubString(skin.string(episodes_info_multiplex),on) | Container.Content(files) + SubString(skin.string(files_info_multiplex),on)]">WindowOpen</animation>
	<animation effect="fade" end="0" time="200">WindowClose</animation>
	<include>Animation_InfoPanelSlide</include>
	<visible>Control.IsVisible(109) | Control.HasFocus(9910) | [Container.Content(movies) + SubString(skin.string(movies_info_multiplex),on) | Container.Content(musicvideos) + SubString(skin.string(musicvideos_info_multiplex),on) | Container.Content(tvshows) + SubString(skin.string(tvshows_info_multiplex),on) | Container.Content(seasons) + SubString(skin.string(seasons_info_multiplex),on) | Container.Content(episodes) + SubString(skin.string(episodes_info_multiplex),on) | Container.Content(files) + SubString(skin.string(files_info_multiplex),on)] + ![Control.HasFocus(9920) | StringCompare(Container.FolderPath,videodb://1/7/)]</visible>
	<control type="group">
	<posy>5</posy>
	<control type="image">
	<posx>75</posx>
	<width>1130</width>
	<height>550</height>
	<texture background="true">panel_back.png</texture>
	<include>Animation_CommonFade</include>
	<visible>Skin.HasSetting(nomultiplexthin)</visible>
	</control>
	<control type="image">
	<posx>75</posx>
	<width>1130</width>
	<height>550</height>
	<texture background="true">panel_tablet.png</texture>
	</control>
	<control type="image">
	<posx>325</posx>
	<posy>38</posy>
	<width>2</width>
	<height>151</height>
	<texture>panel_vertical_separator.png</texture>
	<visible>Container.Content(movies) + SubString(skin.string(movies_layout_multiplex),fanart) | Container.Content(musicvideos) + SubString(skin.string(musicvideos_layout_multiplex),fanart) | Container.Content(tvshows) + SubString(skin.string(tvshows_layout_multiplex),fanart) | Container.Content(seasons) + SubString(skin.string(seasons_layout_multiplex),fanart) | Container.Content(episodes) + SubString(skin.string(episodes_layout_multiplex),fanart)</visible>
	</control>
	<control type="image">
	<posx>560</posx>
	<posy>38</posy>
	<width>2</width>
	<height>351</height>
	<texture>panel_vertical_separator.png</texture>
	<visible>Container.Content(movies) + SubString(skin.string(movies_layout_multiplex),fanart) | Container.Content(musicvideos) + SubString(skin.string(musicvideos_layout_multiplex),fanart) | Container.Content(tvshows) + SubString(skin.string(tvshows_layout_multiplex),fanart) | Container.Content(seasons) + SubString(skin.string(seasons_layout_multiplex),fanart) | Container.Content(episodes) + SubString(skin.string(episodes_layout_multiplex),fanart)</visible>
	</control>
	<control type="image">
	<posx>406</posx>
	<posy>38</posy>
	<width>2</width>
	<height>351</height>
	<texture>panel_vertical_separator.png</texture>
	<animation effect="slide" start="0,0" end="-116,0" time="0" condition="Container.Content(movies) + SubString(skin.string(movies_layout_multiplex),extrathumbs) | Container.Content(musicvideos) + SubString(skin.string(musicvideos_layout_multiplex),extrathumbs) | Container.Content(tvshows) + SubString(skin.string(tvshows_layout_multiplex),extrathumbs) | Container.Content(seasons) + SubString(skin.string(seasons_layout_multiplex),extrathumbs) | Container.Content(episodes) + SubString(skin.string(episodes_layout_multiplex),extrathumbs)">Conditional</animation>
	<visible>Container.Content(movies) + [SubString(skin.string(movies_layout_multiplex),plot) | SubString(skin.string(movies_layout_multiplex),poster) | SubString(skin.string(movies_layout_multiplex),extrathumbs)] | Container.Content(musicvideos) + [SubString(skin.string(musicvideos_layout_multiplex),plot) | SubString(skin.string(musicvideos_layout_multiplex),poster) | SubString(skin.string(musicvideos_layout_multiplex),extrathumbs)] | Container.Content(tvshows) + [SubString(skin.string(tvshows_layout_multiplex),plot) | SubString(skin.string(tvshows_layout_multiplex),poster) | SubString(skin.string(tvshows_layout_multiplex),extrathumbs)] | Container.Content(seasons) + [SubString(skin.string(seasons_layout_multiplex),plot) | SubString(skin.string(seasons_layout_multiplex),poster) | SubString(skin.string(seasons_layout_multiplex),extrathumbs)] | Container.Content(episodes) + [SubString(skin.string(episodes_layout_multiplex),plot) | SubString(skin.string(episodes_layout_multiplex),poster) | SubString(skin.string(episodes_layout_multiplex),extrathumbs)]</visible>
	</control>
	<control type="image">
	<posx>640</posx>
	<posy>38</posy>
	<width>2</width>
	<height>351</height>
	<texture>panel_vertical_separator.png</texture>
	<visible>Container.Content(movies) + SubString(skin.string(movies_layout_multiplex),extrathumbs) | Container.Content(musicvideos) + SubString(skin.string(musicvideos_layout_multiplex),extrathumbs) | Container.Content(tvshows) + SubString(skin.string(tvshows_layout_multiplex),extrathumbs) | Container.Content(seasons) + SubString(skin.string(seasons_layout_multiplex),extrathumbs) | Container.Content(episodes) + SubString(skin.string(episodes_layout_multiplex),extrathumbs)</visible>
	</control>
	<control type="image">
	<posx>900</posx>
	<posy>38</posy>
	<width>2</width>
	<height>351</height>
	<texture>panel_vertical_separator.png</texture>
	<animation effect="slide" start="0,0" end="88,0" time="0" condition="Container.Content(movies) + SubString(skin.string(movies_layout_multiplex),extrathumbs) | Container.Content(musicvideos) + SubString(skin.string(musicvideos_layout_multiplex),extrathumbs) | Container.Content(tvshows) + SubString(skin.string(tvshows_layout_multiplex),extrathumbs) | Container.Content(seasons) + SubString(skin.string(seasons_layout_multiplex),extrathumbs) | Container.Content(episodes) + SubString(skin.string(episodes_layout_multiplex),extrathumbs)">Conditional</animation>
	<visible>Container.Content(movies) + [SubString(skin.string(movies_layout_multiplex),plot) | SubString(skin.string(movies_layout_multiplex),poster) | SubString(skin.string(movies_layout_multiplex),extrathumbs)] | Container.Content(musicvideos) + [SubString(skin.string(musicvideos_layout_multiplex),plot) | SubString(skin.string(musicvideos_layout_multiplex),poster) | SubString(skin.string(musicvideos_layout_multiplex),extrathumbs)] | Container.Content(tvshows) + [SubString(skin.string(tvshows_layout_multiplex),plot) | SubString(skin.string(tvshows_layout_multiplex),poster) | SubString(skin.string(tvshows_layout_multiplex),extrathumbs)] | Container.Content(seasons) + [SubString(skin.string(seasons_layout_multiplex),plot) | SubString(skin.string(seasons_layout_multiplex),poster) | SubString(skin.string(seasons_layout_multiplex),extrathumbs)] | Container.Content(episodes) + [SubString(skin.string(episodes_layout_multiplex),plot) | SubString(skin.string(episodes_layout_multiplex),poster) | SubString(skin.string(episodes_layout_multiplex),extrathumbs)]</visible>
	</control>
	<control type="image">
	<posx>85</posx>
	<posy>190</posy>
	<width>474</width>
	<height>2</height>
	<texture>panel_horizontal_separator.png</texture>
	<visible>Container.Content(movies) + SubString(skin.string(movies_layout_multiplex),fanart) | Container.Content(musicvideos) + SubString(skin.string(musicvideos_layout_multiplex),fanart) | Container.Content(tvshows) + SubString(skin.string(tvshows_layout_multiplex),fanart) | Container.Content(seasons) + SubString(skin.string(seasons_layout_multiplex),fanart) | Container.Content(episodes) + SubString(skin.string(episodes_layout_multiplex),fanart)</visible>
	</control>
	<control type="image">
	<posx>85</posx>
	<posy>390</posy>
	<width>1110</width>
	<height>2</height>
	<texture>panel_horizontal_separator.png</texture>
	</control>
	<control type="image">
	<posx>75</posx>
	<width>1130</width>
	<height>590</height>
	<texture>-</texture>
	<visible>Container.Content(movies) + SubString(skin.string(movies_layout_multiplex),extrathumbs) | Container.Content(musicvideos) + SubString(skin.string(musicvideos_layout_multiplex),extrathumbs) | Container.Content(tvshows) + SubString(skin.string(tvshows_layout_multiplex),extrathumbs) | Container.Content(seasons) + SubString(skin.string(seasons_layout_multiplex),extrathumbs) | Container.Content(episodes) + SubString(skin.string(episodes_layout_multiplex),extrathumbs)</visible>
	</control>
	</control>
	<control type="group">
	<posx>105</posx>
	<posy>26</posy>
	<control type="group">
	<visible>Container.Content(movies) + [SubString(skin.string(movies_layout_multiplex),fanart) | SubString(skin.string(movies_layout_multiplex),poster) | SubString(skin.string(movies_layout_multiplex),plot)] | Container.Content(musicvideos) + [SubString(skin.string(musicvideos_layout_multiplex),fanart) | SubString(skin.string(musicvideos_layout_multiplex),poster) | SubString(skin.string(musicvideos_layout_multiplex),plot)] | Container.Content(tvshows) + [SubString(skin.string(tvshows_layout_multiplex),fanart) | SubString(skin.string(tvshows_layout_multiplex),poster) | SubString(skin.string(tvshows_layout_multiplex),plot)] | Container.Content(seasons) + [SubString(skin.string(seasons_layout_multiplex),fanart) | SubString(skin.string(seasons_layout_multiplex),poster) | SubString(skin.string(seasons_layout_multiplex),plot)] | Container.Content(episodes) + [SubString(skin.string(episodes_layout_multiplex),fanart) | SubString(skin.string(episodes_layout_multiplex),poster) | SubString(skin.string(episodes_layout_multiplex),plot)]</visible>
	<posy>22</posy>
	<control type="label">
	<include>MultiplexInfoLabel</include>
	<label>$LOCALIZE[31046]:</label>
	</control>
	<control type="label">
	<include>MultiplexInfoValue</include>
	<label fallback="161">$INFO[Container(52).ListItem.Director]</label>
	<width>200</width>
	</control>
	</control>
	<control type="group">
	<visible>Container.Content(movies) + [SubString(skin.string(movies_layout_multiplex),fanart) | SubString(skin.string(movies_layout_multiplex),poster) | SubString(skin.string(movies_layout_multiplex),plot)] | Container.Content(musicvideos) + [SubString(skin.string(musicvideos_layout_multiplex),fanart) | SubString(skin.string(musicvideos_layout_multiplex),poster) | SubString(skin.string(musicvideos_layout_multiplex),plot)] | Container.Content(tvshows) + [SubString(skin.string(tvshows_layout_multiplex),fanart) | SubString(skin.string(tvshows_layout_multiplex),poster) | SubString(skin.string(tvshows_layout_multiplex),plot)] | Container.Content(seasons) + [SubString(skin.string(seasons_layout_multiplex),fanart) | SubString(skin.string(seasons_layout_multiplex),poster) | SubString(skin.string(seasons_layout_multiplex),plot)] | Container.Content(episodes) + [SubString(skin.string(episodes_layout_multiplex),fanart) | SubString(skin.string(episodes_layout_multiplex),poster) | SubString(skin.string(episodes_layout_multiplex),plot)]</visible>
	<posy>72</posy>
	<control type="label">
	<include>MultiplexInfoLabel</include>
	<label>$LOCALIZE[31521]:</label>
	</control>
	<control type="label">
	<include>MultiplexInfoValue</include>
	<label fallback="161">$INFO[Container(52).ListItem.Writer]</label>
	<width>200</width>
	</control>
	</control>
	<control type="group">
	<visible>Container.Content(movies) + [SubString(skin.string(movies_layout_multiplex),fanart) | SubString(skin.string(movies_layout_multiplex),poster) | SubString(skin.string(movies_layout_multiplex),plot)] | Container.Content(musicvideos) + [SubString(skin.string(musicvideos_layout_multiplex),fanart) | SubString(skin.string(musicvideos_layout_multiplex),poster) | SubString(skin.string(musicvideos_layout_multiplex),plot)] | Container.Content(tvshows) + [SubString(skin.string(tvshows_layout_multiplex),fanart) | SubString(skin.string(tvshows_layout_multiplex),poster) | SubString(skin.string(tvshows_layout_multiplex),plot)] | Container.Content(seasons) + [SubString(skin.string(seasons_layout_multiplex),fanart) | SubString(skin.string(seasons_layout_multiplex),poster) | SubString(skin.string(seasons_layout_multiplex),plot)] | Container.Content(episodes) + [SubString(skin.string(episodes_layout_multiplex),fanart) | SubString(skin.string(episodes_layout_multiplex),poster) | SubString(skin.string(episodes_layout_multiplex),plot)]</visible>
	<posy>122</posy>
	<control type="label">
	<include>MultiplexInfoLabel</include>
	<label>$LOCALIZE[31028]:</label>
	</control>
	<control type="label">
	<posy>20</posy>
	<include>MultiplexInfoValue</include>
	<width>109</width>
	<height>53</height>
	<aligny>center</aligny>
	<font>Font_FSInfoYear</font>
	<label fallback="-">$INFO[ListItem.Year]</label>
	<textcolor>60ffffff</textcolor>
	</control>
	</control>
	<control type="group"> <!-- Posterlayout / Plotlayout -->
	<visible>Container.Content(movies) + [SubString(skin.string(movies_layout_multiplex),poster) | SubString(skin.string(movies_layout_multiplex),plot)] | Container.Content(musicvideos) + [SubString(skin.string(musicvideos_layout_multiplex),poster) | SubString(skin.string(musicvideos_layout_multiplex),plot)] | Container.Content(tvshows) + [SubString(skin.string(tvshows_layout_multiplex),poster) | SubString(skin.string(tvshows_layout_multiplex),plot)] | Container.Content(seasons) + [SubString(skin.string(seasons_layout_multiplex),poster) | SubString(skin.string(seasons_layout_multiplex),plot)] | Container.Content(episodes) + [SubString(skin.string(episodes_layout_multiplex),poster) | SubString(skin.string(episodes_layout_multiplex),plot)]</visible>
	<control type="group">
	<posy>172</posy>
	<control type="label">
	<include>MultiplexInfoLabel</include>
	<label>$LOCALIZE[31522]:</label>
	</control>
	<control type="label">
	<include>MultiplexInfoValue</include>
	<label fallback="161">$INFO[Container(52).ListItem.Duration] $LOCALIZE[12391]</label>
	<width>285</width>
	<visible>!IsEmpty(ListItem.duration) + !substring(Container(52).ListItem.Duration,min)</visible>
	</control>
	<control type="label">
	<include>MultiplexInfoValue</include>
	<label fallback="161">$INFO[Container(52).ListItem.Duration]</label>
	<width>285</width>
	<visible>!IsEmpty(ListItem.duration) + substring(Container(52).ListItem.Duration,min)</visible>
	</control>
	</control>
	<control type="group">
	<posy>222</posy>
	<control type="label">
	<include>MultiplexInfoLabel</include>
	<label>$LOCALIZE[31032]:</label>
	</control>
	<control type="label">
	<include>MultiplexInfoValue</include>
	<label fallback="161">$INFO[Container(52).ListItem.Genre]</label>
	<width>285</width>
	</control>
	</control>
	<control type="group">
	<posy>272</posy>
	<control type="label">
	<include>MultiplexInfoLabel</include>
	<label>$LOCALIZE[31523]:</label>
	</control>
	<control type="label">
	<include>MultiplexInfoValue</include>
	<label fallback="161">$INFO[Container(52).ListItem.MPAA]</label>
	<width>285</width>
	</control>
	</control>
	<control type="group">
	<posy>322</posy>
	<control type="label">
	<include>MultiplexInfoLabel</include>
	<label>$LOCALIZE[368]:</label>
	</control>
	<control type="label">
	<include>MultiplexInfoValue</include>
	<label fallback="161">$INFO[Container(52).ListItem.RatingAndVotes]</label>
	<width>285</width>
	</control>
	</control>
	</control>
	<control type="group"> <!--fanartlayout-->
	<posx>239</posx>
	<visible>Container.Content(movies) + SubString(skin.string(movies_layout_multiplex),fanart) | Container.Content(musicvideos) + SubString(skin.string(musicvideos_layout_multiplex),fanart) | Container.Content(tvshows) + SubString(skin.string(tvshows_layout_multiplex),fanart) | Container.Content(seasons) + SubString(skin.string(seasons_layout_multiplex),fanart) | Container.Content(episodes) + SubString(skin.string(episodes_layout_multiplex),fanart)</visible>
	<control type="group">
	<posy>22</posy>
	<control type="label">
	<include>MultiplexInfoLabel</include>
	<label>$LOCALIZE[31522]:</label>
	</control>
	<control type="label">
	<include>MultiplexInfoValue</include>
	<label fallback="161">$INFO[Container(52).ListItem.Duration] $LOCALIZE[12391]</label>
	<width>200</width>
	<visible>!IsEmpty(ListItem.duration) + !substring(Container(52).ListItem.Duration,min)</visible>
	</control>
	<control type="label">
	<include>MultiplexInfoValue</include>
	<label fallback="161">$INFO[Container(52).ListItem.Duration]</label>
	<width>200</width>
	<visible>!IsEmpty(ListItem.duration) + substring(Container(52).ListItem.Duration,min)</visible>
	</control>
	</control>
	<control type="group">
	<posy>72</posy>
	<control type="label">
	<include>MultiplexInfoLabel</include>
	<label>$LOCALIZE[31523]:</label>
	</control>
	<control type="label">
	<include>MultiplexInfoValue</include>
	<label fallback="161">$INFO[Container(52).ListItem.MPAA]</label>
	<width>200</width>
	</control>
	</control>
	<control type="group">
	<posy>122</posy>
	<control type="label">
	<include>MultiplexInfoLabel</include>
	<label>$LOCALIZE[368]:</label>
	</control>
	<control type="label">
	<include>MultiplexInfoValue</include>
	<label fallback="161">$INFO[Container(52).ListItem.RatingAndVotes]</label>
	<width>200</width>
	</control>
	</control>
	</control>
	<control type="group"> <!--extrathumbs-->
	<posx>200</posx>
	<posy>15</posy>
	<visible>Container.Content(movies) + SubString(skin.string(movies_layout_multiplex),extrathumbs) | Container.Content(musicvideos) + SubString(skin.string(musicvideos_layout_multiplex),extrathumbs) | Container.Content(tvshows) + SubString(skin.string(tvshows_layout_multiplex),extrathumbs) | Container.Content(seasons) + SubString(skin.string(seasons_layout_multiplex),extrathumbs) | Container.Content(episodes) + SubString(skin.string(episodes_layout_multiplex),extrathumbs)</visible>
	<control type="group">
	<posy>22</posy>
	<control type="label">
	<include>MultiplexInfoLabel</include>
	<label>$LOCALIZE[31046]:</label>
	</control>
	<control type="label">
	<include>MultiplexInfoValue</include>
	<label fallback="161">$INFO[Container(52).ListItem.Director]</label>
	<width>322</width>
	</control>
	</control>
	<control type="group">
	<posy>67</posy>
	<control type="label">
	<include>MultiplexInfoLabel</include>
	<label>$LOCALIZE[31521]:</label>
	</control>
	<control type="label">
	<include>MultiplexInfoValue</include>
	<label fallback="161">$INFO[Container(52).ListItem.Writer]</label>
	<width>322</width>
	</control>
	</control>
	<control type="group">
	<posy>112</posy>
	<control type="label">
	<include>MultiplexInfoLabel</include>
	<label>$LOCALIZE[31028]:</label>
	</control>
	<control type="label">
	<include>MultiplexInfoValue</include>
	<width>322</width>
	<label fallback="161">$INFO[Container(52).ListItem.Year]</label>
	</control>
	</control>
	<control type="group">
	<posy>157</posy>
	<control type="label">
	<include>MultiplexInfoLabel</include>
	<width>285</width>
	<label>$LOCALIZE[31522]:</label>
	</control>
	<control type="label">
	<include>MultiplexInfoValue</include>
	<label fallback="161">$INFO[Container(52).ListItem.Duration] $LOCALIZE[12391]</label>
	<width>322</width>
	<visible>!IsEmpty(ListItem.duration) + !substring(Container(52).ListItem.Duration,min)</visible>
	</control>
	<control type="label">
	<include>MultiplexInfoValue</include>
	<label fallback="161">$INFO[Container(52).ListItem.Duration]</label>
	<width>322</width>
	<visible>!IsEmpty(ListItem.duration) + substring(Container(52).ListItem.Duration,min)</visible>
	</control>
	</control>
	<control type="group">
	<posy>202</posy>
	<control type="label">
	<include>MultiplexInfoLabel</include>
	<label>$LOCALIZE[31032]:</label>
	</control>
	<control type="label">
	<include>MultiplexInfoValue</include>
	<width>322</width>
	<label fallback="161">$INFO[Container(52).ListItem.Genre]</label>
	</control>
	</control>
	<control type="group">
	<posy>247</posy>
	<control type="label">
	<include>MultiplexInfoLabel</include>
	<label>$LOCALIZE[31523]:</label>
	</control>
	<control type="label">
	<include>MultiplexInfoValue</include>
	<width>322</width>
	<label fallback="161">$INFO[Container(52).ListItem.MPAA]</label>
	</control>
	</control>
	<control type="group">
	<posy>292</posy>
	<control type="label">
	<include>MultiplexInfoLabel</include>
	<label>$LOCALIZE[368]:</label>
	</control>
	<control type="label">
	<include>MultiplexInfoValue</include>
	<width>322</width>
	<label fallback="161">$INFO[Container(52).ListItem.RatingAndVotes]</label>
	</control>
	</control>
	</control>
	</control>
	<control type="textbox">
	<posx>425</posx>
	<posy>48</posy>
	<width>458</width>
	<height>330</height>
	<font>Font_MultiplexPlot</font>
	<label>$VAR[value_videoplot]</label>
	<autoscroll delay="8000" time="2000" repeat="8000">!Skin.HasSetting(noallowscroll)</autoscroll>
	<visible>Container.Content(movies) + [SubString(skin.string(movies_layout_multiplex),plot) | SubString(skin.string(movies_layout_multiplex),poster)] | Container.Content(musicvideos) + [SubString(skin.string(musicvideos_layout_multiplex),plot) | SubString(skin.string(musicvideos_layout_multiplex),poster)] | Container.Content(tvshows) + [SubString(skin.string(tvshows_layout_multiplex),plot) | SubString(skin.string(tvshows_layout_multiplex),poster)] | Container.Content(seasons) + [SubString(skin.string(seasons_layout_multiplex),plot) | SubString(skin.string(seasons_layout_multiplex),poster)] | Container.Content(episodes) + [SubString(skin.string(episodes_layout_multiplex),plot) | SubString(skin.string(episodes_layout_multiplex),poster)]</visible>
	</control>
	<control type="textbox">
	<posx>105</posx>
	<posy>206</posy>
	<width>438</width>
	<height>180</height>
	<font>Font_MultiplexPlotSmall</font>
	<label>$VAR[value_videoplot]</label>
	<autoscroll delay="8000" time="2000" repeat="8000">!Skin.HasSetting(noallowscroll)</autoscroll>
	<visible>Container.Content(movies) + SubString(skin.string(movies_layout_multiplex),fanart) | Container.Content(musicvideos) + SubString(skin.string(musicvideos_layout_multiplex),fanart) | Container.Content(tvshows) + SubString(skin.string(tvshows_layout_multiplex),fanart) | Container.Content(seasons) + SubString(skin.string(seasons_layout_multiplex),fanart) | Container.Content(episodes) + SubString(skin.string(episodes_layout_multiplex),fanart)</visible>
	</control>
	<control type="textbox">
	<posx>654</posx>
	<posy>65</posy>
	<width>322</width>
	<height>300</height>
	<font>Font_MultiplexPlot</font>
	<label>$VAR[value_videoplot]</label>
	<autoscroll delay="8000" time="2000" repeat="8000">!Skin.HasSetting(noallowscroll)</autoscroll>
	<visible>Container.Content(movies) + SubString(skin.string(movies_layout_multiplex),extrathumbs) | Container.Content(musicvideos) + SubString(skin.string(musicvideos_layout_multiplex),extrathumbs) | Container.Content(tvshows) + SubString(skin.string(tvshows_layout_multiplex),extrathumbs) | Container.Content(seasons) + SubString(skin.string(seasons_layout_multiplex),extrathumbs) | Container.Content(episodes) + SubString(skin.string(episodes_layout_multiplex),extrathumbs)</visible>
	</control>
	<control type="group"><!--Plot-->
	<posx>905</posx>
	<posy>50</posy>
	<visible>Container.Content(movies) + SubString(skin.string(movies_layout_multiplex),plot) | Container.Content(musicvideos) + SubString(skin.string(musicvideos_layout_multiplex),plot) | Container.Content(tvshows) + SubString(skin.string(tvshows_layout_multiplex),plot) | Container.Content(seasons) + SubString(skin.string(seasons_layout_multiplex),plot) | Container.Content(episodes) + SubString(skin.string(episodes_layout_multiplex),plot)</visible>
	<control type="largeimage">
	<posx>12</posx>
	<posy>1</posy>
	<width>261</width>
	<height>161</height>
	<aspectratio>scale</aspectratio>
	<fadetime>FanartCrossFadeTime</fadetime>
	<texture fallback="DefaultExtraThumbs.png">$INFO[Container(52).ListItem.Path,,extrathumbs/thumb1.jpg]</texture>
	</control>
	<control type="largeimage">
	<posx>12</posx>
	<posy>172</posy>
	<width>261</width>
	<height>161</height>
	<aspectratio>scale</aspectratio>
	<fadetime>FanartCrossFadeTime</fadetime>
	<texture fallback="DefaultExtraThumbs.png">$INFO[Container(52).ListItem.Path,,extrathumbs/thumb2.jpg]</texture>
	</control>
	</control>
	<control type ="group"><!--Poster-->
	<posx>940</posx>
	<posy>52</posy>
	<visible>Container.Content(movies) + SubString(skin.string(movies_layout_multiplex),poster) | Container.Content(musicvideos) + SubString(skin.string(musicvideos_layout_multiplex),poster) | Container.Content(tvshows) + SubString(skin.string(tvshows_layout_multiplex),poster) | Container.Content(seasons) + SubString(skin.string(seasons_layout_multiplex),poster) | Container.Content(episodes) + SubString(skin.string(episodes_layout_multiplex),poster)</visible>
	<control type="image">
	<width>214</width>
	<height>330</height>
	<fadetime>200</fadetime>
	<texture background="true" fallback="DefaultVideo.png" diffuse="thumb_multiplex_mask.png">$VAR[value_poster]</texture>
	<aspectratio scalediffuse="false">stretch</aspectratio>
	</control>
	<control type="image">
	<posx>-12</posx>
	<posy>-12</posy>
	<width>238</width>
	<height>354</height>
	<fadetime>200</fadetime>
	<bordertexture>thumb_multiplex_border.png</bordertexture>
	<texture>common_blank.png</texture>
	</control>
	<control type="image">
	<posx>6</posx>
	<posy>1</posy>
	<width>210</width>
	<height>330</height>
	<fadetime>200</fadetime>
	<texture background="true">thumb_multiplex_glass.png</texture>
	<aspectratio scalediffuse="false">scale</aspectratio>
	<colordiffuse>66FFFFFF</colordiffuse>
	</control>
	</control>
	<control type="group"><!-- Fanart -->
	<posx>575</posx>
	<posy>50</posy>
	<visible>Container.Content(movies) + SubString(skin.string(movies_layout_multiplex),fanart) | Container.Content(musicvideos) + SubString(skin.string(musicvideos_layout_multiplex),fanart) | Container.Content(tvshows) + SubString(skin.string(tvshows_layout_multiplex),fanart) | Container.Content(seasons) + SubString(skin.string(seasons_layout_multiplex),fanart) | Container.Content(episodes) + SubString(skin.string(episodes_layout_multiplex),fanart)</visible>
	<control type="image">
	<posx>7</posx>
	<posy>3</posy>
	<width>593</width>
	<height>330</height>
	<aspectratio>stretch</aspectratio>
	<fadetime>FanartCrossFadeTime</fadetime>
	<texture background="true">$INFO[ListItem.Art(fanart)]</texture>
	<fadetime>FanartCrossFadeTime</fadetime>
	</control>
	<control type="multiimage">
	<posx>7</posx>
	<posy>3</posy>
	<width>593</width>
	<height>330</height>
	<aspectratio>scale</aspectratio>
	<fadetime>FanartCrossFadeTime</fadetime>
	<timeperimage>4000</timeperimage>
	<imagepath background="true">$INFO[Container(52).ListItem.Path,,extrathumbs]</imagepath>
	<visible>Skin.HasSetting(trailerthumbs)</visible>
	<randomize>true</randomize>
	</control>
	</control>
	</control>
	<control type="group">
	<posy>260</posy>
	<visible>Container.Content(movies) + SubString(skin.string(movies_layout_multiplex),extrathumbs) | Container.Content(musicvideos) + SubString(skin.string(musicvideos_layout_multiplex),extrathumbs) | Container.Content(tvshows) + SubString(skin.string(tvshows_layout_multiplex),extrathumbs) | Container.Content(seasons) + SubString(skin.string(seasons_layout_multiplex),extrathumbs) | Container.Content(episodes) + SubString(skin.string(episodes_layout_multiplex),extrathumbs)</visible>
	<control type="group"><!--thumbs right-->
	<visible>Control.IsVisible(109) | Control.HasFocus(9910) | SubString(skin.string(movies_info_multiplex),on) + ![Control.HasFocus(9920) | StringCompare(Container.FolderPath,videodb://1/7/)]</visible>
	<animation effect="fade" start="0" end="100" time="400" delay="5000" condition="![SubString(skin.string(movies_info_multiplex),on)]">WindowOpen</animation>
	<animation effect="slide" time="1000" start="300,0" end="0,0" delay="1000" tween="cubic" easing="inout">WindowOpen</animation>
	<animation effect="slide" time="1000" start="0,0" end="300,0" delay="0" tween="cubic" easing="inout">WindowClose</animation>
	<animation effect="slide" start="350,0" end="0,0" time="700" tween="cubic" easing="inout">VisibleChange</animation>
	<animation effect="rotatey" center="0" end="10" time="0" condition="true">Conditional</animation>
	<posx>937</posx>
	<control type="group">
	<description>Thumbs on Right</description>
	<posy>25</posy>
	<control type="largeimage">
	<posx>-8</posx>
	<posy>11</posy>
	<width>191</width>
	<height>130</height>
	<fadetime>FanartCrossFadeTime</fadetime>
	<texture>thumb_list_tvicon_shadow.png</texture>
	</control>
	<control type="largeimage">
	<posy>20</posy>
	<width>175</width>
	<height>112</height>
	<aspectratio>stretch</aspectratio>
	<fadetime>FanartCrossFadeTime</fadetime>
	<aspectratio scalediffuse="false">stretch</aspectratio>
	<texture diffuse="thumb_list_tvicon_mask.png" fallback="DefaultExtraThumbs.png">$INFO[ListItem.Path,,extrathumbs/thumb4.jpg]</texture>
	<visible>!substring(ListItem.Path,stack)</visible>
	</control>
	<control type="largeimage">
	<posy>20</posy>
	<width>175</width>
	<height>112</height>
	<aspectratio>stretch</aspectratio>
	<fadetime>FanartCrossFadeTime</fadetime>
	<aspectratio scalediffuse="false">stretch</aspectratio>
	<texture diffuse="thumb_list_tvicon_mask.png" fallback="DefaultExtraThumbs.png">$INFO[Skin.String(moviefolder)]$INFO[ListItem.Title,,/extrathumbs/thumb4.jpg]</texture>
	<visible>substring(ListItem.Path,stack)</visible>
	</control>
	<control type="largeimage">
	<posy>20</posy>
	<width>175</width>
	<height>112</height>
	<fadetime>FanartCrossFadeTime</fadetime>
	<texture diffuse="thumb_list_tvicon_mask.png">thumb_list_tvicon_glass.png</texture>
	</control>
	</control>
	<control type="group">
	<posy>-102</posy>
	<control type="largeimage">
	<posx>-8</posx>
	<posy>11</posy>
	<width>191</width>
	<height>130</height>
	<fadetime>FanartCrossFadeTime</fadetime>
	<texture>thumb_list_tvicon_shadow.png</texture>
	</control>
	<control type="largeimage">
	<posy>20</posy>
	<width>175</width>
	<height>112</height>
	<aspectratio>stretch</aspectratio>
	<fadetime>FanartCrossFadeTime</fadetime>
	<aspectratio scalediffuse="false">stretch</aspectratio>
	<texture diffuse="thumb_list_tvicon_mask.png" fallback="DefaultExtraThumbs.png">$INFO[ListItem.Path,,extrathumbs/thumb3.jpg]</texture>
	<visible>!substring(ListItem.Path,stack)</visible>
	</control>
	<control type="largeimage">
	<posy>20</posy>
	<width>175</width>
	<height>112</height>
	<aspectratio>stretch</aspectratio>
	<fadetime>FanartCrossFadeTime</fadetime>
	<aspectratio scalediffuse="false">stretch</aspectratio>
	<texture diffuse="thumb_list_tvicon_mask.png" fallback="DefaultExtraThumbs.png">$INFO[Skin.String(moviefolder)]$INFO[ListItem.Title,,/extrathumbs/thumb3.jpg]</texture>
	<visible>substring(ListItem.Path,stack)</visible>
	</control>
	<control type="largeimage">
	<posy>20</posy>
	<width>175</width>
	<height>112</height>
	<fadetime>FanartCrossFadeTime</fadetime>
	<texture diffuse="thumb_list_tvicon_mask.png">thumb_list_tvicon_glass.png</texture>
	</control>
	</control>
	</control>
	<control type="group"><!--thumbs left-->
	<visible>Control.IsVisible(109) | Control.HasFocus(9910) | SubString(skin.string(movies_info_multiplex),on) + ![Control.HasFocus(9920) | StringCompare(Container.FolderPath,videodb://1/7/)]</visible>
	<animation effect="fade" start="0" end="100" time="400" delay="5000" condition="![SubString(skin.string(movies_info_multiplex),on)]">WindowOpen</animation>
	<animation effect="slide" time="1000" start="-300,0" end="0,0" delay="1000" tween="cubic" easing="inout">WindowOpen</animation>
	<animation effect="slide" time="1000" start="0,0" end="-300,0" delay="0" tween="cubic" easing="inout">WindowClose</animation>
	<animation effect="slide" start="-350,0" end="0,0" time="700" tween="cubic" easing="inout">VisibleChange</animation>
	<animation effect="rotatey" center="0" end="-10" time="0" condition="true">Conditional</animation>
	<posx>15</posx>
	<control type="group"> 
	<description>Thumbs on left</description>
	<posy>5</posy>
	<control type="largeimage">
	<posx>-10</posx>
	<posy>8</posy>
	<width>261</width>
	<height>179</height>
	<fadetime>FanartCrossFadeTime</fadetime>
	<texture>thumb_list_tvicon_shadow.png</texture>
	</control>
	<control type="largeimage">
	<posy>20</posy>
	<width>240</width>
	<height>154</height>
	<aspectratio>stretch</aspectratio>
	<fadetime>FanartCrossFadeTime</fadetime>
	<aspectratio scalediffuse="false">stretch</aspectratio>
	<texture diffuse="thumb_list_tvicon_mask.png" fallback="DefaultExtraThumbs.png">$INFO[ListItem.Path,,extrathumbs/thumb2.jpg]</texture>
	<visible>!substring(ListItem.Path,stack)</visible>
	</control>
	<control type="largeimage">
	<posy>20</posy>
	<width>240</width>
	<height>154</height>
	<aspectratio>stretch</aspectratio>
	<fadetime>FanartCrossFadeTime</fadetime>
	<aspectratio scalediffuse="false">stretch</aspectratio>
	<texture diffuse="thumb_list_tvicon_mask.png" fallback="DefaultExtraThumbs.png">$INFO[Skin.String(moviefolder)]$INFO[ListItem.Title,,/extrathumbs/thumb2.jpg]</texture>
	<visible>substring(ListItem.Path,stack)</visible>
	</control>
	<control type="largeimage">
	<posy>20</posy>
	<width>240</width>
	<height>154</height>
	<fadetime>FanartCrossFadeTime</fadetime>
	<texture diffuse="thumb_list_tvicon_mask.png">thumb_list_tvicon_glass.png</texture>
	</control>
	</control>
	<control type="group">
	<posy>-170</posy>
	<control type="largeimage">
	<posx>-10</posx>
	<posy>8</posy>
	<width>261</width>
	<height>179</height>
	<fadetime>FanartCrossFadeTime</fadetime>
	<texture>thumb_list_tvicon_shadow.png</texture>
	</control>
	<control type="largeimage">
	<posy>20</posy>
	<width>240</width>
	<height>154</height>
	<aspectratio>stretch</aspectratio>
	<fadetime>FanartCrossFadeTime</fadetime>
	<aspectratio scalediffuse="false">stretch</aspectratio>
	<texture diffuse="thumb_list_tvicon_mask.png" fallback="DefaultExtraThumbs.png">$INFO[ListItem.Path,,extrathumbs/thumb1.jpg]</texture>
	<visible>!substring(ListItem.Path,stack)</visible>
	</control>
	<control type="largeimage">
	<posy>20</posy>
	<width>240</width>
	<height>154</height>
	<aspectratio>stretch</aspectratio>
	<fadetime>FanartCrossFadeTime</fadetime>
	<aspectratio scalediffuse="false">stretch</aspectratio>
	<texture diffuse="thumb_list_tvicon_mask.png" fallback="DefaultExtraThumbs.png">$INFO[Skin.String(moviefolder)]$INFO[ListItem.Title,,/extrathumbs/thumb1.jpg]</texture>
	<visible>substring(ListItem.Path,stack)</visible>
	</control>
	<control type="largeimage">
	<posy>20</posy>
	<width>240</width>
	<height>154</height>
	<fadetime>FanartCrossFadeTime</fadetime>
	<texture diffuse="thumb_list_tvicon_mask.png">thumb_list_tvicon_glass.png</texture>
	</control>
	</control>
	</control>
	</control>
	</include>

	<!-- Genre -->
	<include name="movie_genre_Multiplex_image_mod">
	<posx>6</posx>
	<posy>0</posy>
	<width>107</width>
	<height>165</height>
	<fadetime>200</fadetime>
	<visible>Container.Content(genres)</visible>
	</include>
	<include name="movie_genre_Multiplex_image_ref_mod">
	<include>MultiplexIconDimensionsWrapReflect</include>
	<visible>Container.Content(genres)</visible>
	</include>
	<include name="MultiplexIconDimensionsWrap">
	<posx>6</posx>
	<posy>0</posy>
	<width>107</width>
	<height>165</height>
	<fadetime>200</fadetime>
	</include>
	<include name="MultiplexIconDimensionsWrapReflect">
	<posx>6</posx>
	<posy>165</posy>
	<width>107</width>
	<height>165</height>
	<colordiffuse>FFFFFFFF</colordiffuse>
	<fadetime>200</fadetime>
	</include>
	<include name="WatchedOverlayMultiplexPoster">
	<posx>74</posx>
	<posy>0</posy>
	<width>40</width>
	<height>40</height>
	</include>
	<include name="WatchedOverlayMultiplexPosterDVD">
	<posx>80</posx>
	<posy>15</posy>
	<width>30</width>
	<height>30</height>
	</include>
	<include name="MultiplexIconDimensionsWrap">
	<posx>6</posx>
	<posy>0</posy>
	<width>107</width>
	<height>165</height>
	<fadetime>200</fadetime>
	</include>
	<include name="MultiplexIconDimensionsTVWrap">
	<posx>4</posx>
	<posy>0</posy>
	<width>204</width>
	<height>114</height>
	</include>
	<include name="MultiplexIconDimensionsTVWrapReflect">
	<posx>4</posx>
	<posy>113</posy>
	<width>204</width>
	<height>114</height>
	<colordiffuse>aaFFFFFF</colordiffuse>
	</include>
	<include name="MultiplexInfoLabel">
	<posx>0</posx>
	<posy>0</posy>
	<height>13</height>
	<font>Font_MultiplexInfoLabel</font>
	<textcolor>$VAR[value_headercolors]</textcolor>
	</include>
	<include name="MultiplexInfoLabelTV">
	<posx>0</posx>
	<posy>0</posy>
	<height>13</height>
	<font>Font_MultiplexInfoLabel</font>
	<textcolor>$VAR[value_headercolors]</textcolor>
	<width>380</width>
	</include>
	<include name="MultiplexInfoValue">
	<posx>0</posx>
	<posy>17</posy>
	<height>13</height>
	<font>Font_MultiplexInfoLabel</font>
	<textcolor>FFFFFFFF</textcolor>
	<scroll>true</scroll>
	</include>
	<include name="MultiplexInfoValueTV">
	<posx>0</posx>
	<posy>17</posy>
	<height>13</height>
	<font>Font_MultiplexInfoLabel</font>
	<textcolor>FFFFFFFF</textcolor>
	<width>380</width>
	<scrollout>false</scrollout>
	</include>
	<include name="MultiplexPosterCovers">
	<control type="group">
	<animation effect="zoom" center="56,70" start="100" end="120" time="200" tween="cubic" easing="inout">Focus</animation>
	<animation effect="zoom" center="56,70" start="120" end="100" time="200" tween="cubic" easing="inout">Unfocus</animation>
	<visible>!Skin.HasSetting(videomediacase)</visible>
	<control type="image"><!-- thumb -->
	<include>MultiplexIconDimensionsWrap</include>
	<texture background="true" diffuse="thumb_multiplex_mask.png">$VAR[value_poster]</texture>
	<aspectratio scalediffuse="false">scale</aspectratio>
	</control>
	<control type="image"><!-- genre builtin icon -->
	<include>movie_genre_Multiplex_image_mod</include>
	<texture diffuse="thumb_poster_mask.png" fallback="DefaultMovieGenre.jpg">moviegenre/$INFO[ListItem.Label].jpg</texture>
	<visible>!Skin.HasSetting(nomoviegenrebuiltin)</visible>
	</control>
	<control type="image"><!-- genre custom icon -->
	<include>movie_genre_Multiplex_image_mod</include>
	<texture diffuse="thumb_poster_mask.png" fallback="DefaultMovieGenre.jpg">$INFO[Skin.String(CustomVideoGenreIcon)]/$INFO[ListItem.Label].jpg</texture>
	<visible>Skin.HasSetting(nomoviegenrebuiltin)</visible>
	</control>
	<control type="image"><!-- genre reflect builtin -->
	<include>movie_genre_Multiplex_image_ref_mod</include>
	<texture flipy="true" diffuse="thumb_poster_mask_reflect.png" fallback="DefaultMovieGenre.jpg">moviegenre/$INFO[ListItem.Label].jpg</texture>
	<visible>!Skin.HasSetting(nomoviegenrebuiltin)</visible>
	</control>
	<control type="image"><!-- genre reflect custom -->
	<include>movie_genre_Multiplex_image_ref_mod</include>
	<texture flipy="true" diffuse="thumb_poster_mask_reflect.png" fallback="DefaultMovieGenre.jpg">$INFO[Skin.String(CustomVideoGenreIcon)]/$INFO[ListItem.Label].jpg</texture>
	<visible>Skin.HasSetting(nomoviegenrebuiltin)</visible>
	</control>
	<control type="image">
	<include>MultiplexIconDimensionsWrap</include>
	<bordertexture border="-17">thumb_multiplex_border.png</bordertexture>
	<texture>common_blank.png</texture>
	</control>
	<control type="image">
	<include>MultiplexIconDimensionsWrap</include>
	<texture background="true">thumb_multiplex_glass.png</texture>
	<aspectratio scalediffuse="false">scale</aspectratio>
	</control>
	<control type="image"><!-- thumb Reflect -->
	<include>MultiplexIconDimensionsWrapReflect</include>
	<texture background="true" flipy="true" diffuse="thumb_multiplex_maskreflect.png">$VAR[value_poster]</texture>
	<aspectratio scalediffuse="false">scale</aspectratio>
	</control>
	<control type="image">
	<include>WatchedOverlayMultiplexPoster</include>
	<include>detailcolornofocus</include>
	<info>ListItem.Overlay</info>
	<visible>!Skin.HasSetting(nooverlays)</visible>
	</control>
	</control>
	</include>
	<include name="MultiplexDVDCovers">
	<control type="group">
	<visible>Skin.HasSetting(videomediacase)</visible>
	<animation effect="zoom" center="56,80" start="100" end="125" time="200" tween="cubic" easing="inout">Focus</animation>
	<animation effect="zoom" center="56,80" start="125" end="100" time="200" tween="cubic" easing="inout">Unfocus</animation>
	<control type="group">
	<control type="largeimage">
	<posx>16</posx>
	<posy>18</posy>
	<width>93</width>
	<height>138</height>
	<fadetime>200</fadetime>
	<texture>$VAR[value_poster]</texture>
	<aspectratio scalediffuse="false">scale</aspectratio>
	</control>
	<control type="image"><!--default-->
	<posx>7</posx>
	<posy>-1</posy>
	<width>112</width>
	<height>170</height>
	<fadetime>200</fadetime>
	<texture background="true">$VAR[Furniture_VideoCase0]</texture>
	<aspectratio scalediffuse="false">stretch</aspectratio>
	</control>
	<control type="image"><!--codec-->
	<posx>48</posx>
	<posy>-3</posy>
	<width>29</width>
	<height>29</height>
	<align>center</align>
	<aligny>center</aligny>
	<texture>$VAR[Furniture_VideoCodec0]</texture>
	<aspectratio scalediffuse="false">keep</aspectratio>
	</control>
	<control type="image">
	<posx>11</posx>
	<posy>150</posy>
	<width>102</width>
	<height>131</height>
	<colordiffuse>CCFFFFFF</colordiffuse>
	<fadetime>200</fadetime>
	<texture>thumb_box_poster_glass_reflect.png</texture>
	<aspectratio scalediffuse="false">stretch</aspectratio>
	</control>
	<control type="largeimage">
	<posx>16</posx>
	<posy>168</posy>
	<width>92</width>
	<height>138</height>
	<colordiffuse>CCFFFFFF</colordiffuse>
	<fadetime>200</fadetime>
	<texture background="true" flipy="true" diffuse="thumb_poster_mask_reflect1.png">$VAR[value_poster]</texture>
	<aspectratio scalediffuse="false">scale</aspectratio>
	</control>
	<control type="image">
	<include>WatchedOverlayMultiplexPosterDVD</include>
	<include>detailcolornofocus</include>
	<info>ListItem.Overlay</info>
	<visible>!Skin.HasSetting(nooverlays)</visible>
	</control>
	</control>
	</control>
	</include>

	<!-- List Content -->
	<include name="MultiplexPosterFixedList">
	<control type="fixedlist" id="52">
	<viewtype label="31803">wrap</viewtype>
	<posx>-25</posx>
	<posy>468</posy>
	<width>1305</width>
	<height>300</height>
	<pagecontrol>60</pagecontrol>
	<onleft>52</onleft>
	<onright>52</onright>
	<onup condition="Container.Content(movies) + [SubString(skin.string(movies_info_multiplex),off) | SubString(skin.string(movies_info_multiplex),on) | SubString(skin.string(movies_info_multiplex),auto)]">9900</onup>
	<onup condition="Container.Content(movies) + SubString(skin.string(movies_info_multiplex),trigger)">9910</onup>
	<onup condition="Container.Content(musicvideos) + [SubString(skin.string(musicvideos_info_multiplex),off) | SubString(skin.string(musicvideos_info_multiplex),on) | SubString(skin.string(musicvideos_info_multiplex),auto)]">9900</onup>
	<onup condition="Container.Content(musicvideos) + SubString(skin.string(musicvideos_info_multiplex),trigger)">9910</onup>
	<onup condition="Container.Content(tvshows) + [SubString(skin.string(tvshows_info_multiplex),off) | SubString(skin.string(tvshows_info_multiplex),on) | SubString(skin.string(tvshows_info_multiplex),auto)]">9900</onup>
	<onup condition="Container.Content(tvshows) + SubString(skin.string(tvshows_info_multiplex),trigger)">9910</onup>
	<onup condition="Container.Content(seasons) + [SubString(skin.string(seasons_info_multiplex),off) | SubString(skin.string(seasons_info_multiplex),on) | SubString(skin.string(seasons_info_multiplex),auto)]">9900</onup>
	<onup condition="Container.Content(seasons) + SubString(skin.string(seasons_info_multiplex),trigger)">9910</onup>
	<onup condition="Container.Content(files) + [SubString(skin.string(files_info_multiplex),off) | SubString(skin.string(files_info_multiplex),on) | SubString(skin.string(files_info_multiplex),auto)]">9900</onup>
	<onup condition="Container.Content(files) + SubString(skin.string(files_info_multiplex),trigger)">9910</onup>
	<ondown>60</ondown>
	<orientation>horizontal</orientation>
	<focusposition>5</focusposition>
	<scrolltime>300</scrolltime>
	<preloaditems>2</preloaditems>
	<include>Animation_HideShowcase</include>
	<visible>!Container.Content(episodes)</visible>
	<itemlayout width="120" height="300">
	<include>MultiplexPosterCovers</include>
	<include>MultiplexDVDCovers</include>
	</itemlayout>
	<focusedlayout width="120" height="300">
	<include>MultiplexPosterCovers</include>
	<include>MultiplexDVDCovers</include>
	</focusedlayout>
	</control>
	</include>
	<include name="MultiplexPosterWrapList">
	<control type="wraplist" id="52">
	<viewtype label="31803">wrap</viewtype>
	<posx>-25</posx>
	<posy>468</posy>
	<width>1320</width>
	<height>300</height>
	<pagecontrol>60</pagecontrol>
	<onleft>52</onleft>
	<onright>52</onright>
	<onup condition="Container.Content(movies) + [SubString(skin.string(movies_info_multiplex),off) | SubString(skin.string(movies_info_multiplex),on) | SubString(skin.string(movies_info_multiplex),auto)]">9900</onup>
	<onup condition="Container.Content(movies) + SubString(skin.string(movies_info_multiplex),trigger)">9910</onup>
	<onup condition="Container.Content(musicvideos) + [SubString(skin.string(musicvideos_info_multiplex),off) | SubString(skin.string(musicvideos_info_multiplex),on) | SubString(skin.string(musicvideos_info_multiplex),auto)]">9900</onup>
	<onup condition="Container.Content(musicvideos) + SubString(skin.string(musicvideos_info_multiplex),trigger)">9910</onup>
	<onup condition="Container.Content(tvshows) + [SubString(skin.string(tvshows_info_multiplex),off) | SubString(skin.string(tvshows_info_multiplex),on) | SubString(skin.string(tvshows_info_multiplex),auto)]">9900</onup>
	<onup condition="Container.Content(tvshows) + SubString(skin.string(tvshows_info_multiplex),trigger)">9910</onup>
	<onup condition="Container.Content(seasons) + [SubString(skin.string(seasons_info_multiplex),off) | SubString(skin.string(seasons_info_multiplex),on) | SubString(skin.string(seasons_info_multiplex),auto)]">9900</onup>
	<onup condition="Container.Content(seasons) + SubString(skin.string(seasons_info_multiplex),trigger)">9910</onup>
	<onup condition="Container.Content(files) + [SubString(skin.string(files_info_multiplex),off) | SubString(skin.string(files_info_multiplex),on) | SubString(skin.string(files_info_multiplex),auto)]">9900</onup>
	<onup condition="Container.Content(files) + SubString(skin.string(files_info_multiplex),trigger)">9910</onup>
	<ondown>60</ondown>
	<orientation>horizontal</orientation>
	<focusposition>5</focusposition>
	<scrolltime>300</scrolltime>
	<preloaditems>2</preloaditems>
	<include>Animation_HideShowcase</include>
	<visible>!Container.Content(episodes)</visible>
	<itemlayout width="120" height="300">
	<include>MultiplexPosterCovers</include>
	<include>MultiplexDVDCovers</include>
	</itemlayout>
	<focusedlayout width="120" height="300">
	<include>MultiplexPosterCovers</include>
	<include>MultiplexDVDCovers</include>
	</focusedlayout>
	</control>
	</include>

	<!-- View Content -->
	<include name="ViewMultiplexVideo">
	<control type="group">
	<visible>Control.IsVisible(52)</visible>
	<include>Animation_VisibleHiddenZoom</include>
	<include>Animation_OpenCloseZoom</include>
	<control type="group">
	<posy>110</posy>
	</control>
	<include>MultiplexInfoPaneVideo</include>
	<include condition="Skin.HasSetting(multiplexfixedlist)">MultiplexPosterFixedList</include>
	<include condition="!Skin.HasSetting(multiplexfixedlist)">MultiplexPosterWrapList</include>
	<control type="scrollbar" id="60">
	<include>ScrollBar_Horizontal</include>
	<posx>305</posx>
	<posy>663</posy>
	<width>670</width>
	<onup>SetFocus(52)</onup>
	<ondown>9920</ondown>
	<onleft>60</onleft>
	<onright>60</onright>
	<include>Animation_HideShowcase</include>
	<include>Animation_CommonFade</include>
	<visible allowhiddenfocus="true">Control.IsVisible(52) + Control.HasFocus(60)</visible>
	</control>
	</control>
	</include>
	<include name="Music_MultiplexInfoLabel">
	<posx>0</posx>
	<posy>0</posy>
	<width>505</width>
	<height>13</height>
	<font>Font_MultiplexInfoLabel</font>
	<textcolor>$VAR[value_headercolors]</textcolor>
	</include>
	<include name="Music_MultiplexInfoValue">
	<posx>0</posx>	
	<posy>17</posy>
	<width>505</width>
	<height>13</height>
	<font>Font_MultiplexInfoLabel</font>
	<textcolor>FFFFFFFF</textcolor>
	<scroll>true</scroll>
	<scrollout>false</scrollout>
	</include>

	<include name="MultiplexInfoPaneMusic">
	<control type="group">
	<posx>0</posx>
	<posy>65</posy>
	<width>1280</width>
	<height>381</height>
	<visible>Control.IsVisible(109) | Control.HasFocus(9910) | [Container.Content(songs) + SubString(skin.string(songs_info_multiplex),on) | Container.Content(albums) + SubString(skin.string(albums_info_multiplex),on) | Container.Content(artists) + SubString(skin.string(artists_info_multiplex),on) | Container.Content(files) + SubString(skin.string(files_info_multiplex),on)] + !Control.HasFocus(9920)</visible>
	<animation effect="fade" start="0" end="100" time="400" delay="5000" condition="![SubString(skin.string(songs_info_multiplex),on) | SubString(skin.string(albums_info_multiplex),on) | SubString(skin.string(artists_info_multiplex),on) | SubString(skin.string(files_info_multiplex),on)]">WindowOpen</animation>
	<animation effect="fade" end="0" time="200">WindowClose</animation>
	<include>Animation_InfoPanelSlide</include>
	<control type="image">
	<posy>-65</posy>
	<width>1280</width>
	<height>65</height>
	<texture>common_black.png</texture>
	<animation effect="fade" end="85" condition="true">Conditional</animation>
	</control>
	<control type="image">
	<posy>0</posy>
	<width>1280</width>
	<height>384</height>
	<colordiffuse>c3FFFFFF</colordiffuse>
	<texture>common_black.png</texture>
	<animation effect="fade" start="100" end="20" time="200" condition="!Skin.HasSetting(nomultiplexthin)">Conditional</animation>
	</control>
	<control type="image">
	<posy>0</posy>
	<width>1280</width>
	<height>384</height>
	<colordiffuse>d3FFFFFF</colordiffuse>
	<texture>common_black.png</texture>
	</control>
	<control type="image">
	<posx>586</posx>
	<posy>1</posy>
	<width>2</width>
	<height>386</height>
	<texture>panel_vertical_separator.png</texture>
	</control>
	<control type="image">
	<posx>0</posx>
	<posy>0</posy>
	<width>1280</width>
	<height>2</height>
	<texture>panel_horizontal_separator.png</texture>
	</control>
	<control type="image">
	<posx>0</posx>
	<posy>383</posy>
	<width>1280</width>
	<height>2</height>
	<texture>panel_horizontal_separator.png</texture>
	</control>
	<control type="image">
	<posx>0</posx>
	<posy>453</posy>
	<width>1280</width>
	<height>2</height>
	<texture>panel_horizontal_separator.png</texture>
	</control>
	<!-- Album/Artist/Song Info -->
	<control type="group">
	<posx>45</posx>
	<posy>0</posy>
	<width>695</width>
	<height>569</height>
	<control type="group">
	<animation effect="fade" start="0" end="100" time="100" condition="Control.HasFocus(52)">Conditional</animation>
	<control type="label">
	<posx>0</posx>
	<posy>-65</posy>
	<width>1180</width>
	<height>71</height>
	<aligny>center</aligny>
	<font>Font_MultiplexMainLabel</font>
	<label>$INFO[ListItem.Artist]</label>
	<include>Music_Animation_HideShowcase</include>
	<visible>Container.Content(albums)</visible>
	</control>
	<control type="image">
	<posx>-45</posx>
	<posy>-65</posy>
	<width>1280</width>
	<height>56</height>
	<texture flipy="true">showcase_gradient.png</texture>
	<include>Music_Animation_HideShowcase</include>
	<visible>Control.IsVisible(52)</visible>
	</control>
	</control>
	<control type="group">
	<posy>22</posy>
	<control type="label">
	<include>Music_MultiplexInfoLabel</include>
	<label>$VAR[value_multiplexaudioinfo_label1]</label>
	</control>
	<control type="label">
	<include>Music_MultiplexInfoValue</include>
	<label fallback="161">$VAR[value_multiplexaudioinfo_value1]</label>
	</control>
	</control>
	<control type="group">
	<posy>72</posy>
	<control type="label">
	<include>Music_MultiplexInfoLabel</include>
	<label>$VAR[value_multiplexaudioinfo_label2]</label>
	</control>
	<control type="label">
	<include>Music_MultiplexInfoValue</include>
	<label fallback="161">$VAR[value_multiplexaudioinfo_value2]</label>
	</control>
	</control>
	<control type="group">
	<posy>122</posy>
	<control type="label">
	<include>Music_MultiplexInfoLabel</include>
	<label>$VAR[value_multiplexaudioinfo_label3]</label>
	</control>
	<control type="label">
	<include>Music_MultiplexInfoValue</include>
	<label fallback="161">$VAR[value_multiplexaudioinfo_value3]</label>
	</control>
	</control>
	<control type="group">
	<posy>172</posy>
	<control type="label">
	<include>Music_MultiplexInfoLabel</include>
	<label>$VAR[value_multiplexaudioinfo_label4]</label>
	</control>
	<control type="label">
	<include>Music_MultiplexInfoValue</include>
	<label fallback="161">$VAR[value_multiplexaudioinfo_value4]</label>
	</control>
	</control>
	<control type="group">
	<posy>222</posy>
	<control type="label">
	<include>Music_MultiplexInfoLabel</include>
	<label>$VAR[value_multiplexaudioinfo_label5]</label>
	</control>
	<control type="image">
	<description>IMDB rating</description>
	<posx>-5</posx>
	<posy>20</posy>
	<width>190</width>
	<height>35</height>
	<info>ListItem.StarRating</info>
	<colordiffuse>dcbdbdbd</colordiffuse>
	<visible>Container.Content(songs)</visible>
	</control>
	<control type="label">
	<include>Music_MultiplexInfoValue</include>
	<label fallback="161">$VAR[value_multiplexaudioinfo_value5]</label>
	<visible>!Container.Content(songs)</visible>
	</control>
	</control>
	<control type="group">
	<visible>!Container.Content(songs)</visible>
	<posy>272</posy>
	<control type="label">
	<include>Music_MultiplexInfoLabel</include>
	<label>$VAR[value_multiplexaudioinfo_label6]</label>
	</control>
	<control type="label">
	<include>Music_MultiplexInfoValue</include>
	<label fallback="161">$VAR[value_multiplexaudioinfo_value6]</label>
	</control>
	</control>
	<control type="group">
	<posy>322</posy>
	<control type="label">
	<include>Music_MultiplexInfoLabel</include>
	<label>$VAR[value_multiplexaudioinfo_label7]</label>
	<visible>!Container.Content(songs)</visible>
	</control>
	<control type="image">
	<description>IMDB rating</description>
	<posx>-5</posx>
	<posy>20</posy>
	<width>190</width>
	<height>35</height>
	<info>ListItem.StarRating</info>
	<colordiffuse>dcbdbdbd</colordiffuse>
	<visible>Container.Content(albums) | Container.Content(files)</visible>
	</control>
	<control type="label">
	<include>Music_MultiplexInfoValue</include>
	<label fallback="161">$VAR[value_multiplexaudioinfo_value7]</label>
	<visible>Container.Content(artists)</visible>
	</control>
	</control>
	</control>

	<!-- ListItem.icon -->
	<control type="group">
	<posx>600</posx>
	<posy>18</posy>
	<visible>IsEmpty(ListItem.Art(fanart))</visible>
	<control type="image">
	<posx>0</posx>
	<posy>0</posy>
	<width>351</width>
	<height>351</height>
	<texture>common_black.png</texture>
	<colordiffuse>94FFFFFF</colordiffuse>
	<animation effect="fade" start="50" end="50" time="0" condition="Skin.HasSetting(nodarkfloor)">Conditional</animation>
	</control>
	<control type="image">
	<posx>2</posx>
	<posy>2</posy>
	<width>347</width>
	<height>347</height>
	<aspectratio>scale</aspectratio>
	<fadetime>FanartCrossFadeTime</fadetime>
	<texture fallback="DefaultVideoPoster.png" background="true">$VAR[value_poster]</texture>
	</control>
	<!-- description -->
	<control type="image">
	<posx>355</posx>
	<posy>0</posy>
	<width>315</width>
	<height>351</height>
	<texture>common_black.png</texture>
	<colordiffuse>b6FFFFFF</colordiffuse>
	</control>
	<control type="textbox">
	<posx>365</posx>
	<posy>2</posy>
	<width>305</width>
	<height>341</height>
	<font>Font_MultiplexPlot</font>
	<label>$VAR[value_videoplot]</label>
	<autoscroll delay="8000" time="2000" repeat="8000">!Skin.HasSetting(noallowscroll)</autoscroll>
	</control>
	</control>
	<!-- Fanart -->
	<control type="group">
	<posx>625</posx>
	<posy>18</posy>
	<visible>!IsEmpty(ListItem.Art(fanart))</visible>
	<control type="image">
	<posx>0</posx>
	<posy>0</posy>
	<width>617</width>
	<height>351</height>
	<texture>common_black.png</texture>
	<colordiffuse>94FFFFFF</colordiffuse>
	<animation effect="fade" start="50" end="50" time="0" condition="Skin.HasSetting(nodarkfloor)">Conditional</animation>
	</control>
	<control type="image">
	<posx>2</posx>
	<posy>2</posy>
	<width>613</width>
	<height>347</height>
	<aspectratio>scale</aspectratio>
	<fadetime>FanartCrossFadeTime</fadetime>
	<texture background="true">$INFO[ListItem.Art(fanart)]</texture>
	</control>
	<!-- description -->
	<control type="image">
	<posx>2</posx>
	<posy>194</posy>
	<width>613</width>
	<height>155</height>
	<texture>common_black.png</texture>
	<colordiffuse>b6FFFFFF</colordiffuse>
	<visible>!IsEmpty(Container(52).ListItem.Property(description))</visible>
	</control>
	<control type="textbox">
	<visible>!IsEmpty(Container(52).ListItem.Property(description))</visible>
	<posx>12</posx>
	<posy>196</posy>
	<width>589</width>
	<height>150</height>
	<font>Font_MultiplexPlot</font>
	<info>Container(52).ListItem.Property(description)</info>
	<autoscroll delay="8000" time="2000" repeat="8000">!Skin.HasSetting(noallowscroll)</autoscroll>
	</control>
	</control>
	</control>
	</include>
	<include name="Music_Animation_HideShowcase">
	<animation type="Conditional" reversible="true" condition="Control.HasFocus(9920)">
	<effect type="slide" start="0,0" end="0,283" time="400" tween="cubic" easing="in" />
	</animation>
	</include>
	<include name="ViewMultiplexAudio">
	<control type="group">
	<visible>Control.IsVisible(52)</visible>
	<include>Animation_VisibleHiddenZoom</include>
	<include>Animation_OpenCloseZoom</include>
	<include>MultiplexInfoPaneMusic</include>
	<control type="image">
	<posy>448</posy>
	<width>1280</width>
	<height>155</height>
	<texture background="true">multiplex_base.png</texture>
	<include>Music_Animation_HideShowcase</include>
	<visible>[Window.IsActive(musiclibrary) | Window.IsActive(musicfiles)] + Control.IsVisible(52)</visible>
	</control>
	<control type="wraplist" id="52">
	<viewtype label="31803">wrap</viewtype>
	<posx>60</posx>
	<posy>534</posy>
	<width>1157</width>
	<height>169</height>
	<pagecontrol>60</pagecontrol>
	<onleft>52</onleft>
	<onright>52</onright>
	<onup condition="Container.Content(songs) + [SubString(skin.string(songs_info_multiplex),off) | SubString(skin.string(songs_info_multiplex),on) | SubString(skin.string(songs_info_multiplex),auto)]">9900</onup>
	<onup condition="Container.Content(songs) + SubString(skin.string(songs_info_multiplex),trigger)">9910</onup>
	<onup condition="Container.Content(albums) + [SubString(skin.string(albums_info_multiplex),off) | SubString(skin.string(albums_info_multiplex),on) | SubString(skin.string(albums_info_multiplex),auto)]">9900</onup>
	<onup condition="Container.Content(albums) + SubString(skin.string(albums_info_multiplex),trigger)">9910</onup>
	<onup condition="Container.Content(artists) + [SubString(skin.string(artists_info_multiplex),off) | SubString(skin.string(artists_info_multiplex),on) | SubString(skin.string(artists_info_multiplex),auto)]">9900</onup>
	<onup condition="Container.Content(artists) + SubString(skin.string(artists_info_multiplex),trigger)">9910</onup>
	<onup condition="Container.Content(files) + [SubString(skin.string(files_info_multiplex),off) | SubString(skin.string(files_info_multiplex),on) | SubString(skin.string(files_info_multiplex),auto)]">9900</onup>
	<onup condition="Container.Content(files) + SubString(skin.string(files_info_multiplex),trigger)">9910</onup>
	<onup condition="![Container.Content(songs) | Container.Content(albums) | Container.Content(artists) | Container.Content(files)]">9900</onup>
	<ondown>60</ondown>
	<orientation>horizontal</orientation>
	<focusposition>4</focusposition>
	<scrolltime>200</scrolltime>
	<include>Music_Animation_HideShowcase</include>
	<animation effect="slide" start="0,0" end="0,-15" time="400" easing="inout" tween="cubic" condition="Control.HasFocus(60) | Control.HasFocus(9920)">Conditional</animation>
	<itemlayout width="129" height="129">
	<control type="image">
	<posx>0</posx>
	<posy>20</posy>
	<width>130</width>
	<height>129</height>
	<texture>common_black.png</texture>
	</control>
	<control type="image">
	<visible>!Container.Content(genres) | Skin.HasSetting(MusicGenreOff)</visible>
	<posx>0</posx>
	<posy>20</posy>
	<width>130</width>
	<height>129</height>
	<aspectratio scalediffuse="false">stretch</aspectratio>
	<texture fallback="DefaultVideo.png" background="true">$VAR[value_poster]</texture>
	</control>
	<control type="largeimage"><!-- genre builtin icon -->
	<posx>0</posx>
	<posy>20</posy>
	<width>130</width>
	<height>129</height>
	<aspectratio scalediffuse="false">stretch</aspectratio>
	<texture diffuse="thumb_cdcover_mask.png" fallback="DefaultMusicGenre.jpg">$VAR[value_musicgenre_icon]</texture>
	<visible>Container.Content(genres)</visible>
	</control>
	<control type="image">
	<posx>0</posx>
	<posy>20</posy>
	<width>130</width>
	<height>129</height>
	<texture>common_black.png</texture>
	<colordiffuse>58FFFFFF</colordiffuse>
	</control>
	</itemlayout>
	<focusedlayout width="129" height="129">
	<control type="image">
	<posx>0</posx>
	<posy>20</posy>
	<width>130</width>
	<height>129</height>
	<texture>common_black.png</texture>
	<animation effect="zoom" center="45,75" start="100" end="120" time="400" easing="out" tween="cubic" reversible="false">Focus</animation>
	</control>
	<control type="image">
	<visible>!Container.Content(genres) | Skin.HasSetting(MusicGenreOff)</visible>
	<posx>0</posx>
	<posy>20</posy>
	<width>130</width>
	<height>129</height>
	<aspectratio scalediffuse="false">stretch</aspectratio>
	<texture fallback="DefaultVideoPoster.png" background="true">$VAR[value_poster]</texture>
	<bordertexture border="-28">thumb_multiplex_iconframe.png</bordertexture>
	<animation effect="zoom" center="45,75" start="100" end="120" time="400" easing="out" tween="cubic" reversible="false">Focus</animation>
	</control>
	<control type="image"><!-- genre reflect builtin -->
	<posx>0</posx>
	<posy>20</posy>
	<width>130</width>
	<height>129</height>
	<aspectratio scalediffuse="false">stretch</aspectratio>
	<bordertexture border="-28">multiplex2/multiplex2_iconframe.png</bordertexture>
	<animation effect="zoom" center="45,75" start="100" end="120" time="400" easing="out" tween="cubic" reversible="false">Focus</animation>
	<texture diffuse="thumb_cdcover_mask.png" fallback="DefaultMusicGenre.jpg">$VAR[value_musicgenre_icon]</texture>
	<visible>Container.Content(genres)</visible>
	</control>
	</focusedlayout>
	</control>
	<control type="group">
	<control type="label">
	<posx>50</posx>
	<posy>447</posy>
	<width>1180</width>
	<height>71</height>
	<aligny>center</aligny>
	<align>center</align>
	<font>Font_MultiplexMainLabel</font>
	<label>$INFO[Container(52).ListItem.Label]</label>
	<include>Music_Animation_HideShowcase</include>
	</control>
	<control type="image">
	<posx>0</posx>
	<posy>462</posy>
	<width>1280</width>
	<height>56</height>
	<texture>showcase_gradient.png</texture>
	<include>Music_Animation_HideShowcase</include>
	<visible>Control.IsVisible(52)</visible>
	<animation effect="fade" start="50" end="50" time="0" condition="Skin.HasSetting(nodarkfloor)">Conditional</animation>
	</control>
	</control>
	<control type="scrollbar" id="60">
	<include>ScrollBar_Horizontal</include>
	<posx>67</posx>
	<posy>673</posy>
	<width>1147</width>
	<onup>52</onup>
	<ondown>9920</ondown>
	<onleft>60</onleft>
	<onright>60</onright>
	<animation effect="fade" start="0" end="100" time="200">Visible</animation>
	<include>Music_Animation_HideShowcase</include>
	<visible allowhiddenfocus="true">Control.IsVisible(52) + Control.HasFocus(60) + !Control.IsVisible(105)</visible>
	</control>
	</control>
	</include>
	</includes>