﻿<!-- Aeon MQ 4 -->

<includes>
	<!--##################################################################################   VISTA LIST LARGE - ID 550   #############################################################################-->
	<include name="ViewListLarge">
  <control type="group">
    <include>Animation_VisibleHiddenZoom</include>
    <include>Animation_HideCoverFlow</include>
    <include>Animation_CommonFade</include>
    <visible>Control.IsVisible(550)</visible>
  <control type="largeimage">
    <description>settings background image</description>
    <posx>23</posx>
    <posy>23</posy>
    <width>1233</width>
    <height>673</height>
    <texture>panel_tablet.png</texture>
  </control>
  <control type="image">
    <posx>606</posx>
    <posy>69</posy>
    <width>54.5</width>
    <height>615</height>
    <texture>panel_list_detailwide.png</texture>
  </control>
  <control type="image">
    <posx>1155</posx>
    <posy>69</posy>
    <width>54.5</width>
    <height>615</height>
    <texture>panel_list_detailwide.png</texture>
  </control>
  <control type="image">
    <description>gamelist background image</description>
    <posx>660</posx>
    <posy>69</posy>
    <width>580</width>
    <height>615</height>
    <texture>common_black.png</texture>
    <colordiffuse>c3FFFFFF</colordiffuse>
    <animation effect="fade" end="30" condition="true">Conditional</animation>
    <include>Animation_CommonFade</include>
  </control>
  <control type="group">
    <posx>635r</posx>
    <posy>0</posy>
  <control type="list" id="550">
    <viewtype label="31823">list</viewtype>
    <posx>16.5</posx>
    <posy>70</posy>
    <width>637</width>
    <height>600</height>
    <onleft>9900</onleft>
    <onright>62</onright>
    <onup>550</onup>
    <ondown>550</ondown>
    <pagecontrol>62</pagecontrol>
    <scrolltime>450</scrolltime>
    <movement>2</movement>
    <itemlayout height="35" width="586">
  <control type="image">
    <posx>0</posx>
    <posy>0</posy>
    <width>600</width>
    <height>37</height>
    <texture>settings_button_nofocus.png</texture>
  </control>
  <control type="label">
    <posx>10</posx>
    <posy>0</posy>
    <width>475</width>
		<height>41</height>
		<font>Font_MultiplexInfoLabel</font>
		<aligny>center</aligny>
		<align>left</align>
    <include>listcolornofocus</include>
    <label>$INFO[ListItem.Label]</label>
  </control>
  <control type="image">
    <posx>503</posx>
    <posy>1</posy>
    <width>35</width>
    <height>35</height>
    <info>ListItem.Overlay</info>
    <visible>![IsEmpty(ListItem.Overlay) | Skin.HasSetting(nooverlays)]</visible>
  </control>
  </itemlayout>
  <focusedlayout height="35" width="586">
  <control type="image">
    <posx>10</posx>
    <posy>0</posy>
    <width>600</width>
    <height>37</height>
    <texture>settings_button_nofocus.png</texture>
    <visible>!Control.HasFocus(550)</visible>
  </control>
  <control type="image">
    <posx>0</posx>
    <posy>0</posy>
    <width>585</width>
    <height>37</height>
    <texture>settings_button_focus.png</texture>
    <visible>Control.HasFocus(550)</visible>
  </control>
  <control type="label">
    <posx>10</posx>
    <posy>0</posy>
    <width>475</width>
    <height>35</height>
    <height>41</height>
    <font>Font_List</font>
    <align>left</align>
    <aligny>center</aligny>
    <textcolor>FF101010</textcolor>
    <selectedcolor>headerfocus</selectedcolor>
    <label>$INFO[ListItem.Label]</label>
    <visible>Control.HasFocus(550)</visible>
  </control>
  <control type="label">
    <posx>10</posx>
    <posy>0</posy>
    <width>475</width>
    <height>35</height>
    <height>41</height>
    <font>Font_List</font>
    <align>left</align>
    <aligny>center</aligny>
    <include>listcolornofocus</include>
    <label>$INFO[ListItem.Label]</label>
    <visible>!Control.HasFocus(550)</visible>
  </control>
  <control type="image">
    <posx>503</posx>
    <posy>1</posy>
    <width>35</width>
    <height>35</height>
    <info>ListItem.Overlay</info>
    <visible>![IsEmpty(ListItem.Overlay) | Skin.HasSetting(nooverlays)]</visible>
  </control>
  </focusedlayout>
  </control>
  <control type="scrollbar" id="62">
    <include>ScrollBar_Vertical</include>
    <posx>565</posx>
    <posy>75</posy>
    <height>600</height>
    <onleft>550</onleft>
    <onright>9920</onright>
    <visible allowhiddenfocus="true">Control.IsVisible(550) + Control.HasFocus(62)</visible>
  </control>
  </control>
  <control type="group">
    <posx>25</posx>
    <posy>10</posy>
   <control type="largeimage">
    <posx>24</posx>
    <posy>60</posy>
    <width>541</width>
    <height>296</height>
    <aspectratio>stretch</aspectratio>
    <texture border="20">home_nowplaying_videowindow.png</texture>
    <visible>!Skin.HasSetting(nolistlargefanart) + !Container.Content(episodes)</visible>
  </control>
  <control type="image">
    <posx>26</posx>
    <posy>61</posy>
    <width>536</width>
    <height>293</height>
    <texture fallback="DefaultExtraThumbs.png" background="true">$VAR[value_defaultvideofanart]</texture>
    <aspectratio>stretch</aspectratio>
    <fadetime>FanartCrossFadeTime</fadetime>
    <bordersize>12</bordersize>
    <visible>!Skin.HasSetting(nolistlargefanart) + !Container.Content(episodes)</visible>
  </control>
  <control type="image">
    <posx>26</posx>
    <posy>61</posy>
    <width>536</width>
    <height>293</height>
    <texture fallback="DefaultExtraThumbs.png" background="true">$VAR[value_poster]</texture>
    <aspectratio>stretch</aspectratio>
    <fadetime>FanartCrossFadeTime</fadetime>
    <bordersize>12</bordersize>
    <visible>Container.Content(episodes)</visible>
  </control>
  <control type="largeimage">
    <posx>26</posx>
    <posy>61</posy>
    <width>536</width>
    <height>293</height>
    <aspectratio>stretch</aspectratio>
    <bordersize>12</bordersize>
    <texture>thumb_tvglass_noedge.png</texture>
    <visible>!Skin.HasSetting(nolistlargefanart) + !Container.Content(episodes)</visible>
  </control>
  </control>
  <control type="group">
    <visible>Skin.HasSetting(nolistlargefanart) + !Container.Content(episodes)</visible>
    <posx>235</posx>
    <posy>75</posy>
  <control type="image">
    <posx>-196</posx>
    <posy>-6</posy>
    <width>563</width>
    <height>296</height>
    <aspectratio>stretch</aspectratio>
    <texture>common_black.png</texture>
    <colordiffuse>40FFFFFF</colordiffuse>
  </control>
  <control type="image">
    <posx>-12</posx>
    <posy>-12</posy>
    <width>205</width>
    <height>305</height>
    <texture diffuse="thumb_poster_mask.png">thumb_cover_back.png</texture>
    <aspectratio scalediffuse="false">stretch</aspectratio>
  </control>
  <control type="largeimage">
    <posx>0</posx>
    <posy>0</posy>
    <width>184</width>
    <height>283</height>
    <fadetime>FanartCrossFadeTime</fadetime>
    <texture diffuse="thumb_poster_mask.png" fallback="DefaultVideoPoster.png" background="true">$VAR[value_poster]</texture>
    <aspectratio scalediffuse="false">stretch</aspectratio>
  </control>
  <control type="image">
    <posx>0</posx>
    <posy>0</posy>
    <width>184</width>
    <height>283</height>
    <texture diffuse="thumb_poster_mask.png">thumb_tvglass_noedge.png</texture>
    <aspectratio scalediffuse="false">stretch</aspectratio>
  </control>
  </control>
  <control type="group">
    <posx>50</posx>
    <posy>355</posy>
  <control type="image">
    <posx>-15</posx>
    <posy>10</posy>
    <width>570</width>
    <height>2</height>
    <texture>panel_horizontal_separator.png</texture>
  </control>
  <control type="image">
    <posx>-15</posx>
    <posy>125</posy>
    <width>570</width>
    <height>2</height>
    <texture>panel_horizontal_separator.png</texture>
  </control>
  <control type="image">
    <posx>-15</posx>
    <posy>265</posy>
    <width>570</width>
    <height>2</height>
    <texture>panel_horizontal_separator.png</texture>
  </control>
  <control type="image">
    <posx>160</posx>
    <posy>11</posy>
    <width>2</width>
    <height>114</height>
    <texture>panel_vertical_separator.png</texture>
  </control>
  <control type="image">
    <posx>553</posx>
    <posy>-286</posy>
    <width>2</width>
    <height>615</height>
    <texture>panel_vertical_separator.png</texture>
  </control>
  <control type="label"><!-- Year/Premiered/Disclamer -->
    <posx>5</posx>
    <posy>20</posy>
    <width>160</width>
    <height>25</height>
    <label>$VAR[value_poster_ground1_info]</label>
    <include>ShowcaseInfoLabel</include>
  </control>
  <control type="label">
    <posx>170</posx>
    <posy>20</posy>
    <width>370</width>
    <height>25</height>
    <label fallback="161">$VAR[value_poster_ground1_value]</label>
    <include>ShowcaseInfoValue</include>
  </control>
  <control type="label"><!-- Genre/Status -->
    <posx>5</posx>
    <posy>45</posy>
    <width>160</width>
    <height>25</height>
    <label>$VAR[value_poster_ground2_info]</label>
    <include>ShowcaseInfoLabel</include>
  </control>
  <control type="label">
    <posx>170</posx>
    <posy>45</posy>
    <width>370</width>
    <height>25</height>
    <label fallback="161">$VAR[value_poster_ground2_value]</label>
    <include>ShowcaseInfoValue</include>
  </control>
  <control type="label"><!-- Director/Episodes/Developer/Creator -->
    <posx>5</posx>
    <posy>70</posy>
    <width>160</width>
    <height>25</height>
    <label>$VAR[value_poster_ground3_info]</label>
    <include>ShowcaseInfoLabel</include>
  </control>
  <control type="label">
    <posx>170</posx>
    <posy>70</posy>
    <width>370</width>
    <height>25</height>
    <label fallback="161">$VAR[value_poster_ground3_value]</label>
    <include>ShowcaseInfoValue</include>
  </control>
  <control type="label"><!-- Rating/Plataform/Type -->
    <posx>5</posx>
    <posy>95</posy>
    <width>160</width>
    <height>25</height>
    <label>$VAR[value_poster_ground4_info]</label>
    <include>ShowcaseInfoLabel</include>
  </control>
  <control type="label">
    <posx>170</posx>
    <posy>95</posy>
    <width>370</width>
    <height>25</height>
    <label fallback="161">$VAR[value_poster_ground4_value]</label>
    <include>ShowcaseInfoValue</include>
  </control>
  <control type="textbox" id="2101">
    <posx>0</posx>
    <posy>133</posy>
    <width>540</width>
    <height>126</height>
    <font>Font_MultiplexPlotSmall</font>
    <label>$VAR[value_videoplot]</label>
    <autoscroll delay="8000" time="2000" repeat="8000">!Skin.HasSetting(noallowscroll)</autoscroll>
  </control>
  <control type="image">
    <description>front glass</description>
    <posx>351</posx>
    <posy>-390</posy>
    <width>869</width>
    <height>780</height>
    <texture>dialogs_setcontent_front.png</texture>
    <visible>Control.IsVisible(550)</visible>
  </control>
  <control type="image">
    <description>front glass</description>
    <posx>-40.4</posx>
    <posy>-390</posy>
    <width>869</width>
    <height>780</height>
    <texture flipx="true">dialogs_setcontent_front.png</texture>
    <visible>Control.IsVisible(550)</visible>
  </control>
  </control>
  </control>
  </include>
  </includes>