﻿<!-- Aeon MQ 4 -->

<includes>
   <!--##################################################################################   VISTA SHELF - ID 59   ##################################################################################-->
	<!-- Panel Info Videos -->
  <include name="ShelfInfoPaneVideo">
  <control type="group">
    <posx>0</posx>
    <posy>26</posy>
    <width>1280</width>
    <height>500</height>
    <animation effect="slide" end="0,30" time="200" condition="Container.Content(years) | Container.Content(genres)">Conditional</animation>
    <animation effect="fade" start="0" end="100" time="400" delay="5000" condition="![Container.Content(movies) + SubString(skin.string(movies_info_shelf),on) | Container.Content(musicvideos) + SubString(skin.string(musicvideos_info_shelf),on) | Container.Content(tvshows) + SubString(skin.string(tvshows_info_shelf),on) | Container.Content(seasons) + SubString(skin.string(seasons_info_shelf),on) | Container.Content(episodes) + SubString(skin.string(episodes_info_shelf),on) | Window.IsActive(1) + SubString(skin.string(programs_info_shelf),on)]">WindowOpen</animation>
    <animation effect="fade" end="0" time="200">WindowClose</animation>
    <include>Animation_InfoPanelSlide</include>
    <visible>Control.IsVisible(109) | Control.HasFocus(9910) | [Container.Content(movies) + SubString(skin.string(movies_info_shelf),on) | Container.Content(musicvideos) + SubString(skin.string(musicvideos_info_shelf),on) | Container.Content(tvshows) + SubString(skin.string(tvshows_info_shelf),on) | Container.Content(seasons) + SubString(skin.string(seasons_info_shelf),on) | Container.Content(episodes) + SubString(skin.string(episodes_info_shelf),on) | Window.IsActive(1) + SubString(skin.string(programs_info_shelf),on)] + ![Control.HasFocus(9920) | StringCompare(Container.FolderPath,videodb://1/7/)]</visible>
   <control type="image">
    <posx>75</posx>
    <width>1130</width>
    <height>590</height>
    <texture background="true">panel_back.png</texture>
    <include>Animation_CommonFade</include>
    <visible>Skin.HasSetting(noShelfthin)</visible>
  </control>
  <control type="image">
    <posx>75</posx>
    <width>1130</width>
    <height>590</height>
    <texture background="true">panel_tablet.png</texture>
  </control>
  <control type="image">
    <posx>351</posx>
    <posy>40</posy>
    <width>2</width>
    <height>135</height>
    <texture>panel_vertical_separator.png</texture>
    <visible>Container.Content(movies) + SubString(skin.string(movies_layout_shelf),fanart) | Container.Content(musicvideos) + SubString(skin.string(musicvideos_layout_shelf),fanart) | Container.Content(tvshows) + SubString(skin.string(tvshows_layout_shelf),fanart) | Container.Content(seasons) + SubString(skin.string(seasons_layout_shelf),fanart) | Container.Content(episodes) + SubString(skin.string(episodes_layout_shelf),fanart) | Window.IsActive(1) + SubString(skin.string(programs_layout_shelf),fanart)</visible>
  </control>
  <control type="image">
    <posx>618</posx>
    <posy>40</posy>
    <width>2</width>
    <height>314</height>
    <texture>panel_vertical_separator.png</texture>
    <visible>Container.Content(movies) + SubString(skin.string(movies_layout_shelf),fanart) | Container.Content(musicvideos) + SubString(skin.string(musicvideos_layout_shelf),fanart) | Container.Content(tvshows) + SubString(skin.string(tvshows_layout_shelf),fanart) | Container.Content(seasons) + SubString(skin.string(seasons_layout_shelf),fanart) | Container.Content(episodes) + SubString(skin.string(episodes_layout_shelf),fanart) | Window.IsActive(1) + SubString(skin.string(programs_layout_shelf),fanart)</visible>
  </control>
  <control type="image">
    <posx>406</posx>
    <posy>40</posy>
    <width>2</width>
    <height>314</height>
    <texture>panel_vertical_separator.png</texture>
    <animation effect="slide" start="0,0" end="-116,0" time="0" condition="Container.Content(movies) + SubString(skin.string(movies_layout_shelf),extrathumbs) | Container.Content(musicvideos) + SubString(skin.string(musicvideos_layout_shelf),extrathumbs) | Container.Content(tvshows) + SubString(skin.string(tvshows_layout_shelf),extrathumbs) | Container.Content(seasons) + SubString(skin.string(seasons_layout_shelf),extrathumbs) | Container.Content(episodes) + SubString(skin.string(episodes_layout_shelf),extrathumbs) | Window.IsActive(1) + SubString(skin.string(programs_layout_shelf),extrathumbs)">Conditional</animation>
    <visible>Container.Content(movies) + [SubString(skin.string(movies_layout_shelf),plot) | SubString(skin.string(movies_layout_shelf),poster) | SubString(skin.string(movies_layout_shelf),extrathumbs)] | Container.Content(musicvideos) + [SubString(skin.string(musicvideos_layout_shelf),plot) | SubString(skin.string(musicvideos_layout_shelf),poster) | SubString(skin.string(musicvideos_layout_shelf),extrathumbs)] | Container.Content(tvshows) + [SubString(skin.string(tvshows_layout_shelf),plot) | SubString(skin.string(tvshows_layout_shelf),poster) | SubString(skin.string(tvshows_layout_shelf),extrathumbs)] | Container.Content(seasons) + [SubString(skin.string(seasons_layout_shelf),plot) | SubString(skin.string(seasons_layout_shelf),poster) | SubString(skin.string(seasons_layout_shelf),extrathumbs)] | Container.Content(episodes) + [SubString(skin.string(episodes_layout_shelf),plot) | SubString(skin.string(episodes_layout_shelf),poster) | SubString(skin.string(episodes_layout_shelf),extrathumbs)] | Window.IsActive(1) + [SubString(skin.string(programs_layout_shelf),plot) | SubString(skin.string(programs_layout_shelf),poster) | SubString(skin.string(programs_layout_shelf),extrathumbs)]</visible>
  </control>
  <control type="image">
    <posx>640</posx>
    <posy>40</posy>
    <width>2</width>
    <height>314</height>
    <texture>panel_vertical_separator.png</texture>
    <visible>Container.Content(movies) + SubString(skin.string(movies_layout_shelf),extrathumbs) | Container.Content(musicvideos) + SubString(skin.string(musicvideos_layout_shelf),extrathumbs) | Container.Content(tvshows) + SubString(skin.string(tvshows_layout_shelf),extrathumbs) | Container.Content(seasons) + SubString(skin.string(seasons_layout_shelf),extrathumbs) | Container.Content(episodes) + SubString(skin.string(episodes_layout_shelf),extrathumbs) | Window.IsActive(1) + SubString(skin.string(programs_layout_shelf),extrathumbs)</visible>
  </control>
  <control type="image">
    <posx>900</posx>
    <posy>40</posy>
    <width>2</width>
    <height>314</height>
    <texture>panel_vertical_separator.png</texture>
    <animation effect="slide" start="0,0" end="88,0" time="0" condition="Container.Content(movies) + SubString(skin.string(movies_layout_shelf),extrathumbs) | Container.Content(musicvideos) + SubString(skin.string(musicvideos_layout_shelf),extrathumbs) | Container.Content(tvshows) + SubString(skin.string(tvshows_layout_shelf),extrathumbs) | Container.Content(seasons) + SubString(skin.string(seasons_layout_shelf),extrathumbs) | Container.Content(episodes) + SubString(skin.string(episodes_layout_shelf),extrathumbs)">Conditional</animation>
    <visible>Container.Content(movies) + [SubString(skin.string(movies_layout_shelf),plot) | SubString(skin.string(movies_layout_shelf),poster) | SubString(skin.string(movies_layout_shelf),extrathumbs)] | Container.Content(musicvideos) + [SubString(skin.string(musicvideos_layout_shelf),plot) | SubString(skin.string(musicvideos_layout_shelf),poster) | SubString(skin.string(musicvideos_layout_shelf),extrathumbs)] | Container.Content(tvshows) + [SubString(skin.string(tvshows_layout_shelf),plot) | SubString(skin.string(tvshows_layout_shelf),poster) | SubString(skin.string(tvshows_layout_shelf),extrathumbs)] | Container.Content(seasons) + [SubString(skin.string(seasons_layout_shelf),plot) | SubString(skin.string(seasons_layout_shelf),poster) | SubString(skin.string(seasons_layout_shelf),extrathumbs)] | Container.Content(episodes) + [SubString(skin.string(episodes_layout_shelf),plot) | SubString(skin.string(episodes_layout_shelf),poster) | SubString(skin.string(episodes_layout_shelf),extrathumbs)] | Window.IsActive(1) + [SubString(skin.string(programs_layout_shelf),plot) | SubString(skin.string(programs_layout_shelf),poster) | SubString(skin.string(programs_layout_shelf),extrathumbs)]</visible>
  </control>
  <control type="image">
    <posx>85</posx>
    <posy>176</posy>
    <width>532</width>
    <height>2</height>
    <texture>panel_horizontal_separator.png</texture>
    <visible>Container.Content(movies) + SubString(skin.string(movies_layout_shelf),fanart) | Container.Content(musicvideos) + SubString(skin.string(musicvideos_layout_shelf),fanart) | Container.Content(tvshows) + SubString(skin.string(tvshows_layout_shelf),fanart) | Container.Content(seasons) + SubString(skin.string(seasons_layout_shelf),fanart) | Container.Content(episodes) + SubString(skin.string(episodes_layout_shelf),fanart) | Window.IsActive(1) + SubString(skin.string(programs_layout_shelf),fanart)</visible>
  </control>
  <control type="image">
    <posx>85</posx>
    <posy>355</posy>
    <width>1110</width>
    <height>2</height>
    <texture>panel_horizontal_separator.png</texture>
  </control>
  <!-- Info Labels -->
  <control type="group"><!--fanart - left group-->
    <posx>101</posx>
    <posy>20</posy>
    <visible>Container.Content(movies) + SubString(skin.string(movies_layout_shelf),fanart) | Container.Content(musicvideos) + SubString(skin.string(musicvideos_layout_shelf),fanart) | Container.Content(tvshows) + SubString(skin.string(tvshows_layout_shelf),fanart) | Container.Content(seasons) + SubString(skin.string(seasons_layout_shelf),fanart) | Container.Content(episodes) + SubString(skin.string(episodes_layout_shelf),fanart)</visible>
  <control type="group">
  <posy>22</posy>
  <control type="label">
    <include>ShelfInfoLabel</include>
    <label>$LOCALIZE[31046]:</label>
  </control>
  <control type="label">
    <include>ShelfInfoValue</include>
    <label fallback="161">$INFO[Container(59).ListItem.Director]</label>
    <width>232</width>
  </control>
  </control>
  <control type="group">
    <posy>67</posy>
  <control type="label">
    <include>ShelfInfoLabel</include>
    <label>$LOCALIZE[31521]:</label>
  </control>
  <control type="label">
    <include>ShelfInfoValue</include>
    <label fallback="161">$INFO[Container(59).ListItem.Writer]</label>
    <width>232</width>
  </control>
  </control>
  <control type="group">
    <posy>112</posy>
  <control type="label">
    <include>ShelfInfoLabel</include>
    <label>$LOCALIZE[31028]:</label>
  </control>
  <control type="label">
    <include>ShelfInfoValue</include>
    <width>245</width>
    <label fallback="161">$INFO[Container(59).ListItem.Year]</label>
    <width>232</width>
  </control>
  </control>
  </control>
  <control type="group"><!--fanart - right group-->
    <posx>370</posx>
    <posy>20</posy>
    <visible>Container.Content(movies) + SubString(skin.string(movies_layout_shelf),fanart) | Container.Content(musicvideos) + SubString(skin.string(musicvideos_layout_shelf),fanart) | Container.Content(tvshows) + SubString(skin.string(tvshows_layout_shelf),fanart) | Container.Content(seasons) + SubString(skin.string(seasons_layout_shelf),fanart) | Container.Content(episodes) + SubString(skin.string(episodes_layout_shelf),fanart)</visible>
  <control type="group">
    <posy>22</posy>
  <control type="label">
    <include>ShelfInfoLabel</include>
    <label>$LOCALIZE[31522]:</label>
  </control>
  <control type="label">
    <include>ShelfInfoValue</include>
    <width>232</width>
    <label fallback="161">$INFO[Container(59).ListItem.Duration] $LOCALIZE[12391]</label>
    <visible>!IsEmpty(ListItem.duration) + !substring(Container(59).ListItem.Duration,min)</visible>
  </control>
  <control type="label">
    <include>ShelfInfoValue</include>
    <width>232</width>
    <label fallback="161">$INFO[Container(59).ListItem.Duration]</label>
    <visible>!IsEmpty(ListItem.duration) + substring(Container(59).ListItem.Duration,min)</visible>
  </control>
  </control>
  <control type="group">
    <posy>67</posy>
    <visible>Container.Content(movies) + SubString(skin.string(movies_layout_shelf),fanart) | Container.Content(musicvideos) + SubString(skin.string(musicvideos_layout_shelf),fanart) | Container.Content(tvshows) + SubString(skin.string(tvshows_layout_shelf),fanart) | Container.Content(seasons) + SubString(skin.string(seasons_layout_shelf),fanart) | Container.Content(episodes) + SubString(skin.string(episodes_layout_shelf),fanart)</visible>
  <control type="label">
    <include>ShelfInfoLabel</include>
    <label>$LOCALIZE[31523]:</label>
  </control>
  <control type="label">
    <include>ShelfInfoValue</include>
    <width>232</width>
    <label fallback="161">$INFO[Container(59).ListItem.MPAA]</label>
  </control>
  </control>
  <control type="group">
    <posy>112</posy>
    <visible>SubString(skin.string(movies_layout_shelf),fanart)</visible>
  <control type="label">
    <include>ShelfInfoLabel</include>
    <label>$LOCALIZE[368]:</label>
  </control>
  <control type="label">
    <include>ShelfInfoValue</include>
    <width>232</width>
    <label fallback="161">$INFO[Container(59).ListItem.RatingAndVotes]</label>
  </control>
  </control>
  </control>
  <control type="group"><!-- addon fanart - left group-->
    <posx>101</posx>
    <posy>20</posy>
    <visible>SubString(skin.string(programs_layout_shelf),fanart) + Window.IsActive(1)</visible>
  <control type="group"><!-- Publisher/Creator -->
  <posy>22</posy>
  <control type="label">
    <include>ShowcaseInfoLabel</include>
    <label>$VAR[value_showcase_ground1_info]</label>
  </control>
  <control type="label">
    <include>ShowcaseInfoValue</include>
    <label fallback="161">$VAR[value_showcase_ground1_value]</label>
    <width>232</width>
  </control>
  </control>
  <control type="group"><!-- Plataform/Type -->
    <posy>67</posy>
  <control type="label">
    <include>ShowcaseInfoLabel</include>
    <label>$VAR[value_showcase_ground2_info]</label>
  </control>
  <control type="label">
    <include>ShowcaseInfoValue</include>
    <label fallback="161">$VAR[value_showcase_ground2_value]</label>
    <width>232</width>
  </control>
  </control>
  <control type="group"><!-- Premiered/Disclamer -->
    <posy>112</posy>
  <control type="label">
    <include>ShowcaseInfoLabel</include>
    <label>$VAR[value_showcase_ground3_info]</label>
  </control>
  <control type="label">
    <include>ShowcaseInfoValue</include>
    <width>245</width>
    <label fallback="161">$VAR[value_showcase_ground3_value]</label>
    <width>232</width>
  </control>
  </control>
  </control>
  <control type="group"><!--fanart - right group-->
    <posx>370</posx>
    <posy>42</posy>
    <visible>SubString(skin.string(programs_layout_shelf),fanart) + Window.IsActive(1)</visible>
  <control type="label"><!-- Genre/Status -->
    <include>ShowcaseInfoLabel</include>
    <label>$VAR[value_showcase_ground4_info]</label>
  </control>
  <control type="label">
    <include>ShowcaseInfoValue</include>
    <width>232</width>
    <label fallback="161">$VAR[value_showcase_ground4_value]</label>
  </control>
  </control>
  <control type="textbox">
    <posx>101</posx>
    <posy>190</posy>
    <width>502</width>
    <height>155</height>
    <align>justify</align>
    <font>Font_MultiplexPlotSmall</font>
    <label>$VAR[value_videoplot]</label>
    <autoscroll delay="8000" time="2000" repeat="8000">!Skin.HasSetting(noallowscroll)</autoscroll>
    <visible>Container.Content(movies) + SubString(skin.string(movies_layout_shelf),fanart) | Container.Content(musicvideos) + SubString(skin.string(musicvideos_layout_shelf),fanart) | Container.Content(tvshows) + SubString(skin.string(tvshows_layout_shelf),fanart) | Container.Content(seasons) + SubString(skin.string(seasons_layout_shelf),fanart) | Container.Content(episodes) + SubString(skin.string(episodes_layout_shelf),fanart) | Window.IsActive(1) + SubString(skin.string(programs_layout_shelf),fanart)</visible>
  </control>
   <control type="group"> <!--fanart-->
    <posx>610</posx>
    <posy>50</posy>
    <visible>Container.Content(movies) + SubString(skin.string(movies_layout_shelf),fanart) | Container.Content(musicvideos) + SubString(skin.string(musicvideos_layout_shelf),fanart) | Container.Content(tvshows) + SubString(skin.string(tvshows_layout_shelf),fanart) | Container.Content(seasons) + SubString(skin.string(seasons_layout_shelf),fanart) | Container.Content(episodes) + SubString(skin.string(episodes_layout_shelf),fanart) | Window.IsActive(1) + SubString(skin.string(programs_layout_shelf),fanart)</visible>
  <control type="image">
    <posx>35</posx>
    <posy>0</posy>
    <width>524</width>
    <height>295</height>
    <texture>common_black.png</texture>
    <colordiffuse>94FFFFFF</colordiffuse>
    <animation effect="fade" start="50" end="50" time="0" condition="Skin.HasSetting(nodarkfloor)">Conditional</animation>
  </control>
  <control type="image">
    <posx>36</posx>
    <posy>1</posy>
    <width>522</width>
    <height>293</height>
    <aspectratio>scale</aspectratio>
    <texture background="true">$INFO[ListItem.Art(fanart)]</texture>
    <fadetime>FanartCrossFadeTime</fadetime>
  </control>
  <control type="multiimage">
    <posx>1</posx>
    <posy>1</posy>
    <width>522</width>
    <height>293</height>
    <aspectratio>scale</aspectratio>
    <timeperimage>4000</timeperimage>
    <imagepath background="true">$INFO[Container(59).ListItem.Path,,extrathumbs]</imagepath>
    <visible>SubString(skin.string(movies_layout_shelf),extrathumbs)</visible>
    <randomize>true</randomize>
    <fadetime>FanartCrossFadeTime</fadetime>
  </control>
  </control>
 
  <control type="group"> <!--poster and plot-->
    <posx>100</posx>
    <posy>20</posy>
    <visible>Container.Content(movies) + [SubString(skin.string(movies_layout_shelf),plot) | SubString(skin.string(movies_layout_shelf),poster)] | Container.Content(musicvideos) + [SubString(skin.string(musicvideos_layout_shelf),plot) | SubString(skin.string(musicvideos_layout_shelf),poster)] | Container.Content(tvshows) + [SubString(skin.string(tvshows_layout_shelf),plot) | SubString(skin.string(tvshows_layout_shelf),poster)] | Container.Content(seasons) + [SubString(skin.string(seasons_layout_shelf),plot) | SubString(skin.string(seasons_layout_shelf),poster)] | Container.Content(episodes) + [SubString(skin.string(episodes_layout_shelf),plot) | SubString(skin.string(episodes_layout_shelf),poster)]</visible>
  <control type="group">
  <posy>22</posy>
  <control type="label">
    <include>ShelfInfoLabel</include>
    <label>$LOCALIZE[31046]:</label>
  </control>
  <control type="label">
    <include>ShelfInfoValue</include>
    <label fallback="161">$INFO[Container(59).ListItem.Director]</label>
    <width>290</width>
  </control>
  </control>
  <control type="group">
    <posy>67</posy>
  <control type="label">
    <include>ShelfInfoLabel</include>
    <label>$LOCALIZE[31521]:</label>
  </control>
  <control type="label">
    <include>ShelfInfoValue</include>
    <label fallback="161">$INFO[Container(59).ListItem.Writer]</label>
    <width>290</width>
  </control>
  </control>
  <control type="group">
    <posy>112</posy>
  <control type="label">
    <include>ShelfInfoLabel</include>
    <label>$LOCALIZE[31028]:</label>
  </control>
  <control type="label">
    <include>ShelfInfoValue</include>
    <width>215</width>
    <label fallback="161">$INFO[Container(59).ListItem.Year]</label>
  </control>
  </control>
  </control>
  <control type="group">
    <posx>100</posx>
    <posy>22</posy>
    <visible>Container.Content(movies) + [SubString(skin.string(movies_layout_shelf),plot) | SubString(skin.string(movies_layout_shelf),poster)] | Container.Content(musicvideos) + [SubString(skin.string(musicvideos_layout_shelf),plot) | SubString(skin.string(musicvideos_layout_shelf),poster)] | Container.Content(tvshows) + [SubString(skin.string(tvshows_layout_shelf),plot) | SubString(skin.string(tvshows_layout_shelf),poster)] | Container.Content(seasons) + [SubString(skin.string(seasons_layout_shelf),plot) | SubString(skin.string(seasons_layout_shelf),poster)] | Container.Content(episodes) + [SubString(skin.string(episodes_layout_shelf),plot) | SubString(skin.string(episodes_layout_shelf),poster)]</visible>
  <control type="group">
    <posy>157</posy>
  <control type="label">
    <include>ShelfInfoLabel</include>
    <width>290</width>
    <label>$LOCALIZE[31522]:</label>
  </control>
  <control type="label">
    <include>ShelfInfoValue</include>
    <width>290</width>
    <label fallback="161">$INFO[Container(59).ListItem.Duration] $LOCALIZE[12391]</label>
    <visible>!IsEmpty(ListItem.duration) + !substring(Container(59).ListItem.Duration,min)</visible>
  </control>
  <control type="label">
    <include>ShelfInfoValue</include>
    <width>290</width>
    <label fallback="161">$INFO[Container(59).ListItem.Duration]</label>
    <visible>!IsEmpty(ListItem.duration) + substring(Container(59).ListItem.Duration,min)</visible>
  </control>
  </control>
  <control type="group">
    <posy>202</posy>
  <control type="label">
    <include>ShelfInfoLabel</include>
    <label>$LOCALIZE[31032]:</label>
  </control>
  <control type="label">
    <include>ShelfInfoValue</include>
    <width>290</width>
    <label fallback="161">$INFO[Container(59).ListItem.Genre]</label>
  </control>
  </control>
  <control type="group">
    <posy>247</posy>
  <control type="label">
    <include>ShelfInfoLabel</include>
    <label>$LOCALIZE[31523]:</label>
  </control>
  <control type="label">
    <include>ShelfInfoValue</include>
    <width>290</width>
    <label fallback="161">$INFO[Container(59).ListItem.MPAA]</label>
  </control>
  </control>
  <control type="group">
    <posy>292</posy>
  <control type="label">
    <include>ShelfInfoLabel</include>
    <label>$LOCALIZE[368]:</label>
  </control>
  <control type="label">
    <include>ShelfInfoValue</include>
    <width>290</width>
    <label fallback="161">$INFO[Container(59).ListItem.RatingAndVotes]</label>
  </control>
  </control>
  </control>
  <control type="group"> <!-- poster and plot addons -->
    <posx>100</posx>
    <posy>20</posy>
    <visible>[SubString(skin.string(programs_layout_shelf),plot) | SubString(skin.string(programs_layout_shelf),poster)] + Window.IsActive(1)</visible>
  <control type="group"><!-- Publisher -->
  <posy>22</posy>
  <control type="label">
    <include>ShelfInfoLabel</include>
    <label>$LOCALIZE[31771]:</label>
  </control>
  <control type="label">
    <include>ShelfInfoValue</include>
    <label fallback="161">$INFO[Container(59).ListItem.Studio]</label>
    <width>290</width>
  </control>
  </control>
  <control type="group"><!-- Plataform -->
    <posy>67</posy>
  <control type="label">
    <include>ShelfInfoLabel</include>
    <label>$LOCALIZE[31770]:</label>
  </control>
  <control type="label">
    <include>ShelfInfoValue</include>
    <label fallback="161">$INFO[Container(59).ListItem.Writer]</label>
    <width>290</width>
  </control>
  </control>
  <control type="group"><!-- Premiered -->
    <posy>112</posy>
  <control type="label">
    <include>ShelfInfoLabel</include>
    <label>$LOCALIZE[31772]:</label>
  </control>
  <control type="label">
    <include>ShelfInfoValue</include>
    <width>215</width>
    <label fallback="161">$INFO[Container(59).ListItem.Premiered]</label>
  </control>
  </control>
  </control>
  <control type="group">
    <posx>100</posx>
    <posy>22</posy>
    <visible>[SubString(skin.string(programs_layout_shelf),plot) | SubString(skin.string(programs_layout_shelf),poster)] + Window.IsActive(1)</visible>
  <control type="group"><!-- Players -->
    <posy>157</posy>
  <control type="label">
    <include>ShelfInfoLabel</include>
    <width>290</width>
    <label>$LOCALIZE[31773]:</label>
  </control>
  <control type="label">
    <include>ShelfInfoValue</include>
    <width>290</width>
    <label fallback="161">$INFO[Container(59).ListItem.maxplayers]</label>
  </control>
  </control>
  <control type="group"><!-- Genre -->
    <posy>202</posy>
  <control type="label">
    <include>ShelfInfoLabel</include>
    <label>$LOCALIZE[31032]:</label>
  </control>
  <control type="label">
    <include>ShelfInfoValue</include>
    <width>290</width>
    <label fallback="161">$INFO[Container(59).ListItem.Genre]</label>
  </control>
  </control>
  </control>
  <control type="textbox">
    <posx>424</posx>
    <posy>44</posy>
    <width>460</width>
    <height>280</height>
    <font>Font_MultiplexPlot</font>
    <label>$VAR[value_videoplot]</label>
    <autoscroll delay="8000" time="2000" repeat="8000">!Skin.HasSetting(noallowscroll)</autoscroll>
    <visible>Container.Content(movies) + [SubString(skin.string(movies_layout_shelf),plot) | SubString(skin.string(movies_layout_shelf),poster)] | Container.Content(musicvideos) + [SubString(skin.string(musicvideos_layout_shelf),plot) | SubString(skin.string(musicvideos_layout_shelf),poster)] | Container.Content(tvshows) + [SubString(skin.string(tvshows_layout_shelf),plot) | SubString(skin.string(tvshows_layout_shelf),poster)] | Container.Content(seasons) + [SubString(skin.string(seasons_layout_shelf),plot) | SubString(skin.string(seasons_layout_shelf),poster)] | Container.Content(episodes) + [SubString(skin.string(episodes_layout_shelf),plot) | SubString(skin.string(episodes_layout_shelf),poster)] | Window.IsActive(1) + [SubString(skin.string(programs_layout_shelf),plot) | SubString(skin.string(programs_layout_shelf),poster)]</visible>
  </control>
  <control type="group">
    <posx>945</posx>
    <posy>49</posy>
    <visible>Container.Content(movies) + SubString(skin.string(movies_layout_shelf),poster) | Container.Content(musicvideos) + SubString(skin.string(musicvideos_layout_shelf),poster) | Container.Content(tvshows) + SubString(skin.string(tvshows_layout_shelf),poster) | Container.Content(seasons) + SubString(skin.string(seasons_layout_shelf),poster) | Container.Content(episodes) + SubString(skin.string(episodes_layout_shelf),poster) | Window.IsActive(1) + SubString(skin.string(programs_layout_shelf),poster)</visible>
  <control type="image"><!--poster-->
    <width>200</width>
    <height>298</height>
    <fadetime>200</fadetime>
    <texture background="true" fallback="DefaultVideo.png" diffuse="thumb_multiplex_mask.png">$VAR[value_poster]</texture>
    <aspectratio scalediffuse="false">scretch</aspectratio>
  </control>
  <control type="image">
    <posx>-12</posx>
    <posy>-12</posy>
    <width>224</width>
    <height>322</height>
    <fadetime>200</fadetime>
    <bordertexture>thumb_multiplex_border.png</bordertexture>
    <texture>common_blank.png</texture>
  </control>
  <control type="image">
    <posx>2</posx>
    <posy>-2</posy>
    <width>200</width>
    <height>298</height>
    <fadetime>200</fadetime>
    <texture background="true">thumb_multiplex_glass.png</texture>
    <aspectratio scalediffuse="false">stretch</aspectratio>
    <colordiffuse>66FFFFFF</colordiffuse>
  </control>
  </control>
  <control type="group"><!--plot-->
    <posx>925</posx>
    <posy>45</posy>
    <visible>Container.Content(movies) + SubString(skin.string(movies_layout_shelf),plot) | Container.Content(musicvideos) + SubString(skin.string(musicvideos_layout_shelf),plot) | Container.Content(tvshows) + SubString(skin.string(tvshows_layout_shelf),plot) | Container.Content(seasons) + SubString(skin.string(seasons_layout_shelf),plot) | Container.Content(episodes) + SubString(skin.string(episodes_layout_shelf),plot) | Window.IsActive(1) + SubString(skin.string(programs_layout_shelf),plot)</visible>
  <control type="image">
    <posx>0</posx>
    <posy>0</posy>
    <width>243</width>
    <height>150</height>
    <texture>common_black.png</texture>
    <colordiffuse>94FFFFFF</colordiffuse>
    <animation effect="fade" start="50" end="50" time="0" condition="Skin.HasSetting(nodarkfloor)">Conditional</animation>
  </control>
  <control type="largeimage">
    <posx>1</posx>
    <posy>1</posy>
    <width>243</width>
    <height>150</height>
    <aspectratio>scale</aspectratio>
    <fadetime>FanartCrossFadeTime</fadetime>
    <texture fallback="DefaultVideo.png">$INFO[Container(59).ListItem.Path,,extrathumbs/thumb1.jpg]</texture>
  </control>
  <control type="image">
    <posx>0</posx>
    <posy>155</posy>
    <width>243</width>
    <height>150</height>
    <texture>common_black.png</texture>
    <colordiffuse>94FFFFFF</colordiffuse>
    <animation effect="fade" start="50" end="50" time="0" condition="Skin.HasSetting(nodarkfloor)">Conditional</animation>
  </control>
  <control type="largeimage">
    <posx>1</posx>
    <posy>156</posy>
    <width>243</width>
    <height>150</height>
    <aspectratio>scale</aspectratio>
    <fadetime>FanartCrossFadeTime</fadetime>
    <texture fallback="DefaultVideo.png">$INFO[Container(59).ListItem.Path,,extrathumbs/thumb2.jpg]</texture>
  </control>
  </control>
  <control type="group"><!--extrathumbs-->
    <posx>305</posx>
    <posy>20</posy>
    <visible>Container.Content(movies) + SubString(skin.string(movies_layout_shelf),extrathumbs) | Container.Content(musicvideos) + SubString(skin.string(musicvideos_layout_shelf),extrathumbs) | Container.Content(tvshows) + SubString(skin.string(tvshows_layout_shelf),extrathumbs) | Container.Content(seasons) + SubString(skin.string(seasons_layout_shelf),extrathumbs) | Container.Content(episodes) + SubString(skin.string(episodes_layout_shelf),extrathumbs)</visible>
  <control type="group">
  <posy>22</posy>
  <control type="label">
    <include>ShelfInfoLabel</include>
    <label>$LOCALIZE[31046]:</label>
  </control>
  <control type="label">
    <include>ShelfInfoValue</include>
    <label fallback="161">$INFO[Container(59).ListItem.Director]</label>
    <width>322</width>
  </control>
  </control>
  <control type="group">
  <posy>67</posy>
  <control type="label">
    <include>ShelfInfoLabel</include>
    <label>$LOCALIZE[31521]:</label>
  </control>
  <control type="label">
    <include>ShelfInfoValue</include>
    <label fallback="161">$INFO[Container(59).ListItem.Writer]</label>
    <width>322</width>
  </control>
  </control>
  <control type="group">
  <posy>112</posy>
  <control type="label">
    <include>ShelfInfoLabel</include>
    <label>$LOCALIZE[31028]:</label>
  </control>
  <control type="label">
    <include>ShelfInfoValue</include>
    <width>322</width>
    <label fallback="161">$INFO[Container(59).ListItem.Year]</label>
  </control>
  </control>
  <control type="group">
  <posy>157</posy>
  <control type="label">
    <include>ShelfInfoLabel</include>
    <width>285</width>
    <label>$LOCALIZE[31522]:</label>
  </control>
  <control type="label">
    <include>ShelfInfoValue</include>
    <width>322</width>
    <label fallback="161">$INFO[Container(59).ListItem.Duration] $LOCALIZE[12391]</label>
    <visible>!IsEmpty(ListItem.duration) + !substring(Container(59).ListItem.Duration,min)</visible>
  </control>
  <control type="label">
    <include>ShelfInfoValue</include>
    <width>322</width>
    <label fallback="161">$INFO[Container(59).ListItem.Duration]</label>
    <visible>!IsEmpty(ListItem.duration) + substring(Container(59).ListItem.Duration,min)</visible>
  </control>
  </control>
  <control type="group">
  <posy>202</posy>
  <control type="label">
    <include>ShelfInfoLabel</include>
    <label>$LOCALIZE[31032]:</label>
  </control>
  <control type="label">
    <include>ShelfInfoValue</include>
    <width>322</width>
    <label fallback="161">$INFO[Container(59).ListItem.Genre]</label>
  </control>
  </control>
  <control type="group">
  <posy>247</posy>
  <control type="label">
    <include>ShelfInfoLabel</include>
    <label>$LOCALIZE[31523]:</label>
  </control>
  <control type="label">
    <include>ShelfInfoValue</include>
    <width>322</width>
    <label fallback="161">$INFO[Container(59).ListItem.MPAA]</label>
  </control>
  </control>
  <control type="group">
    <posy>292</posy>
  <control type="label">
    <include>ShelfInfoLabel</include>
    <label>$LOCALIZE[368]:</label>
  </control>
  <control type="label">
    <include>ShelfInfoValue</include>
    <width>322</width>
    <label fallback="161">$INFO[Container(59).ListItem.RatingAndVotes]</label>
  </control>
  </control>
  </control>
  <control type="group"><!-- extrathumbs addons -->
    <posx>305</posx>
    <posy>20</posy>
    <visible>SubString(skin.string(programs_layout_shelf),extrathumbs) + Window.IsActive(1)</visible>
  <control type="group"><!-- Publisher -->
  <posy>22</posy>
  <control type="label">
    <include>ShelfInfoLabel</include>
    <label>$LOCALIZE[31771]:</label>
  </control>
  <control type="label">
    <include>ShelfInfoValue</include>
    <label fallback="161">$INFO[Container(59).ListItem.Studio]</label>
    <width>322</width>
  </control>
  </control>
  <control type="group"><!-- Plataform -->
  <posy>67</posy>
  <control type="label">
    <include>ShelfInfoLabel</include>
    <label>$LOCALIZE[31770]:</label>
  </control>
  <control type="label">
    <include>ShelfInfoValue</include>
    <label fallback="161">$INFO[Container(59).ListItem.Writer]</label>
    <width>322</width>
  </control>
  </control>
  <control type="group"><!-- Premiered -->
  <posy>112</posy>
  <control type="label">
    <include>ShelfInfoLabel</include>
    <label>$LOCALIZE[31772]:</label>
  </control>
  <control type="label">
    <include>ShelfInfoValue</include>
    <width>322</width>
    <label fallback="161">$INFO[Container(59).ListItem.Premiered]</label>
  </control>
  </control>
  <control type="group"><!-- Players -->
  <posy>157</posy>
  <control type="label">
    <include>ShelfInfoLabel</include>
    <width>285</width>
    <label>$LOCALIZE[31773]:</label>
  </control>
  <control type="label">
    <include>ShelfInfoValue</include>
    <width>322</width>
    <label fallback="161">$INFO[Container(59).ListItem.maxplayers]</label>
  </control>
  </control>
  <control type="group"><!-- Genre -->
  <posy>202</posy>
  <control type="label">
    <include>ShelfInfoLabel</include>
    <label>$LOCALIZE[31032]:</label>
  </control>
  <control type="label">
    <include>ShelfInfoValue</include>
    <width>322</width>
    <label fallback="161">$INFO[Container(59).ListItem.Genre]</label>
  </control>
  </control>
  </control>
  <control type="textbox">
    <posx>655</posx>
    <posy>45</posy>
    <width>320</width>
    <height>305</height>
    <font>Font_MultiplexPlot</font>
    <label>$VAR[value_videoplot]</label>
    <autoscroll delay="8000" time="2000" repeat="8000">!Skin.HasSetting(noallowscroll)</autoscroll>
    <visible>Container.Content(movies) + SubString(skin.string(movies_layout_shelf),extrathumbs) | Container.Content(musicvideos) + SubString(skin.string(musicvideos_layout_shelf),extrathumbs) | Container.Content(tvshows) + SubString(skin.string(tvshows_layout_shelf),extrathumbs) | Container.Content(seasons) + SubString(skin.string(seasons_layout_shelf),extrathumbs) | Container.Content(episodes) + SubString(skin.string(episodes_layout_shelf),extrathumbs) | Window.IsActive(1) + SubString(skin.string(programs_layout_shelf),extrathumbs)</visible>
  </control>
 
  <control type="group">
    <posy>215</posy>
    <animation effect="slide" end="0,23" time="200" condition="Container.Content(years) | Container.Content(genres)">Conditional</animation>
    <visible>Container.Content(movies) + SubString(skin.string(movies_layout_shelf),extrathumbs) | Container.Content(musicvideos) + SubString(skin.string(musicvideos_layout_shelf),extrathumbs) | Container.Content(tvshows) + SubString(skin.string(tvshows_layout_shelf),extrathumbs) | Container.Content(seasons) + SubString(skin.string(seasons_layout_shelf),extrathumbs) | Container.Content(episodes) + SubString(skin.string(episodes_layout_shelf),extrathumbs) | Window.IsActive(1) + SubString(skin.string(programs_layout_shelf),extrathumbs)</visible>
  <control type="group"><!--thumbs right-->
    <animation effect="slide" time="1000" start="300,0" end="0,0" delay="1000" tween="cubic" easing="inout">WindowOpen</animation>
    <animation effect="slide" time="1000" start="0,0" end="300,0" delay="0" tween="cubic" easing="inout">WindowClose</animation>
    <animation effect="slide" start="350,0" end="0,0" time="700" tween="cubic" easing="inout">VisibleChange</animation>
    <animation effect="rotatey" center="0" end="10" time="0" condition="true">Conditional</animation>
    <posx>937</posx>
  <control type="group">
  <description>Thumbs on Right</description>
  <posy>0</posy>
  <control type="largeimage">
    <posx>-8</posx>
    <posy>11</posy>
    <width>191</width>
    <height>130</height>
    <fadetime>FanartCrossFadeTime</fadetime>
    <texture>thumb_list_tvicon_shadow.png</texture>
  </control>
  <control type="largeimage">
    <posy>20</posy>
    <width>175</width>
    <height>112</height>
    <aspectratio>stretch</aspectratio>
    <fadetime>FanartCrossFadeTime</fadetime>
    <aspectratio scalediffuse="false">stretch</aspectratio>
    <texture diffuse="thumb_list_tvicon_mask.png" fallback="DefaultExtraThumbs.png">$INFO[ListItem.Path,,extrathumbs/thumb4.jpg]</texture>
    <visible>!substring(ListItem.Path,stack)</visible>
  </control>
  <control type="largeimage">
    <posy>20</posy>
    <width>175</width>
    <height>112</height>
    <aspectratio>stretch</aspectratio>
    <fadetime>FanartCrossFadeTime</fadetime>
    <aspectratio scalediffuse="false">stretch</aspectratio>
    <texture diffuse="thumb_list_tvicon_mask.png" fallback="DefaultExtraThumbs.png">$INFO[Skin.String(moviefolder)]$INFO[ListItem.Title,,/extrathumbs/thumb4.jpg]</texture>
    <visible>substring(ListItem.Path,stack)</visible>
  </control>
  <control type="largeimage">
    <posy>20</posy>
    <width>175</width>
    <height>112</height>
    <fadetime>FanartCrossFadeTime</fadetime>
    <texture diffuse="thumb_list_tvicon_mask.png">thumb_list_tvicon_glass.png</texture>
  </control>
  </control>
  <control type="group">
    <posy>-120</posy>
  <control type="largeimage">
    <posx>-8</posx>
    <posy>11</posy>
    <width>191</width>
    <height>130</height>
    <fadetime>FanartCrossFadeTime</fadetime>
    <texture>thumb_list_tvicon_shadow.png</texture>
  </control>
  <control type="largeimage">
    <posy>20</posy>
    <width>175</width>
    <height>112</height>
    <aspectratio>stretch</aspectratio>
    <fadetime>FanartCrossFadeTime</fadetime>
    <aspectratio scalediffuse="false">stretch</aspectratio>
    <texture diffuse="thumb_list_tvicon_mask.png" fallback="DefaultExtraThumbs.png">$INFO[ListItem.Path,,extrathumbs/thumb3.jpg]</texture>
    <visible>!substring(ListItem.Path,stack)</visible>
  </control>
  <control type="largeimage">
    <posy>20</posy>
    <width>175</width>
    <height>112</height>
    <aspectratio>stretch</aspectratio>
    <fadetime>FanartCrossFadeTime</fadetime>
    <aspectratio scalediffuse="false">stretch</aspectratio>
    <texture diffuse="thumb_list_tvicon_mask.png" fallback="DefaultExtraThumbs.png">$INFO[Skin.String(moviefolder)]$INFO[ListItem.Title,,/extrathumbs/thumb3.jpg]</texture>
    <visible>substring(ListItem.Path,stack)</visible>
  </control>
  <control type="largeimage">
    <posy>20</posy>
    <width>175</width>
    <height>112</height>
    <fadetime>FanartCrossFadeTime</fadetime>
    <texture diffuse="thumb_list_tvicon_mask.png">thumb_list_tvicon_glass.png</texture>
  </control>
  </control>
  </control>
  <control type="group"><!--thumbs left-->
    <animation effect="slide" time="1000" start="-300,0" end="0,0" delay="1000" tween="cubic" easing="inout">WindowOpen</animation>
    <animation effect="slide" time="1000" start="0,0" end="-300,0" delay="0" tween="cubic" easing="inout">WindowClose</animation>
    <animation effect="slide" start="-350,0" end="0,0" time="700" tween="cubic" easing="inout">VisibleChange</animation>
    <animation effect="rotatey" center="0" end="-10" time="0" condition="true">Conditional</animation>
    <animation effect="slide" end="0,5" time="200" condition="Container.Content(years) | Container.Content(genres)">Conditional</animation>
    <posx>15</posx>
  <control type="group">
    <description>Thumbs on left</description>
    <posy>-37</posy>
  <control type="largeimage">
    <posx>-10</posx>
    <posy>8</posy>
    <width>261</width>
    <height>179</height>
    <fadetime>FanartCrossFadeTime</fadetime>
    <texture>thumb_list_tvicon_shadow.png</texture>
  </control>
  <control type="largeimage">
    <posy>20</posy>
    <width>240</width>
    <height>154</height>
    <aspectratio>stretch</aspectratio>
    <fadetime>FanartCrossFadeTime</fadetime>
    <aspectratio scalediffuse="false">stretch</aspectratio>
    <texture diffuse="thumb_list_tvicon_mask.png" fallback="DefaultExtraThumbs.png">$INFO[ListItem.Path,,extrathumbs/thumb2.jpg]</texture>
    <visible>!substring(ListItem.Path,stack)</visible>
  </control>
  <control type="largeimage">
    <posy>20</posy>
    <width>240</width>
    <height>154</height>
    <aspectratio>stretch</aspectratio>
    <fadetime>FanartCrossFadeTime</fadetime>
    <aspectratio scalediffuse="false">stretch</aspectratio>
    <texture diffuse="thumb_list_tvicon_mask.png" fallback="DefaultExtraThumbs.png">$INFO[Skin.String(moviefolder)]$INFO[ListItem.Title,,/extrathumbs/thumb2.jpg]</texture>
    <visible>substring(ListItem.Path,stack)</visible>
  </control>
  <control type="largeimage">
    <posy>20</posy>
    <width>240</width>
    <height>154</height>
    <fadetime>FanartCrossFadeTime</fadetime>
    <texture diffuse="thumb_list_tvicon_mask.png">thumb_list_tvicon_glass.png</texture>
  </control>
  </control>
  <control type="group">
  <posy>-202</posy>
  <control type="largeimage">
    <posx>-10</posx>
    <posy>8</posy>
    <width>261</width>
    <height>179</height>
    <fadetime>FanartCrossFadeTime</fadetime>
    <texture>thumb_list_tvicon_shadow.png</texture>
  </control>
  <control type="largeimage">
    <posy>20</posy>
    <width>240</width>
    <height>154</height>
    <aspectratio>stretch</aspectratio>
    <fadetime>FanartCrossFadeTime</fadetime>
    <aspectratio scalediffuse="false">stretch</aspectratio>
    <texture diffuse="thumb_list_tvicon_mask.png" fallback="DefaultExtraThumbs.png">$INFO[ListItem.Path,,extrathumbs/thumb1.jpg]</texture>
    <visible>!substring(ListItem.Path,stack)</visible>
  </control>
  <control type="largeimage">
    <posy>20</posy>
    <width>240</width>
    <height>154</height>
    <aspectratio>stretch</aspectratio>
    <fadetime>FanartCrossFadeTime</fadetime>
    <aspectratio scalediffuse="false">stretch</aspectratio>
    <texture diffuse="thumb_list_tvicon_mask.png" fallback="DefaultExtraThumbs.png">$INFO[Skin.String(moviefolder)]$INFO[ListItem.Title,,/extrathumbs/thumb1.jpg]</texture>
    <visible>substring(ListItem.Path,stack)</visible>
  </control>
  <control type="largeimage">
    <posy>20</posy>
    <width>240</width>
    <height>154</height>
    <fadetime>FanartCrossFadeTime</fadetime>
    <texture diffuse="thumb_list_tvicon_mask.png">thumb_list_tvicon_glass.png</texture>
  </control>
  </control>
  </control>
  </control>
  </control>
	</include>

	<include name="ShelfInfoLabel">
		<posx>0</posx>
		<posy>0</posy>
		<height>13</height>
		<font>Font_MultiplexInfoLabel</font>
		<textcolor>$VAR[value_headercolors]</textcolor>
	</include>
	<include name="ShelfInfoValue">
		<posx>0</posx>
		<posy>17</posy>
		<height>13</height>
		<font>Font_MultiplexInfoLabel</font>
		<textcolor>FFFFFFFF</textcolor>
		<scroll>true</scroll>
	</include>
	<include name="ViewShelf">
  <control type="group">
    <include>ShelfInfoPaneVideo</include>
    <visible>Control.IsVisible(59)</visible>
    <animation effect="slide" time="1000" start="-800,0" end="0,0" tween="cubic" easing="out">WindowOpen</animation>
    <animation effect="slide" time="700" start="0,0" end="-800,0" tween="cubic" easing="out">WindowClose</animation>
    <animation effect="slide" time="1000" start="0,600" end="0,0" tween="cubic" easing="out">Visible</animation>
    <include>Animation_HideShowcase</include>
    <include>Animation_CommonFade</include>
    <animation effect="fade" time="200" start="100" end="0">Hidden</animation>
  <control type="fixedlist" id="59">
    <viewtype label="31809">list</viewtype>
    <posx>-30</posx>
    <posy>275</posy>
    <height>615</height>
    <width>1900</width><!-- 1400 -->
    <onleft>59</onleft>
    <onright>59</onright>
    <onup condition="Container.Content(movies) + [SubString(skin.string(movies_info_shelf),off) | SubString(skin.string(movies_info_shelf),on) | SubString(skin.string(movies_info_shelf),auto)]">9900</onup>
    <onup condition="Container.Content(movies) + SubString(skin.string(movies_info_shelf),trigger)">9910</onup>
    <onup condition="Container.Content(musicvideos) + [SubString(skin.string(musicvideos_info_shelf),off) | SubString(skin.string(musicvideos_info_shelf),on) | SubString(skin.string(musicvideos_info_shelf),auto)]">9900</onup>
    <onup condition="Container.Content(musicvideos) + SubString(skin.string(musicvideos_info_shelf),trigger)">9910</onup>
    <onup condition="Container.Content(tvshows) + [SubString(skin.string(tvshows_info_shelf),off) | SubString(skin.string(tvshows_info_shelf),on) | SubString(skin.string(tvshows_info_shelf),auto)]">9900</onup>
    <onup condition="Container.Content(tvshows) + SubString(skin.string(tvshows_info_shelf),trigger)">9910</onup>
    <onup condition="Container.Content(seasons) + [SubString(skin.string(seasons_info_shelf),off) | SubString(skin.string(seasons_info_shelf),on) | SubString(skin.string(seasons_info_shelf),auto)]">9900</onup>
    <onup condition="Container.Content(seasons) + SubString(skin.string(seasons_info_shelf),trigger)">9910</onup>
    <onup condition="Container.Content(episodes) + [SubString(skin.string(episodes_info_shelf),off) | SubString(skin.string(episodes_info_shelf),on) | SubString(skin.string(episodes_info_shelf),auto)]">9900</onup>
    <onup condition="Container.Content(episodes) + SubString(skin.string(episodes_info_shelf),trigger)">9910</onup>
    <onup condition="Window.IsActive(1) + [SubString(skin.string(programs_info_shelf),off) | SubString(skin.string(programs_info_shelf),on) | SubString(skin.string(programs_info_shelf),auto)]">9900</onup>
    <onup condition="Window.IsActive(1) + SubString(skin.string(programs_info_shelf),trigger)">9910</onup>
    <ondown>64</ondown>
    <orientation>horizontal</orientation>
    <focusposition>3</focusposition>
    <scrolltime>400</scrolltime>
    <preloaditems>2</preloaditems>
    <pagecontrol>64</pagecontrol>
    <camera x="1340" y="380" />
    <animation effect="rotatey" center="50" start="8" end="8" time="0" condition="true">Conditional</animation>
    <visible>Container.Content(movies) | Container.Content(tvshows) | Container.Content(seasons) | Container.Content(albums) | Container.Content(artists) | Window.IsActive(1) | Container.Content(Addons)</visible>
    <itemlayout width="176" height="245" condition="Window.IsActive(videolibrary) | Window.IsActive(1)">
  <control type="group">
    <posx>150</posx>
    <posy>0</posy>
  <control type="image"><!--default-->
    <posx>-2</posx>
    <posy>133</posy>
    <width>28</width>
    <height>236.5</height>
    <texture>shelf_case_default.png</texture>
    <aspectratio scalediffuse="false">stretch</aspectratio>
  </control>
  <control type="image">
    <posx>-2</posx>
    <posy>360</posy>
    <width>36</width>
    <height>304</height>
    <texture>shelf_reflect_bottom.png</texture>
    <colordiffuse>89FFFFFF</colordiffuse>
    <aspectratio scalediffuse="false">stretch</aspectratio>
  </control>
  <control type="image">
    <posx>-149</posx>
    <posy>131</posy>
    <width>162</width>
    <height>241</height>
    <texture>thumb_shelf_posterview_diffuse.png</texture>
  </control>
  <control type="image"><!-- Icon mode  -->
    <posx>-149</posx>
    <posy>131</posy>
    <width>162</width>
    <height>241</height>
    <texture diffuse="thumb_shelf_posterview_diffuse.png" fallback="DefaultVideoPoster.png" background="true">$VAR[value_poster]</texture>
    <fadetime>200</fadetime>
    <aspectratio scalediffuse="false">stretch</aspectratio>
    <visible>!Container.Content(Genres) + [Container.Content(Movies) | Container.Content(MusicVideos)] | Container.Content(Seasons) | !Skin.HasSetting(tvposter) | Window.IsActive(1) | Container.Content(Addons)</visible>
  </control>
  <control type="image"><!-- genre builtin icon -->
    <posx>-149</posx>
    <posy>131</posy>
    <width>162</width>
    <height>241</height>
    <texture diffuse="thumb_shelf_posterview_diffuse.png" fallback="DefaultMovieGenre.jpg">moviegenre/$INFO[ListItem.Label].jpg</texture>
    <fadetime>200</fadetime>
    <aspectratio scalediffuse="false">stretch</aspectratio>
    <visible>Container.Content(Genres) + !Skin.HasSetting(nomoviegenrebuiltin)</visible>
  </control>
  <control type="image"><!-- genre custom icon -->
    <posx>-149</posx>
    <posy>131</posy>
    <width>162</width>
    <height>241</height>
    <texture diffuse="thumb_shelf_posterview_diffuse.png" fallback="DefaultMovieGenre.jpg">$INFO[Skin.String(CustomVideoGenreIcon)]/$INFO[ListItem.Label].jpg</texture>
    <fadetime>200</fadetime>
    <aspectratio scalediffuse="false">stretch</aspectratio>
    <visible>Container.Content(Genres) + Skin.HasSetting(nomoviegenrebuiltin)</visible>
  </control>
  <control type="image">
    <posx>-150</posx>
    <posy>368</posy>
    <width>162</width>
    <height>241</height>
    <texture flipy="true">thumb_shelf_posterview_diffuse_border.png</texture>
    <fadetime>200</fadetime>
    <colordiffuse>89FFFFFF</colordiffuse>
    <aspectratio scalediffuse="false">stretch</aspectratio>
    <animation effect="fade" start="0" end="30" time="0" condition="true">Conditional</animation>
  </control>
  <control type="image"><!-- Icon mode  -->
    <posx>-150</posx>
    <posy>368</posy>
    <width>162</width>
    <height>241</height>
    <texture flipy="true" diffuse="thumb_shelf_posterview_diffuse.png" fallback="DefaultVideoPoster.png" background="true">$VAR[value_poster]</texture>
    <fadetime>200</fadetime>
    <colordiffuse>89FFFFFF</colordiffuse>
    <aspectratio scalediffuse="false">stretch</aspectratio>
    <visible>!Container.Content(Genres) + [Container.Content(Movies) | Container.Content(MusicVideos)] | Container.Content(Seasons) | Container.Content(TVShows) | Window.IsActive(1) | Container.Content(Addons)</visible>
  </control>
  <control type="image"><!-- genre builtin icon -->
    <posx>-150</posx>
    <posy>368</posy>
    <width>162</width>
    <height>241</height>
    <texture diffuse="thumb_shelf_posterview_diffuse.png" fallback="DefaultMovieGenre.jpg">moviegenre/$INFO[ListItem.Label].jpg</texture>
    <fadetime>200</fadetime>
    <colordiffuse>89FFFFFF</colordiffuse>
    <aspectratio scalediffuse="false">stretch</aspectratio>
    <visible>Container.Content(Genres) + !Skin.HasSetting(nomoviegenrebuiltin)</visible>
  </control>
  <control type="image"><!-- genre custom icon -->
    <posx>-150</posx>
    <posy>368</posy>
    <width>162</width>
    <height>241</height>
    <texture diffuse="thumb_shelf_posterview_diffuse.png" fallback="DefaultMovieGenre.jpg">$INFO[Skin.String(CustomVideoGenreIcon)]/$INFO[ListItem.Label].jpg</texture>
    <fadetime>200</fadetime>
    <colordiffuse>89FFFFFF</colordiffuse>
    <aspectratio scalediffuse="false">stretch</aspectratio>
    <visible>Container.Content(Genres) + Skin.HasSetting(nomoviegenrebuiltin)</visible>
  </control>
  <control type="image">
    <posx>-30</posx>
    <posy>128</posy>
    <width>45</width>
    <height>45</height>
    <texture>$INFO[ListItem.Overlay]</texture>
    <visible>![Skin.HasSetting(nooverlays) | IsEmpty(ListItem.Overlay)]</visible>
  </control>
  </control>
  </itemlayout>
  <focusedlayout width="220" height="515" condition="Window.IsActive(videolibrary) | Window.IsActive(1)">
  <control type="group">
    <posx>140</posx>
    <posy>0</posy>
  <control type="image"><!--default focus-->
    <posx>44</posx>
    <posy>92</posy>
    <width>36</width>
    <height>294</height>
    <texture>shelf_case_default.png</texture>
    <aspectratio scalediffuse="false">stretch</aspectratio>
    <animation type="Focus" reversible="false">
    <effect type="zoom" center="60,238" start="80" end="100" time="600" tween="cubic" easing="out" />
    </animation>
  </control>
  <control type="image"><!--reflection-->
    <posx>48</posx>
    <posy>378</posy>
    <width>48</width>
    <height>304</height>
    <texture>shelf_case_botton.png</texture>
    <aspectratio scalediffuse="false">stretch</aspectratio>
    <animation type="Focus" reversible="false">
    <effect type="zoom" center="60,238" start="80" end="100" time="600" tween="cubic" easing="out" />
    </animation>
  </control>
  <control type="image">
    <posx>-148</posx>
    <posy>89</posy>
    <width>211</width>
    <height>300</height>
    <texture>thumb_shelf_posterview_diffuse.png</texture>
    <fadetime>200</fadetime>
    <aspectratio scalediffuse="false">stretch</aspectratio>
    <animation type="Focus" reversible="false">
    <effect type="zoom" center="60,238" start="80" end="100" time="600" tween="cubic" easing="out" />
    </animation>
  </control>
  <control type="image">
    <posx>-148</posx>
    <posy>390</posy>
    <width>211</width>
    <height>300</height>
    <texture flipy="true">thumb_shelf_posterview_diffuse.png</texture>
    <colordiffuse>ff000000</colordiffuse>
    <aspectratio scalediffuse="false">stretch</aspectratio>
    <animation type="Focus" reversible="false">
    <effect type="zoom" center="60,238" start="80" end="100" time="600" tween="cubic" easing="out" />
    </animation>
  </control>
  <control type="image"><!-- Icon mode  -->
    <posx>-148</posx>
    <posy>89</posy>
    <width>211</width>
    <height>300</height>
    <texture diffuse="thumb_shelf_posterview_diffuse.png" fallback="DefaultVideoPoster.png" background="true">$VAR[value_poster]</texture>
    <fadetime>200</fadetime>
    <aspectratio scalediffuse="false">stretch</aspectratio>
    <animation type="Focus" reversible="false">
    <effect type="zoom" center="60,238" start="80" end="100" time="600" tween="cubic" easing="out" />
    </animation>
    <visible>!Container.Content(Genres) + [Container.Content(Movies) | Container.Content(MusicVideos)] | Container.Content(Seasons) | Container.Content(TVShows) | Window.IsActive(1) | Container.Content(Addons)</visible>
  </control>
  <control type="image"><!-- genre builtin icon -->
    <posx>-148</posx>
    <posy>89</posy>
    <width>211</width>
    <height>300</height>
    <texture diffuse="thumb_shelf_posterview_diffuse.png" fallback="DefaultMovieGenre.jpg">moviegenre/$INFO[ListItem.Label].jpg</texture>
    <fadetime>200</fadetime>
    <aspectratio scalediffuse="false">stretch</aspectratio>
    <animation type="Focus" reversible="false">
      <effect type="zoom" center="60,238" start="80" end="100" time="600" tween="cubic" easing="out" />
    </animation>
    <visible>Container.Content(Genres) + !Skin.HasSetting(nomoviegenrebuiltin)</visible>
  </control>
  <control type="image"><!-- genre custom icon -->
    <posx>-148</posx>
    <posy>89</posy>
    <width>211</width>
    <height>300</height>
    <texture diffuse="thumb_shelf_posterview_diffuse.png" fallback="DefaultMovieGenre.jpg">$INFO[Skin.String(CustomVideoGenreIcon)]/$INFO[ListItem.Label].jpg</texture>
    <fadetime>200</fadetime>
    <aspectratio scalediffuse="false">stretch</aspectratio>
    <animation type="Focus" reversible="false">
      <effect type="zoom" center="60,238" start="80" end="100" time="600" tween="cubic" easing="out" />
    </animation>
    <visible>Container.Content(Genres) + Skin.HasSetting(nomoviegenrebuiltin)</visible>
  </control>
  <control type="image">
    <posx>-148</posx>
    <posy>386</posy>
    <width>211</width>
    <height>300</height>
    <texture flipy="true">thumb_shelf_posterview_diffuse_border.png</texture>
    <fadetime>200</fadetime>
    <aspectratio scalediffuse="false">stretch</aspectratio>
    <animation type="Focus" reversible="false">
    <effect type="zoom" center="60,238" start="80" end="100" time="600" tween="cubic" easing="out" />
    </animation>
    <visible>!Container.Content(Genres)</visible>
  </control>
  <control type="image"><!-- Icon mode  -->
    <posx>-148</posx>
    <posy>386</posy>
    <width>211</width>
    <height>300</height>
    <texture flipy="true" diffuse="thumb_shelf_posterview_diffuse.png" fallback="DefaultVideoPoster.png" background="true">$VAR[value_poster]</texture>
    <fadetime>200</fadetime>
    <aspectratio scalediffuse="false">stretch</aspectratio>
    <animation type="Focus" reversible="false">
    <effect type="zoom" center="60,238" start="80" end="100" time="600" tween="cubic" easing="out" />
    </animation>
    <visible>!Container.Content(Genres) + [Container.Content(Movies) | Container.Content(MusicVideos)] | Container.Content(Seasons) | Container.Content(TVShows) | Window.IsActive(1) | Container.Content(Addons)</visible>
  </control>
  <control type="image"><!-- genre builtin icon -->
    <posx>-148</posx>
    <posy>390</posy>
    <width>211</width>
    <height>300</height>
    <texture diffuse="thumb_shelf_posterview_diffuse.png" fallback="DefaultMovieGenre.jpg">moviegenre/$INFO[ListItem.Label].jpg</texture>
    <fadetime>200</fadetime>
    <aspectratio scalediffuse="false">stretch</aspectratio>
    <animation type="Focus" reversible="false">
    <effect type="zoom" center="60,238" start="80" end="100" time="600" tween="cubic" easing="out" />
    </animation>
    <visible>Container.Content(Genres) + !Skin.HasSetting(nomoviegenrebuiltin)</visible>
  </control>
  <control type="image"><!-- genre custom icon -->
    <posx>-148</posx>
    <posy>390</posy>
    <width>211</width>
    <height>300</height>
    <texture diffuse="thumb_shelf_posterview_diffuse.png" fallback="DefaultMovieGenre.jpg">$INFO[Skin.String(CustomVideoGenreIcon)]/$INFO[ListItem.Label].jpg</texture>
    <fadetime>200</fadetime>
    <aspectratio scalediffuse="false">stretch</aspectratio>
    <animation type="Focus" reversible="false">
    <effect type="zoom" center="60,238" start="80" end="100" time="600" tween="cubic" easing="out" />
    </animation>
    <visible>Container.Content(Genres) + Skin.HasSetting(nomoviegenrebuiltin)</visible>
  </control>
  <control type="image">
    <posx>5</posx>
    <posy>85</posy>
    <width>60</width>
    <height>60</height>
    <texture>$INFO[ListItem.Overlay]</texture>
    <animation type="Focus" reversible="false">
    <effect type="zoom" center="60,238" start="80" end="100" time="600" tween="cubic" easing="out" />
    </animation>
    <visible>![Skin.HasSetting(nooverlays) | IsEmpty(ListItem.Overlay)]</visible>
  </control>
  </control>
  </focusedlayout>
  <itemlayout width="176" height="245" condition="Window.IsActive(musiclibrary)">
    <control type="group">
    <posx>150</posx>
    <posy>60</posy>
  <control type="image">
    <posx>-2</posx>
    <posy>133</posy>
    <width>26</width>
    <height>160</height>
    <texture>shelf_case_default.png</texture>
    <aspectratio scalediffuse="false">stretch</aspectratio>
  </control>
  <control type="image">
    <posx>-2</posx>
    <posy>284</posy>
    <width>40</width>
    <height>304</height>
    <texture>shelf_case_botton.png</texture>
    <colordiffuse>89FFFFFF</colordiffuse>
    <aspectratio scalediffuse="false">stretch</aspectratio>
  </control>
  <control type="image">
    <posx>-149</posx>
    <posy>131</posy>
    <width>162</width>
    <height>162</height>
    <texture>thumb_cdmask_diffuse.png</texture>
  </control>
  <control type="image">
    <posx>-149</posx>
    <posy>131</posy>
    <width>162</width>
    <height>162</height>
    <texture diffuse="thumb_cdmask_diffuse.png" background="true">$VAR[value_poster]</texture>
    <fadetime>200</fadetime>
    <aspectratio scalediffuse="false">stretch</aspectratio>
  </control>
  <control type="image">
    <posx>-150</posx>
    <posy>290</posy>
    <width>162</width>
    <height>162</height>
    <texture flipy="true">thumb_shelf_posterview_diffuse_border.png</texture>
    <fadetime>200</fadetime>
    <colordiffuse>89FFFFFF</colordiffuse>
    <aspectratio scalediffuse="false">stretch</aspectratio>
    <animation effect="fade" start="0" end="30" time="0" condition="true">Conditional</animation>
  </control>
  <control type="image">
    <posx>-150</posx>
    <posy>290</posy>
    <width>162</width>
    <height>162</height>
    <texture flipy="true" diffuse="thumb_cdmask_diffuse.png" background="true">$VAR[value_poster]</texture>
    <fadetime>200</fadetime>
    <colordiffuse>89FFFFFF</colordiffuse>
    <aspectratio scalediffuse="false">stretch</aspectratio>
    <visible>!Container.Content(Genres)</visible>
  </control>
  </control>
  </itemlayout>
  <focusedlayout width="220" height="515" condition="Window.IsActive(musiclibrary)">
  <control type="group">
    <posx>140</posx>
    <posy>60</posy>
  <control type="image">
    <posx>44</posx>
    <posy>93</posy>
    <width>36</width>
    <height>206</height>
    <texture>shelf_case_default.png</texture>
    <aspectratio scalediffuse="false">stretch</aspectratio>
    <animation type="Focus" reversible="false">
    <effect type="zoom" center="60,238" start="80" end="100" time="600" tween="cubic" easing="out" />
    <effect type="fade" start="0" end="100" time="600" />
    </animation>
  </control>
  <control type="image">
    <posx>48</posx>
    <posy>289</posy>
    <width>48</width>
    <height>304</height>
    <texture>shelf_case_botton.png</texture>
    <aspectratio scalediffuse="false">stretch</aspectratio>
    <animation type="Focus" reversible="false">
    <effect type="zoom" center="60,238" start="80" end="100" time="600" tween="cubic" easing="out" />
    <effect type="fade" start="0" end="800" time="800" />
    </animation>
  </control>
  <control type="image">
    <posx>-148</posx>
    <posy>90</posy>
    <width>211</width>
    <height>211</height>
    <texture>thumb_cdmask_diffuse.png</texture>
    <fadetime>200</fadetime>
    <aspectratio scalediffuse="false">stretch</aspectratio>
    <animation type="Focus" reversible="false">
    <effect type="zoom" center="60,238" start="80" end="100" time="600" tween="cubic" easing="out" />
    </animation>
  </control>
  <control type="image">
    <posx>-148</posx>
    <posy>302</posy>
    <width>211</width>
    <height>211</height>
    <texture flipy="true">thumb_cdmask_diffuse.png</texture>
    <colordiffuse>ff000000</colordiffuse>
    <aspectratio scalediffuse="false">stretch</aspectratio>
    <animation type="Focus" reversible="false">
    <effect type="zoom" center="60,238" start="80" end="100" time="600" tween="cubic" easing="out" />
    <effect type="fade" start="0" end="100" time="600" />
    </animation>
  </control>
  <control type="image">
    <posx>-148</posx>
    <posy>90</posy>
    <width>211</width>
    <height>211</height>
    <texture diffuse="thumb_cdmask_diffuse.png" background="true">$VAR[value_poster]</texture>
    <fadetime>200</fadetime>
    <aspectratio scalediffuse="false">stretch</aspectratio>
    <animation type="Focus" reversible="false">
    <effect type="zoom" center="60,238" start="80" end="100" time="600" tween="cubic" easing="out" />
    </animation>
  </control>
  <control type="image">
    <posx>-146</posx>
    <posy>298</posy>
    <width>211</width>
    <height>211</height>
    <texture flipy="true">thumb_cdmask_diffuse.png</texture>
    <fadetime>200</fadetime>
    <aspectratio scalediffuse="false">stretch</aspectratio>
    <animation type="Focus" reversible="false">
    <effect type="zoom" center="60,238" start="80" end="100" time="600" tween="cubic" easing="out" />
    <effect type="fade" start="0" end="30" time="600" />
    </animation>
  </control>
  <control type="image">
    <posx>-148</posx>
    <posy>298</posy>
    <width>211</width>
    <height>211</height>
    <texture flipy="true" diffuse="thumb_cdmask_diffuse.png" background="true">$VAR[value_poster]</texture>
    <fadetime>200</fadetime>
    <aspectratio scalediffuse="false">stretch</aspectratio>
    <animation type="Focus" reversible="false">
    <effect type="zoom" center="60,238" start="80" end="100" time="600" tween="cubic" easing="out" />
    <effect type="fade" start="0" end="70" time="600" />
    </animation>
  </control>
  </control>
  </focusedlayout>
  </control>
  </control>
  <control type="image">
    <visible>Control.IsVisible(59)</visible>
    <posx>0</posx>
    <posy>0</posy>
    <width>1280</width>
    <height>720</height>
    <texture>shelf_overlay.png</texture>
    <aspectratio>stretch</aspectratio>
  </control>
  <!-- Browser label and flags -->
  <control type="group">
    <visible>Control.IsVisible(59)</visible>
    <include>Animation_OpenCloseZoom</include>
    <include>Animation_VisibleHiddenZoom</include>
    <animation effect="zoom" start="100" end="55" time="0" center="30,620" condition="true">Conditional</animation>
    <posx>0</posx>
    <posy>30</posy>
  <control type="image">
    <posx>10</posx>
    <colordiffuse>FFe1e1e1</colordiffuse>
    <include>Furniture_FloorMediaFlagsVars</include>
    <texture>$INFO[ListItem.VideoResolution,flags/resolution/,.png]</texture>
  </control>
  <control type="image">
    <posx>110</posx>
    <colordiffuse>FFe1e1e1</colordiffuse>
    <include>Furniture_FloorMediaFlagsVars</include>
    <texture>$INFO[ListItem.VideoCodec,flags/VideoCodec/,.png]</texture>
    <aspectratio>keep</aspectratio>
  </control>
  <control type="image">
    <posx>-10</posx>
    <posy>635</posy>
    <colordiffuse>FFe1e1e1</colordiffuse>
    <include>Furniture_FloorMediaFlagsVars</include>
    <texture>$INFO[ListItem.studio,flags/studios/,.png]</texture>
    <visible>[!Skin.HasSetting(notvmediaflags) + Container.Content(tvshows)] + !Skin.HasSetting(nostudiosbuiltin)</visible>
  </control>
  <control type="image">
    <posx>-10</posx>
    <posy>635</posy>
    <colordiffuse>FFe1e1e1</colordiffuse>
    <include>Furniture_FloorMediaFlagsVars</include>
    <texture>$INFO[Skin.String(CustomStudiosIcon)]/$INFO[ListItem.studio,,.png]</texture>
    <visible>[!Skin.HasSetting(notvmediaflags) + Container.Content(tvshows)] + Skin.HasSetting(nostudiosbuiltin)</visible>
  </control>
  <control type="image">
		<posx>215</posx>
		<posy>660</posy>
		<width>110</width>
		<height>60</height>
		<colordiffuse>FFe1e1e1</colordiffuse>
    <texture>$INFO[ListItem.AudioChannels,flags/audio/,ch.png]</texture>
  </control>
  </control>
  <control type="fadelabel">
    <posx>25</posx>
    <posy>695</posy>
    <width>500</width>
    <height>50</height>
    <align>left</align>
    <label>[B]$INFO[ListItem.Label][/B]</label>
    <scrollout>false</scrollout>
    <font>Font_MultiplexInfoLabel</font>
    <textcolor>FFe1e1e1</textcolor>
    <visible>Control.IsVisible(59)</visible>
 </control>
 <control type="scrollbar" id="64">
    <include>ScrollBar_Horizontal</include>
    <posx>305</posx>
    <posy>680</posy>
    <width>670</width>
    <onup>59</onup>
    <ondown>9920</ondown>
    <onleft>64</onleft>
    <onright>64</onright>
    <include>Animation_HideShowcase</include>
    <visible allowhiddenfocus="true">Control.IsVisible(59) + Control.HasFocus(64)</visible>
  </control>
  </include>
  </includes>