﻿<!-- Aeon MQ 4 -->

<includes>
  <!--##################################################################################   VISTA WIDE - 570   ##################################################################################-->
	<include name="WideWatchedOverlay_Slim">
		<posx>530</posx>
		<posy>3</posy>
		<width>80</width>
		<height>37</height>
	</include>
	<include name="WideLabel_MainSmall_Slim">
		<posx>0</posx>
		<posy>0</posy>
		<width>390</width>
		<height>39</height>
		<font>Font_MultiplexInfoLabel</font>
		<aligny>center</aligny>
		<animation effect="slide" start="60,0" end="60,0" time="200" condition="[Window.IsActive(500) | Window.IsActive(501) | Window.IsActive(502) | Window.IsActive(videofiles) | [Window.IsActive(25) + !Container.Content(movies)]]">Conditional</animation>
	</include>
	<include name="ListLabel_DetailSmall_Slim2">
    <posx>520</posx>
    <posy>0</posy>
    <width>90</width>
    <height>41</height>
    <font>Font_ListObjects</font>
    <align>center</align>
    <aligny>center</aligny>
    <animation effect="slide" start="-25,0" end="-25,0" time="200" condition="Window.IsActive(2) | Container.Content(tvshows) | Container.Content(seasons) | [Window.IsActive(502) + !Container.Content(songs) + !Container.Content(albums)]">Conditional</animation>
  </include>
  <include name="ListLabel_DetailSmall_Label">
    <posx>500</posx>
    <posy>0</posy>
    <width>300</width>
    <height>41</height>
    <font>Font_MultiplexInfoLabel</font>
    <align>left</align>
    <aligny>center</aligny>
    <textcolor>$VAR[value_headercolors]</textcolor>
    <animation effect="slide" start="-25,0" end="-25,0" time="200" condition="Window.IsActive(2) | Container.Content(tvshows) | Container.Content(seasons) | [Window.IsActive(502) + !Container.Content(songs) + !Container.Content(albums)]">Conditional</animation>
  </include>
  <include name="ListLabel_DetailSmall_Value">
    <posx>500</posx>
    <posy>20</posy>
    <width>600</width>
    <height>41</height>
    <font>Font_MultiplexInfoLabel</font>
    <align>left</align>
    <aligny>center</aligny>
    <animation effect="slide" start="-25,0" end="-25,0" time="200" condition="Window.IsActive(2) | Container.Content(tvshows) | Container.Content(seasons) | [Window.IsActive(502) + !Container.Content(songs) + !Container.Content(albums)]">Conditional</animation>
  </include>
  <include name="ListLine_Value">
    <posx>490</posx>
    <posy>60</posy>
    <height>1</height>
    <width>620</width>
    <texture>common_line.png</texture>
    <animation effect="slide" start="-25,0" end="-25,0" time="200" condition="Window.IsActive(2) | Container.Content(tvshows) | Container.Content(seasons) | [Window.IsActive(502) + !Container.Content(songs) + !Container.Content(albums)]">Conditional</animation>
	</include>
	<include name="ViewWide">
  <control type="group">
  <control type="image">
    <posx>0</posx>
    <posy>500</posy>
    <width>1280</width>
    <height>220</height>
    <texture background="true">osd_black_bg.png</texture>
    <visible>Control.IsVisible(570)</visible>
  </control>
  <control type="image">
    <posx>0</posx>
    <posy>135</posy>
    <width>592</width>
    <height>585</height>
    <texture background="true">panel_wide_left.png</texture>
    <visible>Control.IsVisible(570)</visible>
  </control>
  <control type="image">
    <posx>616</posx>
    <posy>0</posy>
    <width>664</width>
    <height>720</height>
    <texture background="true">panel_wide_right.png</texture>
    <visible>Control.IsVisible(570)</visible>
  </control>
  <control type="image">
    <posx>478</posx>
    <posy>158</posy>
    <width>44</width>
    <height>562</height>
    <texture>panel_list_detailwide.png</texture>
    <visible>[Window.IsActive(25) + [substring(Container.FolderPath,videodb://2/) | substring(Container.FolderPath,videodb://5/)]] | [Window.IsActive(25) + Container.Content(seasons)] | [Window.IsActive(25) + Container.Content(episodes)] | [Window.IsActive(25) + Window.IsActive(videofiles)]</visible>
    <visible>Control.IsVisible(570)</visible>
  </control>
  <control type="button" id="562">
    <include>InvisibleButton</include>
    <onfocus>570</onfocus>
    <onright>570</onright>
    <onleft>570</onleft>
    <onup>570</onup>
    <ondown>570</ondown>
  </control>
  <control type="list" id="570">
    <visible>Container.Content(TVShows) | Container.Content(Seasons) | Container.Content(Episodes) | Window.IsActive(videofiles)</visible>
    <viewtype label="31813">list</viewtype>
    <posx>-20</posx>
    <posy>165</posy>
    <width>590</width>
    <height>495</height>
    <pagecontrol>81</pagecontrol>
    <scrolltime>200</scrolltime>
    <onleft>81</onleft>
    <onright>562</onright>
    <onup>570</onup>
    <ondown>570</ondown>
    <orientation>vertical</orientation>
    <scrolltime>450</scrolltime>
    <movement>2</movement>
    <itemlayout height="35">
  <control type="image">
    <posx>20</posx>
    <posy>39</posy>
    <height>1</height>
    <width>570</width>
    <texture>common_line.png</texture>
    <visible>!Control.HasFocus(81)</visible>
  </control>
  <control type="image">
    <posx>45</posx>
    <posy>39</posy>
    <height>1</height>
    <width>545</width>
    <texture>common_line.png</texture>
    <visible>Control.HasFocus(81)</visible>
  </control>
  <control type="label">
    <include>WideLabel_MainSmall_Slim</include>
    <include>listcolornofocus</include>
    <info>ListItem.Label</info>
  </control>
  <control type="label">
    <posx>545</posx>
    <include>ListLabel_DetailSmall_Slim2</include>
    <include>detailcolornofocus</include>
    <label>[UPPERCASE]$INFO[ListItem.Year][/UPPERCASE]</label>
    <visible>Container.Content(tvshows)</visible>
  </control>
  <control type="label">
    <posx>520</posx>
    <include>ListLabel_DetailSmall_Slim2</include>
    <include>detailcolornofocus</include>
    <label>[UPPERCASE]$INFO[ListItem.Year][/UPPERCASE]</label>
    <visible>Container.Content(episodes)</visible>
  </control>
  <control type="image">
    <include>WideWatchedOverlay_Slim</include>
    <info>ListItem.Overlay</info>
    <visible>[substring(Container.FolderPath,videodb://2/) | substring(Container.FolderPath,videodb://5/)] + ![IsEmpty(ListItem.Overlay) | Skin.HasSetting(nooverlays)]</visible>
  </control>
  <control type="image">
    <posx>450</posx>
    <posy>8</posy>
    <height>28</height>
    <width>40</width>
    <colordiffuse>20FFFFFF</colordiffuse>
    <texture>flags/resolution/hdflag.png</texture>
    <visible>[substring(ListItem.VideoResolution,720) | substring(ListItem.VideoResolution,1080)]</visible>
  </control>
  </itemlayout>
  <focusedlayout height="35">
  <control type="image">
    <posx>20</posx>
    <posy>39</posy>
    <height>1</height>
    <width>570</width>
    <texture>common_line.png</texture>
    <include>Animation_CommonFade</include>
    <visible>!Control.HasFocus(81)</visible>
  </control>
  <control type="image">
    <posx>45</posx>
    <posy>39</posy>
    <height>1</height>
    <width>545</width>
    <texture>common_line.png</texture>
    <visible>Control.HasFocus(81)</visible>
  </control>
  <control type="image">
    <posx>20</posx>
    <posy>4</posy>
    <width>570</width>
    <height>36</height>
    <texture>settings_button_focus.png</texture>
    <visible>!Control.HasFocus(81)</visible>
  </control>
  <control type="image">
    <posx>450</posx>
    <posy>8</posy>
    <height>28</height>
    <width>40</width>
    <colordiffuse>C4000000</colordiffuse>
    <texture>flags/resolution/hdflag.png</texture>
    <visible>[substring(ListItem.VideoResolution,720) | substring(ListItem.VideoResolution,1080)]</visible>
  </control>
  <control type="label">
    <include>WideLabel_MainSmall_Slim</include>
    <include>listcolorfocus</include>
    <info>ListItem.Label</info>
    <visible>Control.HasFocus(570)</visible>
  </control>
  <control type="label">
    <include>WideLabel_MainSmall_Slim</include>
    <include>listcolornofocus</include>
    <info>ListItem.Label</info>
    <visible>!Control.HasFocus(570)</visible>
  </control>
  <control type="label">
    <posx>545</posx>
    <include>ListLabel_DetailSmall_Slim2</include>
    <include>detailcolorfocus</include>
    <label>[UPPERCASE]$INFO[ListItem.Year][/UPPERCASE]</label>
    <visible>Container.Content(tvshows) + Control.HasFocus(570)</visible>
  </control>
  <control type="label">
    <posx>545</posx>
    <include>ListLabel_DetailSmall_Slim2</include>
    <include>detailcolornofocus</include>
    <label>[UPPERCASE]$INFO[ListItem.Year][/UPPERCASE]</label>
    <visible>Container.Content(tvshows) + !Control.HasFocus(570)</visible>
  </control>
  <control type="label">
    <posx>520</posx>
    <include>ListLabel_DetailSmall_Slim2</include>
    <include>detailcolorfocus</include>
    <label>[UPPERCASE]$INFO[ListItem.Year][/UPPERCASE]</label>
    <visible>Container.Content(episodes) + Control.HasFocus(570)</visible>
    </control>
  <control type="label">
    <posx>520</posx>
    <include>ListLabel_DetailSmall_Slim2</include>
    <include>detailcolornofocus</include>
    <label>[UPPERCASE]$INFO[ListItem.Year][/UPPERCASE]</label>
    <visible>Container.Content(episodes) + !Control.HasFocus(570)</visible>
  </control>
  <control type="image">
    <include>WideWatchedOverlay_Slim</include>
    <info>ListItem.Overlay</info>
    <visible>[substring(Container.FolderPath,videodb://2/) | substring(Container.FolderPath,videodb://5/)] + ![IsEmpty(ListItem.Overlay) | Skin.HasSetting(nooverlays)]</visible>
  </control>
  </focusedlayout>
  </control>
  <control type="label" id="161">
    <posx>-22</posx>
    <posy>675</posy>
    <width>180</width>
    <height>41</height>
    <font>Font_ListObjects</font>
    <align>left</align>
    <aligny>center</aligny>
    <textcolor>ff969696</textcolor>
    <animation effect="slide" start="60,0" end="60,0" time="0" condition="Window.IsActive(500) | Window.IsActive(501) | Window.IsActive(502) | [Window.IsActive(25) + [substring(Container.FolderPath,videodb://2/) | substring(Container.FolderPath,videodb://5/)]] | Window.IsActive(videofiles)">Conditional</animation>
    <label>[B][UPPERCASE]$INFO[Container.NumItems] $LOCALIZE[31005][/UPPERCASE][/B]</label>
    <visible>Container.Content(tvshows) + Control.IsVisible(570)</visible>
  </control>
  <control type="label" id="162">
    <posx>-22</posx>
    <posy>675</posy>
    <width>180</width>
    <height>41</height>
    <font>Font_ListObjects</font>
    <align>left</align>
    <aligny>center</aligny>
    <textcolor>ff969696</textcolor>
    <animation effect="slide" start="60,0" end="60,0" time="0" condition="Window.IsActive(500) | Window.IsActive(501) | Window.IsActive(502) | [Window.IsActive(25) + [substring(Container.FolderPath,videodb://2/) | substring(Container.FolderPath,videodb://5/)]] | Window.IsActive(videofiles)">Conditional</animation>
    <label>[B][UPPERCASE]$INFO[Container.NumItems] $LOCALIZE[31526][/UPPERCASE][/B]</label>
    <visible>Container.Content(seasons) + Control.IsVisible(570)</visible>
  </control>
  <control type="label" id="163">
    <posx>-22</posx>
    <posy>675</posy>
    <width>180</width>
    <height>41</height>
    <font>Font_ListObjects</font>
    <align>left</align>
    <aligny>center</aligny>
    <textcolor>ff969696</textcolor>
    <animation effect="slide" start="60,0" end="60,0" time="0" condition="Window.IsActive(500) | Window.IsActive(501) | Window.IsActive(502) | [Window.IsActive(25) + [substring(Container.FolderPath,videodb://2/) | substring(Container.FolderPath,videodb://5/)]] | Window.IsActive(videofiles)">Conditional</animation>
    <label>[B][UPPERCASE]$INFO[Container.NumItems] $LOCALIZE[31527][/UPPERCASE][/B]</label>
    <visible>Container.Content(episodes) + Control.IsVisible(570)</visible>
  </control>
  </control>
  <control type="group">
    <animation effect="slide" start="0,0" end="600,0" delay="0" time="200" easing="out" condition="Control.HasFocus(562)">Conditional</animation>
    <animation effect="slide" start="600,0" end="0,0" delay="0" time="400" easing="inout" condition="!Control.HasFocus(562)">Conditional</animation>
    <posx>722</posx>
    <posy>0</posy>
    <visible>Control.IsVisible(570)</visible>
  <control type="image">
    <posx>-62</posx>
    <posy>30</posy>
    <width>600</width>
    <height>111</height>
    <aspectratio>scale</aspectratio>
    <fadetime>FanartCrossFadeTime</fadetime>
    <texture background="true">$VAR[value_banner]</texture>
    <visible>Skin.HasSetting(widetvbanner) + Container.Content(tvshows)</visible>
		<animation effect="fade" time="200">Visible</animation>
		<animation effect="fade" time="200">Hidden</animation>
  </control>
  <control type="image">
    <posx>-62</posx>
    <posy>30</posy>
    <width>600</width>
    <height>367</height>
    <aspectratio>scale</aspectratio>
    <fadetime>FanartCrossFadeTime</fadetime>
    <texture background="true">$VAR[value_poster]</texture>
    <visible>Window.IsActive(videofiles)</visible>
  </control>
  <control type="image">
    <posx>-62</posx>
    <posy>30</posy>
    <width>600</width>
    <height>367</height>
    <aspectratio>scale</aspectratio>
    <fadetime>FanartCrossFadeTime</fadetime>
    <texture background="true">$INFO[ListItem.Art(fanart)]</texture>
    <visible>!Skin.HasSetting(widetvbanner) + Container.Content(tvshows) | Container.Content(seasons) | Window.IsActive(videofiles)</visible>
  </control>
  <control type="image">
    <posx>-62</posx>
    <posy>30</posy>
    <width>600</width>
    <height>367</height>
    <aspectratio>scale</aspectratio>
    <fadetime>FanartCrossFadeTime</fadetime>
    <texture background="true">$VAR[value_poster]</texture>
    <visible>Container.Content(episodes)</visible>
  </control>
  </control>
  <control type="group"><!--tvshows-->
    <posx>184</posx>
    <posy>60</posy>
    <include>Animation_CommonFade</include>	
    <visible>[Container.Content(tvshows) | Window.IsActive(videofiles)] + Control.HasFocus(562)</visible>
  <control type="group">
    <posy>0</posy>
  <control type="label">
    <include>ListLabel_DetailSmall_Label</include>
    <label>$LOCALIZE[31032]:</label>
  </control>
  <control type="label">
    <include>ListLabel_DetailSmall_Value</include>
    <label fallback="161">$INFO[Container(570).ListItem.Genre]</label>
  </control>
  <control type="image">
    <include>ListLine_Value</include>
  </control>
  </control>
  <control type="group">
    <posy>60</posy>
  <control type="label">
    <include>ListLabel_DetailSmall_Label</include>
    <label>$LOCALIZE[31527]:</label>
  </control>
  <control type="label">
    <include>ListLabel_DetailSmall_Value</include>
    <label fallback="161">$INFO[Container(570).ListItem.Episode]  ($LOCALIZE[31429]: $INFO[Container(570).ListItem.Property(UnwatchedEpisodes)])</label>
  </control>
  <control type="image">
    <include>ListLine_Value</include>
  </control>
  </control>
  <control type="group">
    <posy>120</posy>
  <control type="label">
    <include>ListLabel_DetailSmall_Label</include>
    <label>$LOCALIZE[31336]:</label>
  </control>
  <control type="label">
    <include>ListLabel_DetailSmall_Value</include>
    <label fallback="161">$INFO[Container(570).ListItem.Date]</label>
  </control>
  <control type="image">
    <include>ListLine_Value</include>
  </control>
  </control>
  <control type="group">
    <posy>184</posy>
    <control type="label">
    <include>ListLabel_DetailSmall_Label</include>
    <label>$LOCALIZE[31522]:</label>
  </control>
  <control type="label">
    <include>ListLabel_DetailSmall_Value</include>
    <label fallback="161">$INFO[ListItem.Duration] $LOCALIZE[12391]</label>
    <visible>!IsEmpty(ListItem.duration) + !substring(ListItem.Duration,min)</visible>
  </control>
  <control type="label">
    <include>ListLabel_DetailSmall_Value</include>
    <label fallback="161">$INFO[ListItem.Duration]</label>
    <visible>!IsEmpty(ListItem.duration) + substring(ListItem.Duration,min)</visible>
  </control>
  <control type="image">
    <include>ListLine_Value</include>
  </control>
  </control>
  <control type="group">
    <posy>240</posy>
    <control type="label">
    <include>ListLabel_DetailSmall_Label</include>
    <label>$LOCALIZE[202]:</label>
    <visible>!IsEmpty(ListItem.TagLine)</visible>
  </control>
    <control type="label">
    <include>ListLabel_DetailSmall_Value</include>
    <label>$INFO[ListItem.TagLine]</label>
    <scroll>true</scroll>
  </control>
  <control type="image">
    <include>ListLine_Value</include>
    <visible>!IsEmpty(ListItem.TagLine)</visible>
  </control>
  </control>
  </control>
  <control type="group"><!--seasons-->
    <posx>184</posx>
    <posy>60</posy>
    <include>Animation_CommonFade</include>	
    <visible>Container.Content(seasons) + Control.HasFocus(562)</visible>
  <control type="group">
    <posy>0</posy>
  <control type="label">
    <include>ListLabel_DetailSmall_Label</include>
    <label>$LOCALIZE[31528]:</label>
  </control>
  <control type="label">
    <include>ListLabel_DetailSmall_Value</include>
    <label fallback="161">$INFO[Container(570).ListItem.Episode]</label>
  </control>
  <control type="image">
    <include>ListLine_Value</include>
  </control>
  </control>
  <control type="group">
    <posy>60</posy>
  <control type="label">
    <include>ListLabel_DetailSmall_Label</include>
    <label>$LOCALIZE[31428]:</label>
  </control>
  <control type="label">
    <include>ListLabel_DetailSmall_Value</include>
    <label fallback="161">$INFO[Container(570).ListItem.Property(WatchedEpisodes)]</label>
    </control>
  <control type="image">
    <include>ListLine_Value</include>
  </control>
  </control>
  <control type="group">
  <posy>120</posy>
  <control type="label">
    <include>ListLabel_DetailSmall_Label</include>
    <label>$LOCALIZE[31429]:</label>
  </control>
  <control type="label">
    <include>ListLabel_DetailSmall_Value</include>
    <label fallback="161">$INFO[Container(570).ListItem.Property(UnwatchedEpisodes)]</label>
    </control>
  <control type="image">
    <include>ListLine_Value</include>
  </control>
  </control>
  <control type="group">
    <posy>184</posy>
    <control type="label">
    <include>ListLabel_DetailSmall_Label</include>
    <label>$LOCALIZE[31522]:</label>
  </control>
  <control type="label">
    <include>ListLabel_DetailSmall_Value</include>
    <label fallback="161">$INFO[ListItem.Duration] $LOCALIZE[12391]</label>
    <visible>!IsEmpty(ListItem.duration) + !substring(ListItem.Duration,min)</visible>
  </control>
  <control type="label">
    <include>ListLabel_DetailSmall_Value</include>
    <label fallback="161">$INFO[ListItem.Duration]</label>
    <visible>!IsEmpty(ListItem.duration) + substring(ListItem.Duration,min)</visible>
  </control>
  <control type="image">
    <include>ListLine_Value</include>
  </control>
  </control>
  <control type="group">
    <posy>240</posy>
    <control type="label">
    <include>ListLabel_DetailSmall_Label</include>
    <label>$LOCALIZE[202]:</label>
    <visible>!IsEmpty(ListItem.TagLine)</visible>
  </control>
    <control type="label">
    <include>ListLabel_DetailSmall_Value</include>
    <label>$INFO[ListItem.TagLine]</label>
    <scroll>true</scroll>	
  </control>
  <control type="image">
    <include>ListLine_Value</include>
    <visible>!IsEmpty(ListItem.TagLine)</visible>
  </control>
  </control>
  </control>
  <control type="group"><!--episodes-->
    <posx>184</posx>
    <posy>60</posy>
    <include>Animation_CommonFade</include>	
    <visible>Container.Content(episodes) + Control.HasFocus(562)</visible>
  <control type="group">
    <posy>0</posy>
  <control type="label">
    <include>ListLabel_DetailSmall_Label</include>
    <label>$LOCALIZE[31046]:</label>
  </control>
  <control type="label">
    <include>ListLabel_DetailSmall_Value</include>
    <label fallback="161">$INFO[Container(570).ListItem.Director]</label>
  </control>
  <control type="image">
    <include>ListLine_Value</include>
  </control>
  </control>
  <control type="group">
  <posy>60</posy>
  <control type="label">
    <include>ListLabel_DetailSmall_Label</include>
    <label>$LOCALIZE[31521]:</label>
  </control>
  <control type="label">
    <include>ListLabel_DetailSmall_Value</include>
    <label fallback="161">$INFO[Container(570).ListItem.Writer]</label>
  </control>
  <control type="image">
    <include>ListLine_Value</include>
  </control>
  </control>
  <control type="group">
  <posy>120</posy>
  <control type="label">
    <include>ListLabel_DetailSmall_Label</include>
    <label>$LOCALIZE[31336]:</label>
  </control>
  <control type="label">
    <include>ListLabel_DetailSmall_Value</include>
    <label fallback="161">$INFO[Container(570).ListItem.Date]</label>
  </control>
  <control type="image">
    <include>ListLine_Value</include>
    </control>
  </control>
  <control type="group">
  <posy>184</posy>
  <control type="label">
  <include>ListLabel_DetailSmall_Label</include>
  <label>$LOCALIZE[31522]:</label>
  </control>
  <control type="label">
    <include>ListLabel_DetailSmall_Value</include>
    <label fallback="161">$INFO[ListItem.Duration] $LOCALIZE[12391]</label>
    <visible>!IsEmpty(ListItem.duration) + !substring(ListItem.Duration,min)</visible>
  </control>
  <control type="label">
    <include>ListLabel_DetailSmall_Value</include>
    <label fallback="161">$INFO[ListItem.Duration]</label>
    <visible>!IsEmpty(ListItem.duration) + substring(ListItem.Duration,min)</visible>
  </control>
  <control type="image">
    <include>ListLine_Value</include>
  </control>
  </control>
  <control type="group">
    <posy>240</posy>
    <control type="label">
    <include>ListLabel_DetailSmall_Label</include>
    <label>$LOCALIZE[202]:</label>
    <visible>!IsEmpty(ListItem.TagLine)</visible>
  </control>
    <control type="label">
    <include>ListLabel_DetailSmall_Value</include>
    <label>$INFO[ListItem.TagLine]</label>
    <scroll>true</scroll>	
  </control>
  <control type="image">
    <include>ListLine_Value</include>
    <visible>!IsEmpty(ListItem.TagLine)</visible>
  </control>
  </control>
  </control>
  <control type="group">
    <posx>1083</posx>
  </control>
  <control type="group">
    <visible>[Container.Content(tvshows) | Container.Content(seasons) | Container.Content(episodes) | Window.IsActive(videofiles)] + Control.IsVisible(570) + !Skin.HasSetting(notvmediaflags)</visible>
    <control type="image">
    <posx>650</posx>
    <posy>570</posy>
    <height>1</height>
    <width>620</width>
    <texture>common_line.png</texture>
  </control>
  <control type="fadelabel">
    <posx>660</posx>
    <posy>580</posy>
    <width>600</width>
    <height>150</height>
    <align>center</align>
    <font>Font_FSInfoYear</font>
    <include>listcolornofocus</include>
    <info>ListItem.Label</info>
    <scrollout>false</scrollout>
  </control>
  <control type="image">
    <posx>650</posx>
    <posy>635</posy>
    <height>1</height>
    <width>620</width>
    <texture>common_line.png</texture>
  </control>
  <control type="textbox">
    <posx>660</posx>
    <posy>420</posy>
    <width>600</width>
    <height>140</height>
    <font>Font_MultiplexPlot</font>
    <label>$VAR[value_videoplot]</label>
    <autoscroll delay="8000" time="2000" repeat="8000">!Skin.HasSetting(noallowscroll)</autoscroll>
    <visible>[!Skin.HasSetting(widetvbanner) | !Container.Content(tvshows)] + !IsEmpty(ListItem.TagLine)</visible>
  </control>
  <control type="textbox">
    <posx>660</posx>
    <posy>320</posy>
    <width>600</width>
    <height>240</height>
    <font>Font_MultiplexPlot</font>
    <label>$VAR[value_videoplot]</label>
    <autoscroll delay="8000" time="2000" repeat="8000">!Skin.HasSetting(noallowscroll)</autoscroll>
    <visible>[!Skin.HasSetting(widetvbanner) | !Container.Content(tvshows)] + [IsEmpty(ListItem.TagLine) + Control.HasFocus(562)]</visible>
  </control>
  <control type="textbox">
    <posx>660</posx>
    <posy>420</posy>
    <width>600</width>
    <height>140</height>
    <font>Font_MultiplexPlot</font>
    <label>$VAR[value_videoplot]</label>
    <autoscroll delay="8000" time="2000" repeat="8000">!Skin.HasSetting(noallowscroll)</autoscroll>
    <visible>[!Skin.HasSetting(widetvbanner) | !Container.Content(tvshows)] + [IsEmpty(ListItem.TagLine) + !Control.HasFocus(562)]</visible>
  </control>
  <control type="textbox">
    <posx>660</posx>
    <posy>156</posy>
    <width>600</width>
    <height>410</height>
    <font>Font_MultiplexPlot</font>
    <label>$VAR[value_videoplot]</label>
    <autoscroll delay="8000" time="2000" repeat="8000">!Skin.HasSetting(noallowscroll)</autoscroll>
    <visible>Skin.HasSetting(widetvbanner) + Container.Content(tvshows) + !Control.HasFocus(562)</visible>
  </control>
  <control type="textbox">
    <posx>660</posx>
    <posy>420</posy>
    <width>600</width>
    <height>140</height>
    <font>Font_MultiplexPlot</font>
    <label>$VAR[value_videoplot]</label>
    <autoscroll delay="8000" time="2000" repeat="8000">!Skin.HasSetting(noallowscroll)</autoscroll>
    <visible>Skin.HasSetting(widetvbanner) + Container.Content(tvshows) + Control.HasFocus(562) + !IsEmpty(ListItem.TagLine)</visible>
  </control>
  <control type="textbox">
    <posx>660</posx>
    <posy>320</posy>
    <width>600</width>
    <height>240</height>
    <font>Font_MultiplexPlot</font>
    <label>$VAR[value_videoplot]</label>
    <autoscroll delay="8000" time="2000" repeat="8000">!Skin.HasSetting(noallowscroll)</autoscroll>
    <visible>Skin.HasSetting(widetvbanner) + Container.Content(tvshows) + Control.HasFocus(562) + IsEmpty(ListItem.TagLine)</visible>
  </control>
  <control type="image">
    <posx>1070</posx>
		<posy>645</posy>
    <width>160</width>
    <height>62</height>
    <align>right</align>
    <aligny>center</aligny>
    <texture background="true">$INFO[ListItem.Path,,logo.png]</texture>
    <fadetime>300</fadetime>
    <aspectratio>keep</aspectratio>
  </control>
  <control type="image">
    <posx>880</posx>
		<posy>645</posy>
    <width>160</width>
    <height>62</height>
    <align>right</align>
    <aligny>center</aligny>
    <texture background="true">$INFO[ListItem.Path,,clearart.png]</texture>
    <fadetime>300</fadetime>
    <aspectratio>keep</aspectratio>
  </control>
  </control>
  <control type="group">
    <visible>[Container.Content(tvshows) | Container.Content(seasons) | Container.Content(episodes) | Window.IsActive(videofiles)] + Control.IsVisible(570) + Skin.HasSetting(notvmediaflags)</visible>
    <control type="image">
    <posx>650</posx>
    <posy>640</posy>
    <height>1</height>
    <width>620</width>
    <texture>common_line.png</texture>
  </control>
  <control type="fadelabel">
    <posx>660</posx>
    <posy>655</posy>
    <width>600</width>
    <height>150</height>
    <align>center</align>
    <font>Font_FSInfoYear</font>
    <include>listcolornofocus</include>
    <info>ListItem.Label</info>
    <scrollout>false</scrollout>
  </control>
  <control type="textbox">
    <posx>660</posx>
    <posy>410</posy>
    <width>600</width>
    <height>215</height>
    <font>Font_MultiplexPlot</font>
    <label>$VAR[value_videoplot]</label>
    <autoscroll delay="8000" time="2000" repeat="8000">!Skin.HasSetting(noallowscroll)</autoscroll>
    <include>Animation_CommonFade</include>
    <visible>!Skin.HasSetting(widetvbanner) + !Control.HasFocus(562) | [Container.Content(seasons) | Container.Content(episodes)] + !Control.HasFocus(562)</visible>
  </control>
  <control type="textbox">
    <posx>660</posx>
    <posy>410</posy>
    <width>600</width>
    <height>215</height>
    <font>Font_MultiplexPlot</font>
    <label>$VAR[value_videoplot]</label>
    <autoscroll delay="8000" time="2000" repeat="8000">!Skin.HasSetting(noallowscroll)</autoscroll>
    <include>Animation_CommonFade</include>
    <visible>!Skin.HasSetting(widetvbanner) + !IsEmpty(ListItem.TagLine) + Control.HasFocus(562) | [Container.Content(seasons) | Container.Content(episodes)] + !IsEmpty(ListItem.TagLine) + Control.HasFocus(562)</visible>
  </control>
  <control type="textbox">
    <posx>660</posx>
    <posy>320</posy>
    <width>600</width>
    <height>310</height>
    <font>Font_MultiplexPlot</font>
    <label>$VAR[value_videoplot]</label>
    <autoscroll delay="8000" time="2000" repeat="8000">!Skin.HasSetting(noallowscroll)</autoscroll>
    <include>Animation_CommonFade</include>
    <visible>!Skin.HasSetting(widetvbanner) + IsEmpty(ListItem.TagLine) + Control.HasFocus(562) | [Container.Content(seasons) | Container.Content(episodes)] + IsEmpty(ListItem.TagLine) + Control.HasFocus(562)</visible>
  </control>
  <control type="textbox">
    <posx>660</posx>
    <posy>156</posy>
    <width>600</width>
    <height>650</height>
    <font>Font_MultiplexPlot</font>
    <label>$VAR[value_videoplot]</label>
    <autoscroll delay="8000" time="2000" repeat="8000">!Skin.HasSetting(noallowscroll)</autoscroll>
    <include>Animation_CommonFade</include>
    <visible>Skin.HasSetting(widetvbanner) + Container.Content(tvshows) + !Control.HasFocus(562)</visible>
  </control>
  <control type="textbox">
    <posx>660</posx>
    <posy>410</posy>
    <width>600</width>
    <height>215</height>
    <font>Font_MultiplexPlot</font>
    <label>$VAR[value_videoplot]</label>
    <autoscroll delay="8000" time="2000" repeat="8000">!Skin.HasSetting(noallowscroll)</autoscroll>
    <include>Animation_CommonFade</include>
    <visible>Skin.HasSetting(widetvbanner) + Container.Content(tvshows) + !IsEmpty(ListItem.TagLine) + Control.HasFocus(562)</visible>
  </control>
  <control type="textbox">
    <posx>660</posx>
    <posy>320</posy>
    <width>600</width>
    <height>310</height>
    <font>Font_MultiplexPlot</font>
    <label>$VAR[value_videoplot]</label>
    <autoscroll delay="8000" time="2000" repeat="8000">!Skin.HasSetting(noallowscroll)</autoscroll>
    <include>Animation_CommonFade</include>
    <visible>Skin.HasSetting(widetvbanner) + Container.Content(tvshows) + IsEmpty(ListItem.TagLine) + Control.HasFocus(562)</visible>
  </control>
  </control>
  <control type="scrollbar" id="81">
    <include>ScrollBar_Vertical</include>
    <posx>-2</posx>
    <posy>170</posy>
    <height>490</height>
    <onup>81</onup>
    <ondown>81</ondown>
    <onleft>9900</onleft>
    <onright>570</onright>
    <visible allowhiddenfocus="true">Control.IsVisible(570) + Control.HasFocus(81)</visible>
  </control>
  </include>
  </includes>