﻿	<!-- Aeon MQ 4 -->

	<includes>
	<!--##################################################################################   VISTA SHOWART- ID 555   ##################################################################################-->
	<include name="ShowArtIconDimensionsTVWrap">
	<posx>4</posx>
	<posy>0</posy>
	<width>204</width>
	<height>114</height>
	</include>
	<include name="ShowArtIconDimensionsTVWrapReflect">
	<posx>4</posx>
	<posy>113</posy>
	<width>204</width>
	<height>114</height>
	<colordiffuse>aaFFFFFF</colordiffuse>
	</include>
	<include name="ShowArtInfoLabelTV">
	<posx>0</posx>
	<posy>0</posy>
	<height>13</height>
	<font>Font_MultiplexInfoLabel</font>
	<textcolor>$VAR[value_headercolors]</textcolor>
	<width>380</width>
	</include>
	<include name="ShowArtInfoValueTV">
	<posx>0</posx>
	<posy>17</posy>
	<height>13</height>
	<font>Font_MultiplexInfoLabel</font>
	<textcolor>FFFFFFFF</textcolor>
	<width>380</width>
	<scrollout>false</scrollout>
	</include>
	<include name="WatchedOverlayShowArt">
	<posx>168</posx>
	<posy>-1</posy>
	<width>40</width>
	<height>40</height>
	</include>
	<include name="ShowArt_TV_Layout">
	<control type="image"><!-- clearart -->
	<include>ShowArtIconDimensionsTVWrap</include>
	<texture diffuse="thumb_tvmask.png" fallback="DefaultVideo.png" background="true">$INFO[ListItem.Art(clearart)]</texture>
	<aspectratio scalediffuse="false">keep</aspectratio>
	<visible>!Skin.HasSetting(showartlogo)</visible>
	</control>
	<control type="image"><!-- clearart reflect -->
	<include>ShowArtIconDimensionsTVWrapReflect</include>
	<texture diffuse="thumb_multiplex_tvmaskreflect.png" fallback="DefaultVideo.png" background="true">$INFO[ListItem.Art(clearart)]</texture>
	<aspectratio scalediffuse="false">keep</aspectratio>
	<visible>!Skin.HasSetting(showartlogo)</visible>
	</control>
	<control type="image"><!-- logo -->
	<posy>30</posy>
	<include>ShowArtIconDimensionsTVWrap</include>
	<texture diffuse="thumb_tvmask.png" fallback="DefaultVideo.png" background="true">$INFO[ListItem.Art(clearlogo)]</texture>
	<aspectratio scalediffuse="false">keep</aspectratio>
	<visible>Skin.HasSetting(showartlogo)</visible>
	</control>
	<control type="image"><!-- logo reflect -->
	<posy>105</posy>
	<include>ShowArtIconDimensionsTVWrapReflect</include>
	<texture diffuse="thumb_multiplex_tvmaskreflect.png" fallback="DefaultVideo.png" background="true">$INFO[ListItem.Art(clearlogo)]</texture>
	<aspectratio scalediffuse="false">keep</aspectratio>
	<visible>Skin.HasSetting(showartlogo)</visible>
	</control>
	<control type="image">
	<include>WatchedOverlayShowArt</include>
	<include>detailcolornofocus</include>
	<info>ListItem.Overlay</info>
	<visible>!Skin.HasSetting(nooverlays)</visible>
	</control>
	<control type="image">
	<posx>14</posx>
	<posy>92</posy>
	<width>185</width>
	<height>60</height>
	<texture>multiplex_labelblock.png</texture>
	<visible>Container.Content(seasons)</visible>
	</control>
	<control type="label">
	<posx>107</posx>
	<posy>98</posy>
	<width>185</width>
	<height>60</height>
	<align>center</align>
	<label>[UPPERCASE]$LOCALIZE[31589] $INFO[ListItem.Season][/UPPERCASE]</label>
	<font>Font_MultiplexInfoLabel</font>
	<visible>Container.Content(seasons) + !IsEmpty(ListItem.Season)</visible>
	</control>
	<control type="label">
	<posx>107</posx>
	<posy>98</posy>
	<width>185</width>
	<height>60</height>
	<align>center</align>
	<label>[UPPERCASE]$LOCALIZE[31589][/UPPERCASE]</label>
	<font>Font_MultiplexInfoLabel</font>
	<visible>Container.Content(seasons) + IsEmpty(ListItem.Season)</visible>
	</control>
	</include>
	<include name="ShowArt_Focused_TV_Layout">
	<control type="image"><!-- clearart -->
	<include>ShowArtIconDimensionsTVWrap</include>
	<texture diffuse="thumb_tvmask.png" fallback="DefaultVideo.png" background="true">$INFO[ListItem.Art(clearart)]</texture>
	<aspectratio scalediffuse="false">keep</aspectratio>
	<visible>!Skin.HasSetting(showartlogo)</visible>
	</control>
	<control type="image"><!-- clearart reflect -->
	<include>ShowArtIconDimensionsTVWrapReflect</include>
	<texture diffuse="thumb_multiplex_tvmaskreflect.png" fallback="DefaultVideo.png" background="true">$INFO[ListItem.Art(clearart)]</texture>
	<aspectratio scalediffuse="false">keep</aspectratio>
	<visible>!Skin.HasSetting(showartlogo)</visible>
	</control>
	<control type="image"><!-- logo -->
	<posy>20</posy>
	<include>ShowArtIconDimensionsTVWrap</include>
	<texture diffuse="thumb_tvmask.png" fallback="DefaultVideo.png" background="true">$INFO[ListItem.Art(clearlogo)]</texture>
	<aspectratio scalediffuse="false">keep</aspectratio>
	<visible>Skin.HasSetting(showartlogo)</visible>
	</control>
	<control type="image"><!-- logo reflect -->
	<posy>95</posy>
	<include>ShowArtIconDimensionsTVWrapReflect</include>
	<texture diffuse="thumb_multiplex_tvmaskreflect.png" fallback="DefaultVideo.png" background="true">$INFO[ListItem.Art(clearlogo)]</texture>
	<aspectratio scalediffuse="false">keep</aspectratio>
	<visible>Skin.HasSetting(showartlogo)</visible>
	</control>
	<control type="image">
	<include>WatchedOverlayShowArt</include>
	<include>detailcolornofocus</include>
	<info>ListItem.Overlay</info>
	<include>Animation_ShowArtTVFocusZoom</include>
	<visible>!Skin.HasSetting(nooverlays)</visible>
	</control>
	<control type="image">
	<posx>14</posx>
	<posy>92</posy>
	<width>185</width>
	<height>60</height>
	<texture>multiplex_labelblock_focus.png</texture>
	<visible>Container.Content(seasons) | Container.Content(episodes)</visible>
	<include>Animation_ShowArtTVFocusZoom</include>
	</control>
	<control type="label">
	<posx>107</posx>
	<posy>98</posy>
	<width>185</width>
	<height>60</height>
	<align>center</align>
	<label>[UPPERCASE]$LOCALIZE[31528] $INFO[ListItem.Season].$INFO[ListItem.Episode][/UPPERCASE]</label>
	<font>Font_MultiplexInfoLabel</font>
	<visible>Container.Content(episodes)</visible>
	<include>Animation_ShowArtTVFocusZoom</include>
	</control>
	<control type="label">
	<posx>107</posx>
	<posy>98</posy>
	<width>185</width>
	<height>60</height>
	<align>center</align>
	<label>[UPPERCASE]$LOCALIZE[31589] $INFO[ListItem.Season][/UPPERCASE]</label>
	<font>Font_MultiplexInfoLabel</font>
	<visible>Container.Content(seasons) + !IsEmpty(ListItem.Season)</visible>
	<include>Animation_ShowArtTVFocusZoom</include>
	</control>
	<control type="label">
	<posx>107</posx>
	<posy>98</posy>
	<width>185</width>
	<height>60</height>
	<align>center</align>
	<label>[UPPERCASE]$LOCALIZE[31589][/UPPERCASE]</label>
	<font>Font_MultiplexInfoLabel</font>
	<visible>Container.Content(seasons) + IsEmpty(ListItem.Season)</visible>
	<include>Animation_ShowArtTVFocusZoom</include>
	</control>
	</include>
	<include name="ShowArtInfoPaneTV">
	<control type="group">
	<posx>0</posx>
	<posy>55</posy>
	<width>1280</width>
	<height>381</height>
	<visible>Control.IsVisible(555) + [Control.IsVisible(109) | Control.HasFocus(9910) | Container.Content(movies) + SubString(skin.string(movies_info_showart),on) | Container.Content(musicvideos) + SubString(skin.string(musicvideos_info_showart),on) | Container.Content(tvshows) + SubString(skin.string(tvshows_info_showart),on) | Container.Content(seasons) + SubString(skin.string(seasons_info_showart),on)]</visible>
	<animation effect="fade" start="0" end="100" time="400" delay="5000" condition="![Container.Content(movies) + SubString(skin.string(movies_info_showart),on) | Container.Content(musicvideos) + SubString(skin.string(musicvideos_info_showart),on) | Container.Content(tvshows) + SubString(skin.string(tvshows_info_showart),on) | Container.Content(seasons) + SubString(skin.string(seasons_info_showart),on) | IsEmpty(ListItem.Thumb)]">WindowOpen</animation>
	<animation effect="fade" end="0" time="200">WindowClose</animation>
	<include>Animation_InfoPanelSlide</include>
	<control type="image">
	<posx>75</posx>
	<width>1130</width>
	<height>564</height>
	<texture>panel_back.png</texture>
	<visible>Skin.HasSetting(noshowartthin)</visible>
	<include>Animation_CommonFade</include>
	</control>
	<control type="image">
	<posx>75</posx>
	<width>1130</width>
	<height>564</height>
	<texture background="true">panel_tablet.png</texture>
	</control>
	<control type="image">
	<posx>503</posx>
	<posy>38</posy>
	<width>2</width>
	<height>400</height>
	<texture>panel_vertical_separator.png</texture>
	</control>
	<control type="image">
	<posx>84</posx>
	<posy>205</posy>
	<width>419</width>
	<height>2</height>
	<texture>panel_horizontal_separator.png</texture>
	</control>
	<control type="image">
	<posx>84</posx>
	<posy>439</posy>
	<width>1112</width>
	<height>2</height>
	<texture>panel_horizontal_separator.png</texture>
	</control>
	<control type="group">
	<posx>105</posx>
	<posy>30</posy>
	<control type="group">
	<posy>22</posy>
	<control type="label">
	<include>ShowArtInfoLabelTV</include>
	<label>$VAR[value_showart_ground1_info]</label>
	</control>
	<control type="fadelabel">
	<include>ShowArtInfoValueTV</include>
	<label fallback="161">$VAR[value_showart_ground1_value]</label>
	</control>
	</control>
	<control type="group">
	<posy>72</posy>
	<control type="label">
	<include>ShowArtInfoLabelTV</include>
	<label>$VAR[value_showart_ground2_info]</label>
	</control>
	<control type="fadelabel">
	<include>ShowArtInfoValueTV</include>
	<label fallback="161">$VAR[value_showart_ground2_value]</label>
	</control>
	</control>
	<control type="group">
	<posy>122</posy>
	<control type="label">
	<include>ShowArtInfoLabelTV</include>
	<label>$VAR[value_showart_ground3_info]</label>
	</control>
	<control type="fadelabel">
	<include>ShowArtInfoValueTV</include>
	<label fallback="161">$VAR[value_showart_ground3_value]</label>
	</control>
	</control>
	</control>
	<control type="textbox">
	<posx>105</posx>
	<posy>224</posy>
	<width>380</width>
	<height>200</height>
	<font>Font_MultiplexPlotSmall</font>
	<label>$VAR[value_videoplot]</label>
	<autoscroll delay="8000" time="2000" repeat="8000">!Skin.HasSetting(noallowscroll)</autoscroll>
	</control>
	<control type="group">
	<posx>508</posx>
	<posy>50</posy>
	<control type="image">
	<posx>17</posx>
	<posy>18</posy>
	<width>645</width>
	<height>340</height>
	<texture>common_black.png</texture>
	<colordiffuse>94FFFFFF</colordiffuse>
	</control>
	<control type="image">
	<posx>17</posx>
	<posy>18</posy>
	<width>645</width>
	<height>340</height>
	<aspectratio>stretch</aspectratio>
	<texture background="true">$INFO[ListItem.Art(fanart)]</texture>
	<fadetime>FanartCrossFadeTime</fadetime>
	</control>
	</control>
	</control>
	</include>
	<control type="image">
	<posx>0</posx>
	<posy>305</posy>
	<width>1280</width>
	<height>300</height>
	<texture background="true">osd_black_bg.png</texture>
	<include>Animation_CommonFade</include>
	<include>Animation_HideShowcase</include>
	<visible>Control.IsVisible(555)</visible>
	</control>
	<include name="ShowArtWrapList">
	<control type="wraplist" id="555">
	<viewtype label="31821">list</viewtype>
	<posx>95</posx>
	<posy>510</posy>
	<width>1095</width>
	<height>300</height>
	<pagecontrol>60</pagecontrol>
	<onleft>555</onleft>
	<onright>555</onright>
	<onup condition="Container.Content(movies) + [SubString(skin.string(movies_info_showart),off) | SubString(skin.string(movies_info_showart),on) | SubString(skin.string(movies_info_showart),auto)]">9900</onup>
	<onup condition="Container.Content(movies) + SubString(skin.string(movies_info_showart),trigger) + !IsEmpty(ListItem.Thumb)">9910</onup>
	<onup condition="Container.Content(musicvideos) + [SubString(skin.string(musicvideos_info_showart),off) | SubString(skin.string(musicvideos_info_showart),on) | SubString(skin.string(musicvideos_info_showart),auto)]">9900</onup>
	<onup condition="Container.Content(musicvideos) + SubString(skin.string(musicvideos_info_showart),trigger) + !IsEmpty(ListItem.Thumb)">9910</onup>
	<onup condition="Container.Content(tvshows) + [SubString(skin.string(tvshows_info_showart),off) | SubString(skin.string(tvshows_info_showart),on) | SubString(skin.string(tvshows_info_showart),auto)]">9900</onup>
	<onup condition="Container.Content(tvshows) + SubString(skin.string(tvshows_info_showart),trigger) + !IsEmpty(ListItem.Thumb)">9910</onup>
	<onup condition="Container.Content(seasons) + [SubString(skin.string(seasons_info_showart),off) | SubString(skin.string(seasons_info_showart),on) | SubString(skin.string(seasons_info_showart),auto)]">9900</onup>
	<onup condition="Container.Content(seasons) + SubString(skin.string(seasons_info_showart),trigger) + !IsEmpty(ListItem.Thumb)">9910</onup>
	<ondown>60</ondown>
	<orientation>horizontal</orientation>
	<focusposition>2</focusposition>
	<scrolltime>200</scrolltime>
	<preloaditems>2</preloaditems>
	<include>Animation_HideShowcase</include>
	<visible>![Container.Content(episodes) | Container.Content(files) | Skin.HasSetting(trailers)]</visible>
	<itemlayout width="219" height="300">
	<include>ShowArt_TV_Layout</include>
	</itemlayout>
	<focusedlayout width="219" height="300">
	<include>ShowArt_Focused_TV_Layout</include>
	</focusedlayout>
	</control>
	</include>
	<include name="ViewShowArt">
	<include>ShowArtInfoPaneTV</include>
	<include>ShowArtWrapList</include>
	<control type="scrollbar" id="60">
	<include>ScrollBar_Horizontal</include>
	<posx>305</posx>
	<posy>663</posy>
	<width>670</width>
	<onup>SetFocus(555)</onup>
	<ondown>9920</ondown>
	<onleft>66</onleft>
	<onright>66</onright>
	<include>Animation_HideShowcase</include>
	<visible allowhiddenfocus="true">Control.IsVisible(555) + Control.HasFocus(60)</visible>
	</control>
	</include>
	</includes>