﻿<!-- Aeon MQ 4 -->

<includes>
	<!--##################################################################################   VISTA POSTER - ID 510   #############################################################################-->
	<include name="MoviePosterFixedList">
  <control type="fixedlist" id="510">
    <include>MoviePoster_List_Content</include>
  </control>
  </include>
  <include name="MoviePosterWrapList">
  <control type="wraplist" id="510">
    <include>MoviePoster_List_Content</include>
  </control>
  </include>
	<include name="MoviePoster_List_Content">
    <visible>Window.IsActive(25) | Window.IsActive(1) | Container.Content(Addons)</visible>
    <include>Animation_HideCoverFlow</include>
    <viewtype label="31808">list</viewtype>
    <posx>-102</posx>
    <posy>110</posy>
    <width>1420</width>
    <height>560</height>
    <onleft>510</onleft>
    <onright>510</onright>
    <onup>9900</onup>
    <ondown>62</ondown>
    <orientation>horizontal</orientation>
    <focusposition>2</focusposition>
    <scrolltime>300</scrolltime>
    <preloaditems>2</preloaditems>
    <pagecontrol>62</pagecontrol>
    <itemlayout width="298">
  <control type="image">
    <posx>0</posx>
    <posy>25</posy>
    <width>288</width>
    <height>350</height>
    <aspectratio align="center" aligny="bottom">keep</aspectratio>
    <bordersize>15</bordersize>
    <texture diffuse="thumb_list_movieicon_mask.png" fallback="DefaultVideoPoster.png" background="true">$VAR[value_poster]</texture>
  </control>
  <control type="image">
    <posx>215</posx>
    <posy>320</posy>
    <width>40</width>
    <height>40</height>
    <info>ListItem.Overlay</info>
    <aspectratio>stretch</aspectratio>
    <visible>![IsEmpty(ListItem.Overlay) | Skin.HasSetting(nooverlays)]</visible>
  </control>
  </itemlayout>
  <focusedlayout width="298">
  <control type="image">
    <posx>0</posx>
    <posy>0</posy>
    <width>288</width>
    <height>350</height>
    <aspectratio align="center" aligny="bottom">keep</aspectratio>
    <texture diffuse="thumb_list_movieicon_mask.png" fallback="DefaultVideoPoster.png" background="true">$VAR[value_poster]</texture>
    <bordersize>15</bordersize>
    <animation reversible="false" effect="zoom" end="120" center="auto" time="200">Focus</animation>
  </control>
  <control type="image">
    <posx>230</posx>
    <posy>325</posy>
    <width>40</width>
    <height>40</height>
    <info>ListItem.Overlay</info>
    <aspectratio>stretch</aspectratio>
    <animation reversible="false" effect="zoom" end="120" center="auto" time="200">Focus</animation>
    <visible>![IsEmpty(ListItem.Overlay) | Skin.HasSetting(nooverlays)]</visible>
  </control>
  </focusedlayout>
  </include>
	<include name="MoviePoster_Panel">
  <control type="group">
    <posx>0</posx>
    <posy>515</posy>
    <include>Animation_HideCoverFlow</include>
    <include>Animation_CommonFade</include>
  <control type="image" id="1008"><!-- clearart -->
    <posx>1035</posx>
    <posy>3</posy>
    <width>220</width>
    <height>122</height>
    <aligny>center</aligny>
    <texture background="true">$INFO[ListItem.Art(clearart)]</texture>
    <aspectratio align="right">keep</aspectratio>
    <fadetime>FanartCrossFadeTime</fadetime>
	</control>
	<control type="image" id="1009"><!-- logo -->
    <posx>1035</posx>
    <posy>3</posy>
    <width>220</width>
    <height>122</height>
    <aligny>center</aligny>
    <texture background="true">$INFO[ListItem.Art(clearlogo)]</texture>
    <aspectratio align="right">keep</aspectratio>
    <fadetime>FanartCrossFadeTime</fadetime>
    <visible>IsEmpty(Control.GetLabel(1008))</visible>
	</control>
  <control type="image">
    <posx>0</posx>
    <posy>-435</posy>
    <width>1280</width>
    <height>2</height>
    <texture>panel_horizontal_separator.png</texture>
  </control>
  <control type="image">
    <posx>0</posx>
    <posy>0</posy>
    <width>1280</width>
    <height>2</height>
    <texture>panel_horizontal_separator.png</texture>
  </control>
  <control type="image">
    <posx>0</posx>
    <posy>125</posy>
    <width>1280</width>
    <height>2</height>
    <texture>panel_horizontal_separator.png</texture>
  </control>
  <control type="image">
    <posx>180</posx>
    <posy>3</posy>
    <width>2</width>
    <height>122</height>
    <texture>panel_vertical_separator.png</texture>
  </control>
  <control type="image">
    <posx>600</posx>
    <posy>3</posy>
    <width>2</width>
    <height>122</height>
    <texture>panel_vertical_separator.png</texture>
  </control>
  <control type="image">
    <posx>1020</posx>
    <posy>3</posy>
    <width>2</width>
    <height>122</height>
    <texture>panel_vertical_separator.png</texture>
    <visible>![IsEmpty(Control.GetLabel(1008)) + IsEmpty(Control.GetLabel(1009))]</visible>
  </control>
  <control type="label"><!-- Year/Publisher -->
    <posx>30</posx>
    <posy>15</posy>
    <width>160</width>
    <height>25</height>
    <label>$VAR[value_poster_ground1_info]</label>
    <include>ShowcaseInfoLabel</include>
  </control>
  <control type="label">
    <posx>200</posx>
    <posy>15</posy>
    <width>380</width>
    <height>25</height>
    <label fallback="161">$VAR[value_poster_ground1_value]</label>
    <include>ShowcaseInfoValue</include>
  </control>
  <control type="label"><!-- Genre/Status -->
    <posx>30</posx>
    <posy>40</posy>
    <width>160</width>
    <height>25</height>
    <label>$VAR[value_poster_ground2_info]</label>
    <include>ShowcaseInfoLabel</include>
  </control>
  <control type="label">
    <posx>200</posx>
    <posy>40</posy>
    <width>380</width>
    <height>25</height>
    <label fallback="161">$VAR[value_poster_ground2_value]</label>
    <include>ShowcaseInfoValue</include>
  </control>
  <control type="label"><!-- Director/Episodes/Developer -->
    <posx>30</posx>
    <posy>65</posy>
    <width>160</width>
    <height>25</height>
    <label>$VAR[value_poster_ground3_info]</label>
    <include>ShowcaseInfoLabel</include>
  </control>
  <control type="label">
    <posx>200</posx>
    <posy>65</posy>
    <width>380</width>
    <height>25</height>
    <label fallback="161">$VAR[value_poster_ground3_value]</label>
    <include>ShowcaseInfoValue</include>
  </control>
  <control type="label"><!-- Rating/Publisher -->
    <posx>30</posx>
    <posy>90</posy>
    <width>160</width>
    <height>25</height>
    <label>$VAR[value_poster_ground4_info]</label>
    <include>ShowcaseInfoLabel</include>
  </control>
  <control type="label">
    <posx>200</posx>
    <posy>90</posy>
    <width>380</width>
    <height>25</height>
    <label fallback="161">$VAR[value_poster_ground4_value]</label>
    <include>ShowcaseInfoValue</include>
  </control>
  <control type="textbox">
    <posx>620</posx>
    <posy>12</posy>
    <width>380</width>
    <height>105</height>
    <textcolor>DDFFFFFF</textcolor>
    <font>Font_MultiplexPlotSmall</font>
    <label>$VAR[value_videoplot]</label>
    <autoscroll delay="8000" time="2000" repeat="8000">!Skin.HasSetting(noallowscroll)</autoscroll>
    <visible>![IsEmpty(Control.GetLabel(1008)) + IsEmpty(Control.GetLabel(1009))]</visible>
  </control>
  <control type="textbox">
    <posx>620</posx>
    <posy>12</posy>
    <width>625</width>
    <height>105</height>
    <textcolor>DDFFFFFF</textcolor>
    <font>Font_MultiplexPlotSmall</font>
    <label>$VAR[value_videoplot]</label>
    <autoscroll delay="8000" time="2000" repeat="8000">!Skin.HasSetting(noallowscroll)</autoscroll>
    <visible>IsEmpty(Control.GetLabel(1008)) + IsEmpty(Control.GetLabel(1009))</visible>
  </control>
  </control>
  </include>
	<include name="ViewPoster">
  <control type="group">
    <visible>Control.IsVisible(510)</visible>
  <control type="image">
    <include>FullScreenDimensions</include>
    <texture>common_black.png</texture>
    <animation effect="fade" end="40" condition="true">Conditional</animation>
    <include>Animation_HideCoverFlow</include>
    <include>Animation_CommonFade</include>
    <visible>Control.IsVisible(510)</visible>
  </control>
  <control type="image">
    <posx>0</posx>
    <posy>80</posy>
    <width>1280</width>
    <height>640</height>
    <texture>common_black.png</texture>
    <colordiffuse>c3FFFFFF</colordiffuse>
    <include>Animation_HideCoverFlow</include>
    <include>Animation_CommonFade</include>
    <visible>Control.IsVisible(510)</visible>
  </control>
  <control type="image">
    <posx>0</posx>
    <posy>640</posy>
    <width>1280</width>
    <height>80</height>
    <texture>common_black.png</texture>
    <animation effect="fade" end="50" condition="true">Conditional</animation>
    <include>Animation_HideCoverFlow</include>
    <include>Animation_CommonFade</include>
    <visible>Control.IsVisible(510)</visible>
  </control>
    <include>MoviePoster_Panel</include>
    <include condition="Skin.HasSetting(posterfixedlist)">MoviePosterFixedList</include>
    <include condition="!Skin.HasSetting(posterfixedlist)">MoviePosterWrapList</include>
  <control type="scrollbar" id="62">
    <include>ScrollBar_Horizontal</include>
    <posx>305</posx>
    <posy>673</posy>
    <width>670</width>
    <onup>510</onup>
    <onleft>62</onleft>
    <onright>62</onright>
    <ondown>9920</ondown>
    <include>Animation_HideShowcase</include>
    <include>Animation_CommonFade</include>
    <visible allowhiddenfocus="true">Control.IsVisible(510) + Control.HasFocus(62)</visible>
  </control>
  </control>
  </include>
  </includes>