﻿<!-- Aeon MQ 4 -->

<includes>
<!--##################################################################################   VISTA BANNER - ID 575,576,577,578,579   ##################################################################################-->
	<include name="BannerWatchedOverlay_1">
    <posx>535</posx>
    <posy>5</posy>
    <width>50</width>
    <height>50</height>
    <visible>!Skin.HasSetting(nooverlays)</visible>
  </include>
  <include name="BannerWatchedOverlay_2">
    <posx>322</posx>
    <posy>5</posy>
    <width>30</width>
    <height>30</height>
    <visible>!Skin.HasSetting(nooverlays)</visible>
	</include>
	<include name="BannerWatchedOverlay_3">
    <posx>546</posx>
    <posy>40</posy>
    <width>30</width>
    <height>30</height>
    <visible>!Skin.HasSetting(nooverlays)</visible>
	</include>
	<include name="BannerWatchedOverlay_4">
    <posx>250</posx>
    <posy>90</posy>
    <width>30</width>
    <height>30</height>
    <visible>!Skin.HasSetting(nooverlays)</visible>
	</include>
	<include name="BannerWatchedOverlay_5">
    <posx>202</posx>
    <posy>5</posy>
    <width>30</width>
    <height>30</height>
    <visible>!Skin.HasSetting(nooverlays)</visible>
	</include>
	<include name="BannerInfoLabel">
    <posx>0</posx>
    <posy>0</posy>
    <height>13</height>
    <width>265</width>
    <font>Font_MultiplexInfoLabel</font>
    <textcolor>$VAR[value_headercolors]</textcolor>
	</include>
	<include name="BannerInfoValue">
    <posx>0</posx>
    <posy>17</posy>
    <height>13</height>
    <width>265</width>
    <font>Font_MultiplexInfoLabel</font>
    <textcolor>FFFFFFFF</textcolor>
    <scroll>true</scroll>
	</include>
	<include name="ViewBanner">
  <control type="group">
    <include>ViewBannerTVShows</include>
    <include>ViewBannerTVShowsInfo</include>
    <include>ViewBannerSeasons</include>
    <include>ViewBannerEpisodes</include>
  </control>
  </include>
  
  <include name="ViewBannerTVShows"><!-- tvshows -->
	<control type="panel" id="575">
  <viewtype label="31811">Wide Icon</viewtype>
    <posx>50</posx>
    <width>1200</width>
    <posy>92</posy>
    <height>548</height>
    <pagecontrol>72</pagecontrol>
    <preloaditems>2</preloaditems>
    <onup>575</onup>
    <ondown>575</ondown>
    <onleft>9900</onleft>
    <onright>72</onright>
    <animation effect="slide" start="0,0" end="-10,0" time="400" tween="cubic" easing="inout" condition="Control.HasFocus(72)">Conditional</animation>
    <visible>Container.Content(movies) | Container.Content(tvshows) | Window.IsActive(videofiles)</visible>
    <itemlayout height="137" width="600">
	<control type="image">
    <description>Background</description>
    <width>590</width>
    <height>127</height>
    <texture background="true">banner_glass.png</texture>
    <colordiffuse>$VAR[value_texturecolors]</colordiffuse>
    <aspectratio>stretch</aspectratio>
    <include>Animation_CommonFade</include>
	</control>
	<control type="image">
    <description>Cover</description>
    <width>590</width>
    <height>127</height>
    <bordersize>10</bordersize>
    <texture background="true">$VAR[value_banner]</texture>
    <aspectratio>keep</aspectratio>
	</control>
	<control type="image">
    <include>BannerWatchedOverlay_1</include>
    <info>ListItem.Overlay</info>
    <visible>![IsEmpty(ListItem.Overlay) | Skin.HasSetting(nooverlays)]</visible>
	</control>
	<control type="image">
    <description>Dimmer</description>
    <width>590</width>
    <height>127</height>
    <bordersize>10</bordersize>
    <texture>common_black.png</texture>
    <aspectratio>stretch</aspectratio>
    <animation effect="fade" end="50" condition="true">Conditional</animation>
	</control>
  </itemlayout>
  <focusedlayout height="137" width="600">
	<control type="image">
    <description>Background</description>
    <width>590</width>
    <height>127</height>
    <texture background="true">banner_glass.png</texture>
    <aspectratio>stretch</aspectratio>
    <animation effect="zoom" center="auto" start="90" end="110" time="600" tween="back" easing="out" reversible="false" condition="Skin.HasSetting(bannerzoom)">Focus</animation>
	</control>
	<control type="image">
    <description>Background Double</description>
    <width>590</width>
    <height>127</height>
    <texture background="true">banner_glass.png</texture>
    <aspectratio>stretch</aspectratio>
    <animation effect="zoom" center="auto" start="90" end="110" time="600" tween="back" easing="out" reversible="false" condition="Skin.HasSetting(bannerzoom)">Focus</animation>
  </control>
	<control type="image">
    <description>Cover</description>
    <width>590</width>
    <height>127</height>
    <bordersize>10</bordersize>
    <texture background="true">$VAR[value_banner]</texture>
    <aspectratio>keep</aspectratio>
    <animation effect="zoom" center="auto" start="90" end="110" time="600" tween="back" easing="out" reversible="false" condition="Skin.HasSetting(bannerzoom)">Focus</animation>
  </control>
	<control type="image">
    <include>BannerWatchedOverlay_1</include>
    <info>ListItem.Overlay</info>
    <animation effect="zoom" center="290,60" start="90" end="110" time="600" tween="back" easing="out" reversible="false" condition="Skin.HasSetting(bannerzoom)">Focus</animation>
    <visible>![IsEmpty(ListItem.Overlay) | Skin.HasSetting(nooverlays)]</visible>
	</control>
	</focusedlayout>
  </control>
  </include>
  
  <include name="ViewBannerTVShowsInfo"><!-- tvshows info banner  -->
  <control type="group">
    <visible>Control.IsVisible(576) + [Control.IsVisible(109) | Control.HasFocus(9910) | Container.Content(tvshows) + SubString(skin.string(tvshows_info_bannerinfo),on)]</visible>
    <animation effect="fade" start="0" end="100" time="400" delay="5000" condition="![Container.Content(tvshows) + SubString(skin.string(tvshows_info_bannerinfo),on) | IsEmpty(ListItem.Thumb)]">WindowOpen</animation>
    <animation effect="fade" end="0" time="200">WindowClose</animation>
    <include>Animation_InfoPanelSlide</include>
  <control type="image">
		<posx>75</posx>
		<posy>60</posy>
		<width>1130</width>
		<height>560</height>
    <texture background="true">panel_back.png</texture>
    <include>Animation_CommonFade</include>
    <visible>Skin.HasSetting(nopanelbannerthin)</visible>
  </control>
	<control type="image">
		<posx>75</posx>
		<posy>60</posy>
		<width>1130</width>
		<height>560</height>
		<texture background="true">panel_tablet.png</texture>
  </control>
  <control type="image">
    <posx>399</posx>
    <posy>98</posy>
    <width>2</width>
    <height>280</height>
    <texture>panel_vertical_separator.png</texture>
  </control>
  <control type="image">
    <posx>880</posx>
    <posy>98</posy>
    <width>2</width>
    <height>280</height>
    <texture>panel_vertical_separator.png</texture>
  </control>
  <control type="image">
    <posx>84</posx>
    <posy>378</posy>
    <width>1112</width>
    <height>2</height>
    <texture>panel_horizontal_separator.png</texture>
  </control>
  <control type="image">
    <posx>418</posx>
    <posy>105</posy>
    <width>445</width>
    <height>265</height>
    <texture background="true">$INFO[Container(576).ListItem.property(fanart_image)]</texture>
    <aspectratio>stretch</aspectratio>
    <fadetime>FanartCrossFadeTime</fadetime>
    <visible>Container.Content(tvshows)</visible>
  </control>
  <control type="textbox">
    <posx>895</posx>
    <posy>105</posy>
    <width>260</width>
    <height>265</height>
    <font>Font_MultiplexPlotSmall</font>
    <label>$VAR[value_videoplot]</label>
    <autoscroll delay="8000" time="2000" repeat="8000">!Skin.HasSetting(noallowscroll)</autoscroll>
    <include>Animation_CommonFade</include>
    <visible>Container.Content(tvshows)</visible>
	</control>
  <control type="group"><!--tvshows info-->
    <posx>120</posx>
    <posy>105</posy>
    <include>Animation_CommonFade</include>
    <visible>Container.Content(tvshows) + Control.IsVisible(576)</visible>
	<control type="group">
		<posy>0</posy>
	<control type="label">
    <include>BannerInfoLabel</include>
    <label>$LOCALIZE[31032]:</label>
	</control>
	<control type="label">
    <include>BannerInfoValue</include>
    <label fallback="161">$INFO[Container(576).ListItem.Genre]</label>
	</control>
	</control>
	<control type="group">
		<posy>58</posy>
	<control type="label">
    <include>BannerInfoLabel</include>
    <label>$LOCALIZE[31527]:</label>
	</control>
	<control type="label">
    <include>BannerInfoValue</include>
    <label fallback="161">$INFO[Container(576).ListItem.Episode] ($LOCALIZE[31429]: $INFO[Container(576).ListItem.Property(UnwatchedEpisodes)])</label>
	</control>
	</control>
	<control type="group">
		<posy>116</posy>
	<control type="label">
    <include>BannerInfoLabel</include>
    <label>$LOCALIZE[31336]:</label>
	</control>
	<control type="label">
    <include>BannerInfoValue</include>
    <label fallback="161">$INFO[Container(576).ListItem.Date]</label>
	</control>
	</control>
	</control>
	</control>
	<control type="panel" id="576">
    <viewtype label="31812">Wide Icon</viewtype>
    <posx>95</posx>
    <posy>390</posy>
    <width>1110</width>
    <height>267</height>
    <pagecontrol>73</pagecontrol>
    <preloaditems>2</preloaditems>
    <onup>576</onup>
    <ondown>576</ondown>
    <onleft>9900</onleft>
    <onright>73</onright>
    <visible>Window.IsActive(VideoLibrary) + Container.Content(TVShows)</visible>
    <itemlayout height="89" width="367">
	<control type="image">
    <description>Background</description>
    <width>357</width>
    <height>79</height>
    <texture background="true">banner_glass.png</texture>
    <colordiffuse>$VAR[value_texturecolors]</colordiffuse>
    <aspectratio>stretch</aspectratio>
    <include>Animation_CommonFade</include>
	</control>
	<control type="image">
    <description>Cover</description>
    <width>357</width>
    <height>79</height>
    <bordersize>8</bordersize>
    <texture background="true">$VAR[value_banner]</texture>
    <aspectratio>keep</aspectratio>
	</control>
	<control type="image">
    <include>BannerWatchedOverlay_2</include>
    <info>ListItem.Overlay</info>
    <visible>![IsEmpty(ListItem.Overlay) | Skin.HasSetting(nooverlays)]</visible>
	</control>
	<control type="image">
    <description>Dimmer</description>
    <width>357</width>
    <height>79</height>
    <bordersize>8</bordersize>
    <texture>common_black.png</texture>
    <aspectratio>stretch</aspectratio>
    <animation effect="fade" end="60" condition="true">Conditional</animation>
	</control>
  </itemlayout>
  <focusedlayout height="89" width="367">
	<control type="image">
    <description>Background</description>
    <width>357</width>
    <height>79</height>
    <texture background="true">banner_glass.png</texture>
    <aspectratio>stretch</aspectratio>
    <animation effect="zoom" center="auto" start="90" end="122" time="600" tween="back" easing="out" reversible="false" condition="Skin.HasSetting(bannerinfozoom)">Focus</animation>
	</control>
	<control type="image">
    <description>Background Double</description>
    <width>357</width>
    <height>79</height>
    <texture background="true">banner_glass.png</texture>
    <aspectratio>stretch</aspectratio>
    <animation effect="zoom" center="auto" start="90" end="122" time="600" tween="back" easing="out" reversible="false" condition="Skin.HasSetting(bannerinfozoom)">Focus</animation>
  </control>
	<control type="image">
    <description>Cover</description>
    <width>357</width>
    <height>79</height>
    <bordersize>8</bordersize>
    <texture background="true">$VAR[value_banner]</texture>
    <aspectratio>keep</aspectratio>
    <animation effect="zoom" center="auto" start="90" end="122" time="600" tween="back" easing="out" reversible="false" condition="Skin.HasSetting(bannerinfozoom)">Focus</animation>
  </control>
	<control type="image">
    <include>BannerWatchedOverlay_2</include>
    <animation effect="zoom" center="178,40" start="90" end="122" time="600" tween="back" easing="out" reversible="false" condition="Skin.HasSetting(bannerinfozoom)">Focus</animation>
    <info>ListItem.Overlay</info>
    <visible>![IsEmpty(ListItem.Overlay) | Skin.HasSetting(nooverlays)]</visible>
	</control>
	</focusedlayout>
  </control>
  </include>
  
  <include name="ViewBannerSeasons"><!--seasons-->
  <control type="panel" id="578">
    <viewtype label="31824">List Info</viewtype>
    <posx>40</posx>
    <posy>92</posy>
    <width>600</width>
    <height>550</height>
    <pagecontrol>75</pagecontrol>
    <preloaditems>2</preloaditems>
    <onup>578</onup>
    <ondown>578</ondown>
    <onleft>9900</onleft>
    <onright>75</onright>
    <visible>Window.IsActive(VideoLibrary) + Container.Content(Seasons)</visible>
  <itemlayout condition="!Skin.HasSetting(nobannerseasonpostermode)" height="183" width="300">
  <control type="image">
    <description>Background</description>
    <width>290</width>
    <height>172</height>
    <texture>banner_glass_big.png</texture>
    <colordiffuse>$VAR[value_texturecolors]</colordiffuse>
    <aspectratio>stretch</aspectratio>
    <include>Animation_CommonFade</include>
  </control>
  <control type="image">
    <description>Background Black</description>
    <posx>2</posx>
    <width>290</width>
    <height>172</height>
    <bordersize>2</bordersize>
    <texture>banner_posterunfocus.png</texture>
    <colordiffuse>$VAR[value_texturecolors]</colordiffuse>
    <aspectratio>stretch</aspectratio>
    <animation effect="fade" end="40" condition="true">Conditional</animation>
  </control>
  <control type="image">
    <description>Cover</description>
    <posx>0</posx>
    <width>120</width>
    <height>172</height>
    <bordersize>15</bordersize>
    <texture diffuse="thumb_poster_mask.png" background="true">$VAR[value_poster]</texture>
    <aspectratio>stretch</aspectratio>
    <visible>!IsEmpty(ListItem.Thumb)</visible>
  </control>
  <control type="image">
    <description>Default Cover</description>
    <posx>0</posx>
    <width>120</width>
    <height>172</height>
    <bordersize>15</bordersize>
    <texture diffuse="thumb_poster_mask.png" background="true">$VAR[value_poster]</texture>
    <aspectratio scalediffuse="false">scale</aspectratio>
    <visible>IsEmpty(ListItem.Thumb)</visible>
  </control>
  <control type="label">
    <posx>273</posx>
    <posy>55</posy>
    <width>160</width>
    <height>41</height>
    <font>Font_ProgressLabel</font>
    <textcolor>FF939597</textcolor>
    <align>right</align>
    <aligny>center</aligny>
    <label>[B][UPPERCASE]$INFO[ListItem.Title][/UPPERCASE][/B]</label>
  </control>
  <control type="image">
    <include>BannerWatchedOverlay_4</include>
    <info>ListItem.Overlay</info>
    <visible>![IsEmpty(ListItem.Overlay) | Skin.HasSetting(nooverlays)]</visible>
  </control>
  <control type="image">
    <description>Dimmer</description>
    <posx>0</posx>
    <width>120</width>
    <height>172</height>
    <bordersize>15</bordersize>
    <texture diffuse="thumb_poster_mask.png">common_black.png</texture>
    <aspectratio>stretch</aspectratio>
    <animation effect="fade" end="60" condition="true">Conditional</animation>
  </control>
  </itemlayout>
  <itemlayout condition="Skin.HasSetting(nobannerseasonpostermode)" height="137" width="600">
  <control type="image">
    <description>Background</description>
    <width>590</width>
    <height>127</height>
    <texture background="true">banner_glass.png</texture>
    <colordiffuse>$VAR[value_texturecolors]</colordiffuse>
    <aspectratio>stretch</aspectratio>
    <include>Animation_CommonFade</include>
  </control>
  <control type="image">
    <description>Cover</description>
    <width>590</width>
    <height>127</height>
    <bordersize>10</bordersize>
    <texture background="true">$VAR[value_banner]</texture>
    <aspectratio>stretch</aspectratio>
  </control>
  <control type="image">
    <include>BannerWatchedOverlay_1</include>
    <info>ListItem.Overlay</info>
    <visible>![IsEmpty(ListItem.Overlay) | Skin.HasSetting(nooverlays)]</visible>
  </control>
  <control type="image">
    <description>Dimmer</description>
    <width>590</width>
    <height>127</height>
    <bordersize>10</bordersize>
    <texture>common_black.png</texture>
    <aspectratio>stretch</aspectratio>
    <animation effect="fade" end="50" condition="true">Conditional</animation>
  </control>
  </itemlayout>
  <focusedlayout condition="!Skin.HasSetting(nobannerseasonpostermode)" height="183" width="300">
  <control type="image">
    <description>Background</description>
    <width>290</width>
    <height>172</height>
    <texture>banner_glass_big.png</texture>
    <aspectratio>stretch</aspectratio>
  </control>
  <control type="image">
    <description>Background Double</description>
    <width>290</width>
    <height>172</height>
    <texture>banner_glass_big.png</texture>
    <aspectratio>stretch</aspectratio>
  </control>
  <control type="image">
    <description>Background Black</description>
    <posx>2</posx>
    <width>290</width>
    <height>172</height>
    <bordersize>2</bordersize>
    <texture>banner_posterfocus.png</texture>
    <aspectratio>stretch</aspectratio>
    <visible>Skin.HasSetting(nobannerthin)</visible>
    <animation effect="fade" end="90" condition="true">Conditional</animation>
  </control>
  <control type="image">
    <description>Background Black</description>
    <posx>2</posx>
    <width>290</width>
    <height>172</height>
    <bordersize>2</bordersize>
    <texture>banner_posterfocus.png</texture>
    <aspectratio>stretch</aspectratio>
    <visible>!Skin.HasSetting(nobannerthin)</visible>
  </control>
  <control type="image">
    <description>Line Title</description>
    <posx>95</posx>
    <posy>89</posy>
    <width>178</width>
    <height>2</height>
    <texture>common_fadeline.png</texture>
  </control>
  <control type="image">
    <description>Cover Back</description>
    <posx>0</posx>
    <width>120</width>
    <height>172</height>
    <bordersize>10</bordersize>
    <texture>thumb_poster_shadow.png</texture>
    <aspectratio>stretch</aspectratio>
  </control>
  <control type="image">
    <description>Cover</description>
    <posx>0</posx>
    <width>120</width>
    <height>172</height>
    <bordersize>15</bordersize>
    <texture diffuse="thumb_poster_mask.png" background="true">$VAR[value_poster]</texture>
    <aspectratio>stretch</aspectratio>
    <visible>!IsEmpty(ListItem.Thumb)</visible>
  </control>
  <control type="image">
    <description>Cover Glass</description>
    <posx>0</posx>
    <width>120</width>
    <height>172</height>
    <bordersize>15</bordersize>
    <texture>thumb_poster_glass_noedge.png</texture>
    <aspectratio>stretch</aspectratio>
    <visible>!IsEmpty(ListItem.Thumb)</visible>
  </control>
  <control type="image">
    <description>Default Cover</description>
    <posx>0</posx>
    <width>120</width>
    <height>172</height>
    <bordersize>15</bordersize>
    <texture diffuse="thumb_poster_mask.png" background="true">$VAR[value_poster]</texture>
    <aspectratio scalediffuse="false">scale</aspectratio>
    <visible>IsEmpty(ListItem.Thumb)</visible>
  </control>
  <control type="label">
    <posx>273</posx>
    <posy>55</posy>
    <width>160</width>
    <height>41</height>
    <font>Font_ProgressLabel</font>
    <textcolor>d0FFFFFF</textcolor>
    <align>right</align>
    <aligny>center</aligny>
    <label>[B][UPPERCASE]$INFO[ListItem.Title][/UPPERCASE][/B]</label>
  </control>
  <control type="image">
    <include>BannerWatchedOverlay_4</include>
    <info>ListItem.Overlay</info>
    <visible>![IsEmpty(ListItem.Overlay) | Skin.HasSetting(nooverlays)]</visible>
  </control>
  </focusedlayout>
  <focusedlayout condition="Skin.HasSetting(nobannerseasonpostermode)" height="137" width="600">
  <control type="image">
    <description>Background</description>
    <width>590</width>
    <height>127</height>
    <texture background="true">banner_glass.png</texture>
    <aspectratio>stretch</aspectratio>
  </control>
  <control type="image">
    <description>Background Double</description>
    <width>590</width>
    <height>127</height>
    <texture background="true">banner_glass.png</texture>
    <aspectratio>stretch</aspectratio>
  </control>
  <control type="image">
    <description>Cover</description>
    <width>590</width>
    <height>127</height>
    <bordersize>10</bordersize>
    <texture background="true">$VAR[value_banner]</texture>
    <aspectratio>stretch</aspectratio>
  </control>
  <control type="image">
    <include>BannerWatchedOverlay_1</include>
    <info>ListItem.Overlay</info>
    <visible>![IsEmpty(ListItem.Overlay) | Skin.HasSetting(nooverlays)]</visible>
  </control>
  </focusedlayout>
  </control>
  </include>
  
  <include name="ViewBannerEpisodes"><!--episodes-->
  <control type="list" id="579">
  <viewtype label="31825">List Info</viewtype>
    <posx>40</posx>
    <posy>92</posy>
    <width>1200</width>
    <height>548</height>
    <pagecontrol>76</pagecontrol>
    <preloaditems>2</preloaditems>
    <onup>579</onup>
    <ondown>579</ondown>
    <onleft>9900</onleft>
    <onright>76</onright>
    <visible>Window.IsActive(VideoLibrary) + Container.Content(Episodes)</visible>
  <itemlayout height="137" width="600">
  <control type="image">
    <description>Background</description>
    <width>590</width>
    <height>127</height>
    <texture background="true">banner_glass.png</texture>
    <colordiffuse>$VAR[value_texturecolors]</colordiffuse>
    <aspectratio>stretch</aspectratio>
    <include>Animation_CommonFade</include>
	</control>
	<control type="image">
    <description>Background Dark</description>
    <posx>-1</posx>
    <posy>-1</posy>
    <width>595</width>
    <height>130</height>
    <texture>banner_unfocus.png</texture>
    <colordiffuse>$VAR[value_texturecolors]</colordiffuse>
    <aspectratio>stretch</aspectratio>
    <animation effect="fade" end="40" condition="true">Conditional</animation>
	</control>
	<control type="image">
    <description>Cover</description>
    <posx>68</posx>
    <width>220</width>
    <height>127</height>
    <bordersize>15</bordersize>
    <texture diffuse="thumb_tvmask.png" background="true">$VAR[value_poster]</texture>
    <aspectratio>stretch</aspectratio>
    <visible>!IsEmpty(ListItem.Thumb)</visible>
	</control>
	<control type="image">
    <description>Default Cover</description>
    <posx>68</posx>
    <width>220</width>
    <height>127</height>
    <bordersize>15</bordersize>
    <texture diffuse="thumb_tvmask.png" background="true">$VAR[value_poster]</texture>
    <aspectratio scalediffuse="false">scale</aspectratio>
    <visible>IsEmpty(ListItem.Thumb)</visible>
	</control>
	<control type="label">
		<posx>570</posx>
		<posy>5</posy>
		<width>287</width>
		<height>41</height>
		<font>Font_SettingsMenuButton</font>
		<textcolor>FF939597</textcolor>
		<align>right</align>
		<aligny>center</aligny>
		<label>[B][UPPERCASE]$INFO[ListItem.Title][/UPPERCASE][/B]</label>
	</control>
	<control type="label">
		<posx>50</posx>
		<posy>41</posy>
		<width>150</width>
		<height>41</height>
		<font>Font_SettingsMenuButton</font>
		<textcolor>FF939597</textcolor>
		<align>center</align>
		<aligny>center</aligny>
		<label>[B][UPPERCASE]$INFO[ListItem.Season].$INFO[ListItem.Episode][/UPPERCASE][/B]</label>
		<visible>!IsEmpty(ListItem.Thumb)</visible>
	</control>
	<control type="label">
		<posx>570</posx>
		<posy>80</posy>
		<width>287</width>
		<height>41</height>
		<font>Font_FloorTextDetailLabel</font>
		<textcolor>FF939597</textcolor>
		<align>right</align>
		<aligny>center</aligny>
		<label>[UPPERCASE]$INFO[ListItem.Date][/UPPERCASE]</label>
	</control>
	<control type="label">
		<description>Rating</description>
		<posx>570</posx>
		<posy>58</posy>
		<width>150</width>
		<height>41</height>
		<font>Font_ProgressLabel</font>
		<textcolor>FF939597</textcolor>
		<align>right</align>
		<aligny>center</aligny>
		<label>[UPPERCASE]$INFO[ListItem.Rating][/UPPERCASE]</label>
		<include>detailcolornofocus</include>
		<visible>Skin.HasSetting(nostarratingbanner) + !IsEmpty(ListItem.StarRating) + ![Container.Content(artists) | Container.Content(years) | Container.Content(genres)] + !IsEmpty(ListItem.Thumb)</visible>
	</control>
	<control type="image">
		<description>IMDB rating</description>
		<posx>492</posx>
		<posy>70</posy>
		<width>80</width>
		<height>20</height>
		<info>ListItem.StarRating</info>
		<colordiffuse>dcbdbdbd</colordiffuse>
		<visible>!Skin.HasSetting(nostarratingbanner) + !IsEmpty(ListItem.StarRating) + ![Container.Content(artists) | Container.Content(years) | Container.Content(genres)] + !IsEmpty(ListItem.Thumb)</visible>
	</control>
	<control type="image">
    <include>BannerWatchedOverlay_3</include>
    <info>ListItem.Overlay</info>
    <colordiffuse>$VAR[value_texturecolors]</colordiffuse>
    <visible>![IsEmpty(ListItem.Overlay) | Skin.HasSetting(nooverlays)]</visible>
	</control>
	<control type="image">
    <description>Dimmer</description>
    <posx>68</posx>
    <width>220</width>
    <height>127</height>
    <bordersize>15</bordersize>
    <texture diffuse="thumb_tvmask.png">common_black.png</texture>
    <aspectratio>stretch</aspectratio>
    <animation effect="fade" end="60" condition="true">Conditional</animation>
	</control>
  </itemlayout>
  <focusedlayout height="137" width="600">
	<control type="image">
    <description>Background</description>
    <width>590</width>
    <height>127</height>
    <texture background="true">banner_glass.png</texture>
    <aspectratio>stretch</aspectratio>
	</control>
	<control type="image">
    <description>Background Double</description>
    <width>590</width>
    <height>127</height>
    <texture background="true">banner_glass.png</texture>
    <aspectratio>stretch</aspectratio>
	</control>
	<control type="image">
    <description>Background Dark</description>
    <posx>-1</posx>
    <posy>-1</posy>
    <width>595</width>
    <height>130</height>
    <texture>banner_focus.png</texture>
    <visible>Skin.HasSetting(nobannerthin)</visible>
    <aspectratio>stretch</aspectratio>
    <animation effect="fade" end="90" condition="true">Conditional</animation>
	</control>
	<control type="image">
    <description>Background Dark</description>
    <posx>-1</posx>
    <posy>-1</posy>
    <width>595</width>
    <height>130</height>
    <texture>banner_focus.png</texture>
    <visible>!Skin.HasSetting(nobannerthin)</visible>
    <aspectratio>stretch</aspectratio>
	</control>
	<control type="image">
    <description>Line Title</description>
    <posx>270</posx>
    <posy>38</posy>
    <width>300</width>
    <height>2</height>
    <texture>common_fadeline.png</texture>
	</control>
	<control type="image">
    <description>Cover Back</description>
    <posx>68</posx>
    <width>220</width>
    <height>127</height>
    <bordersize>11</bordersize>
    <texture>thumb_multiplex_tvborder.png</texture>
    <aspectratio>stretch</aspectratio>
	</control>
	<control type="image">
    <description>Cover</description>
    <posx>68</posx>
    <width>220</width>
    <height>127</height>
    <bordersize>15</bordersize>
    <texture diffuse="thumb_tvmask.png" background="true">$VAR[value_poster]</texture>
    <aspectratio>stretch</aspectratio>
    <visible>!IsEmpty(ListItem.Thumb)</visible>
	</control>
	<control type="image">
    <description>Default Cover</description>
    <posx>68</posx>
    <width>220</width>
    <height>127</height>
    <bordersize>15</bordersize>
    <texture diffuse="thumb_tvmask.png" background="true">$VAR[value_poster]</texture>
    <aspectratio scalediffuse="false">scale</aspectratio>
    <visible>IsEmpty(ListItem.Thumb)</visible>
	</control>
	<control type="image">
    <description>Cover Glass</description>
    <posx>68</posx>
    <width>220</width>
    <height>127</height>
    <bordersize>15</bordersize>
    <texture>banner_tvglass_noedge.png</texture>
    <aspectratio>stretch</aspectratio>
    <visible>!IsEmpty(ListItem.Thumb)</visible>
	</control>
	<control type="label">
		<posx>570</posx>
		<posy>5</posy>
		<width>287</width>
		<height>41</height>
		<font>Font_SettingsMenuButton</font>
		<textcolor>d0FFFFFF</textcolor>
		<align>right</align>
		<aligny>center</aligny>
		<label>[B][UPPERCASE]$INFO[ListItem.Title][/UPPERCASE][/B]</label>
	</control>
	<control type="label">
		<posx>50</posx>
		<posy>41</posy>
		<width>150</width>
		<height>41</height>
		<font>Font_SettingsMenuButton</font>
		<textcolor>d0FFFFFF</textcolor>
		<align>center</align>
		<aligny>center</aligny>
		<label>[B][UPPERCASE]$INFO[ListItem.Season].$INFO[ListItem.Episode][/UPPERCASE][/B]</label>
		<visible>!IsEmpty(ListItem.Thumb)</visible>
	</control>
	<control type="label">
		<posx>570</posx>
		<posy>80</posy>
		<width>287</width>
		<height>41</height>
		<font>Font_FloorTextDetailLabel</font>
		<textcolor>d0FFFFFF</textcolor>
		<align>right</align>
		<aligny>center</aligny>
		<label>[UPPERCASE]$INFO[ListItem.Date][/UPPERCASE]</label>
		<visible>Container.Content(seasons) | Container.Content(episodes)</visible>
	</control>
	<control type="label">
		<description>Rating</description>
		<posx>570</posx>
		<posy>58</posy>
		<width>150</width>
		<height>41</height>
		<font>Font_ProgressLabel</font>
		<textcolor>d0FFFFFF</textcolor>
		<align>right</align>
		<aligny>center</aligny>
		<label>[UPPERCASE]$INFO[ListItem.Rating][/UPPERCASE]</label>
		<include>detailcolornofocus</include>
		<visible>Skin.HasSetting(nostarratingbanner) + !IsEmpty(ListItem.StarRating) + ![Container.Content(artists) | Container.Content(years) | Container.Content(genres)] + !IsEmpty(ListItem.Thumb)</visible>
	</control>
	<control type="image">
		<description>IMDB rating</description>
		<posx>492</posx>
		<posy>70</posy>
		<width>80</width>
		<height>20</height>
		<info>ListItem.StarRating</info>
		<colordiffuse>$VAR[value_texturecolors]</colordiffuse>
		<visible>!Skin.HasSetting(nostarratingbanner) + !IsEmpty(ListItem.StarRating) + ![Container.Content(artists) | Container.Content(years) | Container.Content(genres)] + !IsEmpty(ListItem.Thumb)</visible>
	</control>
	<control type="image">
    <include>BannerWatchedOverlay_3</include>
    <info>ListItem.Overlay</info>
    <visible>![IsEmpty(ListItem.Overlay) | Skin.HasSetting(nooverlays)]</visible>
	</control>
	</focusedlayout>
	</control>
	
	<control type="group">
	<visible>Control.IsVisible(575) | Control.IsVisible(576) | Control.IsVisible(577) | Control.IsVisible(578) | Control.IsVisible(579)</visible>
	<control type="image">
    <description>Background plot</description>
    <posx>671</posx>
    <posy>92</posy>
    <width>570</width>
    <height>537</height>
    <texture background="true">banner_plotinfo.png</texture>
    <colordiffuse>$VAR[value_texturecolors]</colordiffuse>
    <include>Animation_BannerSlide</include>
    <include>Animation_CommonFade</include>
    <visible>Container.Content(seasons) + IsEmpty(ListItem.Season) | Container.Content(episodes) + IsEmpty(ListItem.Episode)</visible>
  </control>
  <control type="image">
    <description>Background plot focus</description>
    <posx>671</posx>
    <posy>92</posy>
    <width>570</width>
    <height>537</height>
    <texture background="true">banner_plotinfo.png</texture>
    <include>Animation_BannerSlide</include>
    <include>Animation_CommonFade</include>
    <visible>Container.Content(seasons) + !IsEmpty(ListItem.Season) | Container.Content(episodes) + !IsEmpty(ListItem.Episode)</visible>
  </control>
  <control type="image">
    <description>Background plot focus double</description>
    <posx>671</posx>
    <posy>92</posy>
    <width>570</width>
    <height>537</height>
    <texture background="true">banner_plotinfo.png</texture>
    <include>Animation_BannerSlide</include>
    <include>Animation_CommonFade</include>
    <visible>Container.Content(seasons) + !IsEmpty(ListItem.Season) | Container.Content(episodes) + !IsEmpty(ListItem.Episode)</visible>
  </control>
  <control type="image">
    <posx>669</posx>
    <posy>88</posy>
    <width>576</width>
    <height>545</height>
    <texture background="true">banner_plotunfocus.png</texture>
    <animation effect="fade" end="40" condition="true">Conditional</animation>
    <colordiffuse>$VAR[value_texturecolors]</colordiffuse>
    <include>Animation_BannerSlide</include>
    <visible>Container.Content(seasons) + IsEmpty(ListItem.Season) | Container.Content(episodes) + IsEmpty(ListItem.Episode)</visible>
  </control>
  <control type="image">
    <posx>669</posx>
    <posy>88</posy>
    <width>576</width>
    <height>545</height>
    <texture background="true">banner_plotfocus.png</texture>
    <animation effect="fade" end="90" condition="true">Conditional</animation>
    <include>Animation_BannerSlide</include>
    <visible>[Container.Content(seasons) + !IsEmpty(ListItem.Season) | Container.Content(episodes) + !IsEmpty(ListItem.Episode)] + Skin.HasSetting(nobannerthin)</visible>
  </control>
  <control type="image">
    <posx>669</posx>
    <posy>88</posy>
    <width>576</width>
    <height>545</height>
    <texture background="true">banner_plotfocus.png</texture>
    <include>Animation_BannerSlide</include>
    <visible>[Container.Content(seasons) + !IsEmpty(ListItem.Season) | Container.Content(episodes) + !IsEmpty(ListItem.Episode)] + !Skin.HasSetting(nobannerthin)</visible>
  </control>
  <control type="image">
    <description>Line Title</description>
    <posx>690</posx>
    <posy>290</posy>
    <width>533</width>
    <height>2</height>
    <texture>common_fadeline.png</texture>
    <include>Animation_BannerSlide</include>
    <include>Animation_CommonFade</include>
    <visible>Container.Content(seasons) + !IsEmpty(ListItem.Season)</visible>
  </control>
  <control type="image">
    <description>Line Title</description>
    <posx>690</posx>
    <posy>319</posy>
    <width>533</width>
    <height>2</height>
    <texture>common_fadeline.png</texture>
    <include>Animation_BannerSlide</include>
    <include>Animation_CommonFade</include>
    <visible>Container.Content(episodes) + !IsEmpty(ListItem.Episode)</visible>
	</control>
  <control type="image">
    <posx>680</posx>
    <posy>321</posy>
    <width>553</width>
    <height>300</height>
    <bordersize>10</bordersize>
    <texture background="true">$VAR[value_poster]</texture>
    <aspectratio>stretch</aspectratio>
    <include>Animation_BannerSlide</include>
    <fadetime>FanartCrossFadeTime</fadetime>
    <visible>Container.Content(episodes)</visible>
	</control>
	<control type="image"><!--reflect-->
    <posx>671</posx>
    <posy>630</posy>
    <width>570</width>
    <height>200</height>
    <texture background="true">banner_plotinfo_reflect.png</texture>
    <include>Animation_BannerSlide</include>
    <fadetime>FanartCrossFadeTime</fadetime>
    <visible>Container.Content(episodes)</visible>
  </control>
 	<control type="image">
    <posx>669</posx>
    <posy>623</posy>
    <width>576</width>
    <height>545</height>
    <texture flipy="true" diffuse="thumb_list_reflect_mask.png">banner_plotunfocus.png</texture>
    <animation effect="fade" end="60" condition="true">Conditional</animation>
    <colordiffuse>$VAR[value_texturecolors]</colordiffuse>
    <include>Animation_BannerSlide</include>
    <visible>Container.Content(episodes) + IsEmpty(ListItem.Episode) + !Skin.HasSetting(nobannerthin)</visible>
  </control>
 	<control type="image">
    <posx>669</posx>
    <posy>623</posy>
    <width>576</width>
    <height>545</height>
    <texture flipy="true" diffuse="thumb_list_reflect_mask.png" background="true">banner_plotfocus.png</texture>
    <include>Animation_BannerSlide</include>
    <visible>Container.Content(episodes) + !IsEmpty(ListItem.Episode) + !Skin.HasSetting(nobannerthin)</visible>
  </control>
 	<control type="image">
    <posx>669</posx>
    <posy>623</posy>
    <width>576</width>
    <height>545</height>
    <texture flipy="true" diffuse="thumb_list_reflect_mask.png" background="true">banner_plotfocus.png</texture>
    <animation effect="fade" end="90" condition="true">Conditional</animation>
    <include>Animation_BannerSlide</include>
    <visible>Container.Content(episodes) + !IsEmpty(ListItem.Episode) + Skin.HasSetting(nobannerthin)</visible>
  </control>
	<control type="image"><!--reflect end-->
    <posx>680</posx>
    <posy>645</posy>
    <width>553</width>
    <height>300</height>
    <aspectratio aligny="top">keep</aspectratio>
    <fadetime>FanartCrossFadeTime</fadetime>
    <include>Animation_BannerSlide</include>
    <texture flipy="true" diffuse="thumb_list_reflect_mask.png" background="true">$VAR[value_poster]</texture>
    <visible>Container.Content(episodes)</visible>
	</control>
  <control type="textbox">
    <posx>690</posx>
    <posy>300</posy>
    <width>532</width>
    <height>300</height>
    <font>Font_MultiplexPlotSmall</font>
    <label>$VAR[value_videoplot]</label>
    <autoscroll delay="8000" time="2000" repeat="8000">!Skin.HasSetting(noallowscroll)</autoscroll>
    <include>Animation_BannerSlide</include>
    <include>Animation_CommonFade</include>
    <visible>Container.Content(seasons) + !IsEmpty(ListItem.Season)</visible>
	</control>
  <control type="textbox">
    <posx>690</posx>
    <posy>111</posy>
    <width>532</width>
    <height>205</height>
    <font>Font_MultiplexPlotSmall</font>
    <label>$VAR[value_videoplot]</label>
    <autoscroll delay="8000" time="2000" repeat="8000">!Skin.HasSetting(noallowscroll)</autoscroll>
    <include>Animation_BannerSlide</include>
    <include>Animation_CommonFade</include>
    <visible>Container.Content(episodes)</visible>
	</control>
	<control type="image">
    <posx>0</posx>
    <posy>500</posy>
    <width>1280</width>
    <height>220</height>
    <texture background="true">osd_black_bg.png</texture>
    <include>Animation_CommonFade</include>
    <visible>Control.IsVisible(575)</visible>
	</control>
	<control type="image"><!--clearart-->
    <posx>689</posx>
    <posy>115</posy>
    <width>533</width>
    <height>175</height>
    <align>center</align>
    <aligny>center</aligny>
    <texture background="true">$INFO[ListItem.Art(clearart)]</texture>
    <fadetime>300</fadetime>
    <aspectratio aligny="bottom">keep</aspectratio>
    <animation effect="fade" start="0" end="100" time="400" delay="500" condition="true">WindowOpen</animation>
    <animation effect="fade" end="0" time="200">WindowClose</animation>
    <visible>Container.Content(seasons) + Control.IsVisible(578)</visible>
	</control>
	</control>
	
  <control type="scrollbar" id="72"><!--tvshows-->
    <include>ScrollBar_Vertical</include>
    <posx>1227</posx>
    <posy>92</posy>
    <height>548</height>
    <onup>72</onup>
    <ondown>72</ondown>
    <onleft>575</onleft>
    <onright>575</onright>
    <visible allowhiddenfocus="true">Control.IsVisible(575) + Control.HasFocus(72)</visible>
  </control>
  <control type="scrollbar" id="73"><!--tvshows info-->
    <include>ScrollBar_Vertical</include>
    <posx>1180</posx>
    <posy>388</posy>
    <height>261</height>
    <onup>73</onup>
    <ondown>73</ondown>
    <onleft>576</onleft>
    <visible allowhiddenfocus="true">Control.IsVisible(576) + Control.HasFocus(73)</visible>
  </control>
  <control type="scrollbar" id="75"><!--seasons-->
    <include>ScrollBar_Vertical</include>
    <posx>619</posx>
    <posy>90</posy>
    <height>544</height>
    <onup>75</onup>
    <ondown>75</ondown>
    <onleft>578</onleft>
    <visible allowhiddenfocus="true">Control.IsVisible(578) + Control.HasFocus(75)</visible>
  </control>
  <control type="scrollbar" id="76"><!--episodes-->
    <include>ScrollBar_Vertical</include>
    <description>Scroll bar</description>
    <posx>619</posx>
    <posy>90</posy>
    <height>544</height>
    <onup>76</onup>
    <ondown>76</ondown>
    <onleft>579</onleft>
    <visible allowhiddenfocus="true">Control.IsVisible(579) + Control.HasFocus(76)</visible>
  </control>
  </include>
  </includes>