﻿<!-- Aeon MQ 4 -->

<includes>
	<!--##################################################################################   VISTA PANEL - ID 571,572,573   ##################################################################################-->
	<include name="ViewPanel">
	<!-- Browser -->
	<control type="group">
    <animation effect="slide" time="700" start="1500,0" end="0,0" tween="cubic" easing="out">WindowOpen</animation>
    <animation effect="slide" time="700" start="0,0" end="1500,0" tween="cubic" easing="out">WindowClose</animation>
    <animation effect="slide" time="700" start="1500,0" end="0,0" tween="cubic" easing="out">Visible</animation>
    <animation effect="fade" time="200" start="100" end="0">Hidden</animation>

  <!-- Movies/TVShows Poster/Programs -->
  <control type="panel" id="571">
    <viewtype label="31818">icon</viewtype>
    <posx>505</posx>
    <posy>110</posy>
    <width>720</width>
    <height>480</height>
    <scrolltime>200</scrolltime>
    <orientation>vertical</orientation>
    <onup>9900</onup>
    <ondown>571</ondown>
    <onleft>9900</onleft>
    <onright>67</onright>
    <pagecontrol>67</pagecontrol>
    <preloaditems>2</preloaditems>
    <visible>Container.Content(Movies) | Container.Content(MusicVideos) | Container.Content(TVShows) | Container.Content(Seasons) | Window.IsActive(1) | Container.Content(Addons)</visible>
  <itemlayout width="120" height="160">
  <control type="image">
    <posx>8</posx>
    <posy>6</posy>
    <width>100</width>
    <height>141</height>
    <texture diffuse="thumb_wall_movie_mask.png" fallback="DefaultVideoPoster.png" background="true">$VAR[value_poster]</texture>
    <aspectratio scalediffuse="false">keep</aspectratio>
    <visible>Container.Content(Movies) | Container.Content(MusicVideos) | Container.Content(Seasons) | Container.Content(tvshows) | Window.IsActive(1) | Container.Content(Addons)</visible>
  </control>
  <control type="image">
    <posx>80</posx>
    <posy>3</posy>
    <width>30</width>
    <height>30</height>
    <info>ListItem.Overlay</info>
    <aspectratio>stretch</aspectratio>
    <visible>![IsEmpty(ListItem.Overlay) | Skin.HasSetting(nooverlays)]</visible>
  </control>
  <control type="image">
    <description>Dimmer</description>
    <posx>8</posx>
    <posy>6</posy>
    <width>100</width>
    <height>141</height>
    <texture diffuse="thumb_wall_movie_mask.png">common_black.png</texture>
    <aspectratio>stretch</aspectratio>
    <visible>!IsEmpty(ListItem.Thumb)</visible>
    <animation effect="fade" end="50" condition="true">Conditional</animation>
	</control>
  </itemlayout>
  <focusedlayout width="120" height="160">
  <control type="image">
    <posx>-1</posx>
    <posy>-1</posy>
    <width>117</width>
    <height>157</height>
    <aspectratio>stretch</aspectratio>
    <texture>thumb_multiplex_iconframe.png</texture>
    <animation type="Focus" reversible="false">
    <effect type="zoom" center="auto" start="80" end="120" time="400" tween="back" easing="out" />
    <effect type="fade" start="80" end="100" time="400" />
    </animation>
  </control>
  <control type="image">
    <posx>8</posx>
    <posy>6</posy>
    <width>100</width>
    <height>141</height>
    <texture diffuse="thumb_wall_movie_mask.png" fallback="DefaultVideoPoster.png" background="true">$VAR[value_poster]</texture>
    <animation type="Focus" reversible="false">
    <effect type="zoom" center="auto" start="80" end="120" time="400" tween="back" easing="out" />
    <effect type="fade" start="80" end="100" time="400" />
    </animation>
    <aspectratio scalediffuse="false">keep</aspectratio>
    <visible>Container.Content(Movies) | Container.Content(MusicVideos) | Container.Content(Seasons) | Container.Content(tvshows) | Window.IsActive(1) | Container.Content(Addons)</visible>
  </control>
  <control type="image">
    <posx>8</posx>
    <posy>5</posy>
    <width>102</width>
    <height>143</height>
    <aspectratio>stretch</aspectratio>
    <texture diffuse="thumb_wall_movie_mask.png" background="true">thumb_multiplex_glass.png</texture>
    <animation type="Focus" reversible="false">
    <effect type="zoom" center="auto" start="80" end="120" time="400" tween="back" easing="out" />
    <effect type="fade" start="80" end="100" time="400" />
    </animation>
  </control>
  <control type="image">
    <posx>80</posx>
    <posy>3</posy>
    <width>30</width>
    <height>30</height>
    <info>ListItem.Overlay</info>
    <aspectratio>stretch</aspectratio>
    <animation type="Focus" reversible="false">
    <effect type="zoom" center="60,60" start="80" end="120" time="400" tween="back" easing="out" />
    <effect type="fade" start="80" end="100" time="400" />
    </animation>
    <visible>![IsEmpty(ListItem.Overlay) | Skin.HasSetting(nooverlays)]</visible>
  </control>
  </focusedlayout>
  </control>
  </control>

  <!-- TVShows Landscape -->
  <control type="group">
    <animation effect="slide" time="700" start="2000,0" end="0,0" tween="cubic" easing="out">WindowOpen</animation>
    <animation effect="slide" time="700" start="0,0" end="2000,0" tween="cubic" easing="out">WindowClose</animation>
    <animation effect="slide" time="700" start="2000,0" end="0,0" tween="cubic" easing="out">Visible</animation>
    <animation effect="fade" time="200" start="100" end="0">Hidden</animation>
  <control type="panel" id="572">
    <viewtype label="31819">icon</viewtype>
    <posx>505</posx>
    <posy>110</posy>
    <width>720</width>
    <height>480</height>
    <scrolltime>200</scrolltime>
    <orientation>vertical</orientation>
    <onup>573</onup>
    <ondown>573</ondown>
    <onleft>9900</onleft>
    <onright>68</onright>
    <pagecontrol>68</pagecontrol>
    <preloaditems>2</preloaditems>
    <visible>Container.Content(TVShows) | Container.Content(Episodes) | Container.Content(MusicVideos)</visible>
		<itemlayout width="180" height="120">
  <control type="image">
    <posx>6</posx>
    <posy>6</posy>
    <width>170</width>
    <height>110</height>
    <bordersize>8</bordersize>
    <texture diffuse="thumb_tvmask.png" fallback="DefaultExtraThumbs.png" background="true">$VAR[value_landscape]</texture>
    <aspectratio scalediffuse="false">stretch</aspectratio>
  </control>
  <control type="image">
    <posx>140</posx>
    <posy>12</posy>
    <width>30</width>
    <height>30</height>
    <info>ListItem.Overlay</info>
    <aspectratio>stretch</aspectratio>
    <visible>![IsEmpty(ListItem.Overlay) | Skin.HasSetting(nooverlays)]</visible>
  </control>
  <control type="image">
    <description>Dimmer</description>
    <posx>6</posx>
    <posy>6</posy>
    <width>170</width>
    <height>110</height>
    <bordersize>8</bordersize>
    <aspectratio>stretch</aspectratio>
    <texture diffuse="thumb_tvmask.png">common_black.png</texture>
    <visible>!IsEmpty(ListItem.Art(poster))</visible>
    <animation effect="fade" end="50" condition="true">Conditional</animation>
	</control>
  </itemlayout>
  <focusedlayout width="180" height="120">
  <control type="image">
    <posx>6</posx>
    <posy>6</posy>
    <width>170</width>
    <height>110</height>
    <aspectratio>stretch</aspectratio>
    <texture>thumb_multiplex_iconframetv.png</texture>
    <animation type="Focus" reversible="false">
    <effect type="zoom" center="auto" start="80" end="120" time="400" tween="back" easing="out" />
    <effect type="fade" start="80" end="100" time="400" />
    </animation>
  </control>
  <control type="image">
    <posx>6</posx>
    <posy>6</posy>
    <width>170</width>
    <height>110</height>
    <bordersize>8</bordersize>
    <texture diffuse="thumb_tvmask.png" fallback="DefaultExtraThumbs.png" background="true">$VAR[value_landscape]</texture>
    <animation type="Focus" reversible="false">
    <effect type="zoom" center="auto" start="80" end="120" time="400" tween="back" easing="out" />
    <effect type="fade" start="80" end="100" time="400" />
    </animation>
    <aspectratio scalediffuse="false">stretch</aspectratio>
  </control>
  <control type="image">
    <posx>6</posx>
    <posy>6</posy>
    <width>170</width>
    <height>110</height>
    <bordersize>8</bordersize>
    <aspectratio>stretch</aspectratio>
    <texture diffuse="thumb_tvmask.png">thumb_tvglass_noedge.png</texture>
    <animation type="Focus" reversible="false">
    <effect type="zoom" center="auto" start="80" end="120" time="400" tween="back" easing="out" />
    <effect type="fade" start="80" end="100" time="400" />
    </animation>
  </control>
  <control type="image">
    <posx>140</posx>
    <posy>12</posy>
    <width>30</width>
    <height>30</height>
    <info>ListItem.Overlay</info>
    <aspectratio>stretch</aspectratio>
    <animation type="Focus" reversible="false">
    <effect type="zoom" center="95,60" start="80" end="120" time="400" tween="back" easing="out" />
    <effect type="fade" start="80" end="100" time="400" />
    </animation>
    <visible>![IsEmpty(ListItem.Overlay) | Skin.HasSetting(nooverlays)]</visible>
  </control>
  </focusedlayout>
  </control>
  </control>
  
  <!-- Music -->
  <control type="group">
    <animation effect="slide" time="700" start="2000,0" end="0,0" tween="cubic" easing="out">WindowOpen</animation>
    <animation effect="slide" time="700" start="0,0" end="2000,0" tween="cubic" easing="out">WindowClose</animation>
    <animation effect="slide" time="700" start="2000,0" end="0,0" tween="cubic" easing="out">Visible</animation>
    <animation effect="fade" time="200" start="100" end="0">Hidden</animation>
  <control type="panel" id="573">
    <viewtype label="31818">icon</viewtype>
    <posx>480</posx>
    <posy>110</posy>
    <width>720</width>
    <height>480</height>
    <scrolltime>200</scrolltime>
    <orientation>vertical</orientation>
    <onup>573</onup>
    <ondown>573</ondown>
    <onleft>9900</onleft>
    <onright>69</onright>
    <pagecontrol>69</pagecontrol>
    <preloaditems>2</preloaditems>
    <visible>Container.Content(Albums) | Container.Content(songs)</visible>
		<itemlayout width="120" height="120">
  <control type="image">
    <posx>6</posx>
    <posy>6</posy>
    <width>105</width>
    <height>105</height>
    <texture diffuse="thumb_wall_mask.png" fallback="DefaultAlbumCover.png" background="true">$VAR[value_poster]</texture>
    <aspectratio scalediffuse="false">stretch</aspectratio>
  </control>
  <control type="image">
    <description>Dimmer</description>
    <posx>6</posx>
    <posy>6</posy>
    <width>105</width>
    <height>105</height>
    <texture diffuse="thumb_wall_mask.png">common_black.png</texture>
    <aspectratio>stretch</aspectratio>
    <visible>!IsEmpty(ListItem.Thumb)</visible>
    <animation effect="fade" end="50" condition="true">Conditional</animation>
	</control>
  </itemlayout>
  <focusedlayout width="120" height="120">
  <control type="image">
    <posx>0</posx>
    <posy>0</posy>
    <width>120</width>
    <height>120</height>
    <texture>thumb_multiplex_iconframe.png</texture>
    <animation type="Focus" reversible="false">
    <effect type="zoom" center="auto" start="80" end="120" time="400" tween="back" easing="out" />
    <effect type="fade" start="80" end="100" time="400" />
    </animation>
  </control>
  <control type="image">
    <posx>6</posx>
    <posy>6</posy>
    <width>105</width>
    <height>105</height>
    <texture diffuse="thumb_wall_mask.png" fallback="DefaultAlbumCover.png" background="true">$VAR[value_poster]</texture>
    <animation type="Focus" reversible="false">
    <effect type="zoom" center="auto" start="80" end="120" time="400" tween="back" easing="out" />
    <effect type="fade" start="80" end="100" time="400" />
  </animation>
  <aspectratio scalediffuse="false">stretch</aspectratio>
  </control>
  <control type="image">
    <posx>6</posx>
    <posy>6</posy>
    <width>105</width>
    <height>105</height>
    <texture background="true" diffuse="thumb_wall_mask.png">thumb_list_musicicon_glass.png</texture>
    <animation type="Focus" reversible="false">
    <effect type="zoom" center="auto" start="80" end="120" time="400" tween="back" easing="out" />
    <effect type="fade" start="80" end="100" time="400" />
  </animation>
  <aspectratio scalediffuse="false">stretch</aspectratio>
  </control>
  </focusedlayout>
  </control>
  </control>
  
  <!-- Info Panel -->
  <control type="group">
    <animation effect="slide" time="700" start="-800,0" end="0,0" tween="cubic" easing="out">WindowOpen</animation>
    <animation effect="slide" time="700" start="0,0" end="-800,0" tween="cubic" easing="out">WindowClose</animation>
    <animation effect="slide" time="700" start="-800,0" end="0,0" tween="cubic" easing="out">Visible</animation>
    <animation effect="fade" time="200" start="100" end="0">Hidden</animation>
    <visible>Control.IsVisible(571) | Control.IsVisible(572) | Control.IsVisible(573)</visible>
    <posx>60</posx>
    <posy>80</posy>
  <control type="largeimage">
    <posx>0</posx>
    <posy>32</posy>
    <width>407</width>
    <height>230</height>
    <aspectratio>stretch</aspectratio>
    <texture border="20">home_nowplaying_videowindow.png</texture>
    <visible>!IsEmpty(ListItem.Art(fanart))</visible>
  </control>
  <control type="image" id="5601">
    <posx>0</posx>
    <posy>31</posy>
    <width>407</width>
    <height>230</height>
    <texture fallback="DefaultExtraThumbs.png" background="true">$INFO[ListItem.Art(fanart)]</texture>
    <aspectratio>stretch</aspectratio>
    <fadetime>FanartCrossFadeTime</fadetime>
    <bordersize>12</bordersize>
    <visible>!IsEmpty(ListItem.Art(fanart))</visible>
  </control>
  <control type="largeimage">
    <posx>0</posx>
    <posy>31</posy>
    <width>407</width>
    <height>230</height>
    <aspectratio>stretch</aspectratio>
    <bordersize>12</bordersize>
    <texture>thumb_tvglass_noedge.png</texture>
    <visible>!IsEmpty(ListItem.Art(fanart))</visible>
  </control>
  <control type="image">
    <posx>0</posx>
    <posy>31</posy>
    <width>407</width>
    <height>230</height>
    <aspectratio>stretch</aspectratio>
    <bordersize>12</bordersize>
    <visible>!IsEmpty(ListItem.Art(fanart))</visible>
  </control>
  <control type="group">
    <animation effect="slide" end="0,-218" condition="!Control.IsVisible(5601)">Conditional</animation>
  <control type="group">
    <visible>Control.IsVisible(5601) | Window.IsActive(1) + !IsEmpty(ListItem.property(Addon.Description))</visible>
  <control type="fadelabel">
    <posx>10</posx>
    <posy>260</posy>
   <width>387</width>
    <height>15</height>
    <textcolor>abFFFFFF</textcolor>
    <label>$LOCALIZE[562]: [COLOR=$VAR[value_headercolors]]$INFO[ListItem.Year][/COLOR] | $LOCALIZE[368]: [COLOR=$VAR[value_headercolors]]$INFO[ListItem.Rating][/COLOR] | $LOCALIZE[180]: [COLOR=$VAR[value_headercolors]]$INFO[ListItem.Duration] $LOCALIZE[12391][/COLOR]</label>
    <font>Font_MultiplexPlotSmall</font>
    <scrollout>false</scrollout>
    <visible>![Container.Content(tvshows) | Container.Content(seasons) | Window.IsActive(1) | substring(ListItem.Duration,min)]</visible>
  </control>
  <control type="fadelabel">
    <posx>10</posx>
    <posy>260</posy>
   <width>387</width>
    <height>15</height>
    <textcolor>abFFFFFF</textcolor>
    <label>$LOCALIZE[562]: [COLOR=$VAR[value_headercolors]]$INFO[ListItem.Year][/COLOR] | $LOCALIZE[368]: [COLOR=$VAR[value_headercolors]]$INFO[ListItem.Rating][/COLOR] | $LOCALIZE[180]: [COLOR=$VAR[value_headercolors]]$INFO[ListItem.Duration][/COLOR]</label>
    <font>Font_MultiplexPlotSmall</font>
    <scrollout>false</scrollout>
    <visible>![Container.Content(tvshows) | Container.Content(seasons) | Window.IsActive(1)] + substring(ListItem.Duration,min)</visible>
  </control>
  <control type="fadelabel">
    <posx>10</posx>
    <posy>260</posy>
   <width>387</width>
    <height>15</height>
    <textcolor>abFFFFFF</textcolor>
    <label>$LOCALIZE[562]: [COLOR=$VAR[value_headercolors]]$INFO[ListItem.Year][/COLOR] | $LOCALIZE[368]: [COLOR=$VAR[value_headercolors]]$INFO[ListItem.Rating][/COLOR]</label>
    <font>Font_MultiplexPlotSmall</font>
    <scrollout>false</scrollout>
    <visible>Container.Content(tvshows)</visible>
  </control>
  <control type="fadelabel">
    <posx>10</posx>
    <posy>260</posy>
   <width>387</width>
    <height>15</height>
    <textcolor>abFFFFFF</textcolor>
    <label>[COLOR=$VAR[value_headercolors]]$LOCALIZE[515]: [/COLOR]$INFO[ListItem.Genre] | [COLOR=$VAR[value_headercolors]]$LOCALIZE[572]: [/COLOR]$INFO[ListItem.Studio] | [COLOR=$VAR[value_headercolors]]$LOCALIZE[345]: [/COLOR]$INFO[ListItem.Premiered]</label>
    <font>Font_MultiplexPlotSmall</font>
    <scrollout>false</scrollout>
    <visible>Window.IsActive(1) + !Container.Content(addons)</visible>
  </control>
  <control type="fadelabel">
    <posx>10</posx>
    <posy>260</posy>
   <width>387</width>
    <height>15</height>
    <textcolor>abFFFFFF</textcolor>
    <label>[COLOR=$VAR[value_headercolors]]$LOCALIZE[146] [/COLOR]$INFO[ListItem.Property(Addon.Type)] | [COLOR=$VAR[value_headercolors]]$LOCALIZE[21863]: [/COLOR]$INFO[ListItem.Property(Addon.Creator)] | [COLOR=$VAR[value_headercolors]]$LOCALIZE[24051][/COLOR]$INFO[ListItem.Property(Addon.Version)]</label>
    <font>Font_MultiplexPlotSmall</font>
    <scrollout>false</scrollout>
    <visible>Window.IsActive(1) + Container.Content(addons)</visible>
  </control>
  <control type="image">
    <posx>10</posx>
    <posy>285</posy>
    <width>387</width>
    <height>1</height>
    <texture>common_fadeline.png</texture>
    <visible>!Container.Content(seasons)</visible>
  </control>
  <control type="textbox">
    <posx>10</posx>
    <posy>290</posy>
    <width>387</width>
    <height>230</height>
    <label>$VAR[value_videoplot]</label>
    <font>Font_MultiplexPlotSmall</font>
    <autoscroll delay="8000" time="2000" repeat="8000">!Skin.HasSetting(noallowscroll)</autoscroll>
  </control>
  <control type="textbox">
    <posx>10</posx>
    <posy>290</posy>
    <width>387</width>
    <height>230</height>
    <label>$INFO[ListItem.Property(Album_Description)]</label>
    <font>Font_MultiplexPlotSmall</font>
    <autoscroll delay="8000" time="2000" repeat="8000">!Skin.HasSetting(noallowscroll)</autoscroll>
  </control>
  </control>
  <control type="group">
  <visible>!Control.IsVisible(5601)</visible>
  <control type="textbox">
    <posx>10</posx>
    <posy>290</posy>
    <width>387</width>
    <height>230</height>
    <label>$VAR[value_videoplot]</label>
    <font>Font_MultiplexPlotSmall</font>
    <autoscroll delay="8000" time="2000" repeat="8000">!Skin.HasSetting(noallowscroll)</autoscroll>
  </control>
  <control type="textbox">
    <posx>10</posx>
    <posy>290</posy>
    <width>387</width>
    <height>230</height>
    <label>$INFO[ListItem.Property(Album_Description)]</label>
    <font>Font_MultiplexPlotSmall</font>
    <autoscroll delay="8000" time="2000" repeat="8000">!Skin.HasSetting(noallowscroll)</autoscroll>
  </control>
  <control type="textbox">
    <posx>10</posx>
    <posy>265</posy>
    <width>387</width>
    <height>255</height>
    <label>$VAR[value_videoplot]</label>
    <font>Font_MultiplexPlotSmall</font>
    <autoscroll delay="8000" time="2000" repeat="8000">!Skin.HasSetting(noallowscroll)</autoscroll>
    <visible>Container.Content(seasons) + IsEmpty(ListItem.Plot) + !IsEmpty(ListItem.Art(poster))</visible>
  </control>
  </control>
  </control>
  </control>
  <!-- Scroll Bar -->
  <control type="scrollbar" id="67">
    <include>ScrollBar_Vertical</include>
    <posx>1230</posx>
    <posy>120</posy>
    <height>468</height>
    <onleft>571</onleft>
    <onright>571</onright>
    <visible allowhiddenfocus="true">Control.IsVisible(571) + Control.HasFocus(67)</visible>
  </control>
  <control type="scrollbar" id="68">
    <include>ScrollBar_Vertical</include>
    <posx>1230</posx>
    <posy>120</posy>
    <height>468</height>
    <onleft>572</onleft>
    <onright>572</onright>
    <visible allowhiddenfocus="true">Control.IsVisible(572) + Control.HasFocus(68)</visible>
  </control>
  <control type="scrollbar" id="69">
    <include>ScrollBar_Vertical</include>
    <posx>1230</posx>
    <posy>120</posy>
    <height>468</height>
    <onleft>573</onleft>
    <onright>573</onright>
    <visible allowhiddenfocus="true">Control.IsVisible(573) + Control.HasFocus(69)</visible>
  </control>
  </include>
  </includes>