﻿<!-- Aeon MQ 4 -->

<window id="122">
	<defaultcontrol>2</defaultcontrol>
	<coordinates>
		<system>1</system>
		<posx>0</posx>
		<posy>0</posy>
	</coordinates>
    <include>Animation_DialogPopup</include>
  <controls>
  <control type="group">
    <posy>100</posy>
  <control type="image">
    <description>Panel</description>
    <posx>200</posx>
    <posy>40</posy>
    <width>881</width>
    <height>481</height>
    <texture>osd_settings_back.png</texture>
  </control>
  <control type="label">
    <description>Header Label</description>
    <posx>215</posx>
    <posy>72</posy>
    <width>852</width>
    <height>30</height>
    <label>31766</label>
		<font>Font_SettingsSectionTitle</font>
		<textcolor>FFbec0c2</textcolor>
    <align>center</align>
    <aligny>center</aligny>
    <include>Animation_CommonFade</include>
  </control>
  <control type="label" id="4">
    <description>No Presets Label</description>
    <posx>215</posx>
    <posy>272</posy>
    <width>852</width>
    <height>30</height>
    <label>13390</label>
    <font>Font_OSDOptions</font>
    <textcolor>FFf5f5f5</textcolor>
    <align>center</align>
    <aligny>center</aligny>
    <include>Animation_CommonFade</include>
  </control>
  <control type="image">
    <description>separator</description>
    <posx>200</posx>
    <posy>115</posy>
    <width>851</width>
    <height>2</height>
    <texture>common_divider.png</texture>
  </control>
  <control type="list" id="2">
    <description>control area</description>
    <posx>213.5</posx>
    <posy>140</posy>
    <width>854.5</width>
    <height>310</height>
    <itemgap>0</itemgap>
    <onleft>60</onleft>
    <onright>2</onright>
    <onup>2</onup>
    <ondown>2</ondown>
    <pagecontrol>60</pagecontrol>
    <scrolltime>450</scrolltime>
    <movement>2</movement>
  <itemlayout height="28">
  <control type="image">
    <posx>0</posx>
    <posy>0</posy>
    <width>854.5</width>
    <height>28</height>
    <texture>settings_button_nofocus.png</texture>
    <pulseonselect>true</pulseonselect>
  </control>
  <control type="label">
    <posx>0</posx>
    <posy>0</posy>
    <width>800</width>
	  <height>28</height>
    <aligny>center</aligny>
    <font>Font_OSDOptions</font>
    <textcolor>FFf5f5f5</textcolor>
    <focusedcolor>FFf5f5f5</focusedcolor>
    <selectedcolor>FFDAA520</selectedcolor>
    <textoffsetx>50</textoffsetx>
    <info>ListItem.Label</info>
  </control>
  </itemlayout>
  <focusedlayout height="28">
    <control type="image">
    <posx>0</posx>
    <posy>0</posy>
    <width>854.5</width>
    <height>28</height>
    <texture>settings_button_focus.png</texture>
    <pulseonselect>true</pulseonselect>
    <visible>Control.HasFocus(2)</visible>
  </control>
  <control type="label">
    <posx>0</posx>
    <posy>0</posy>
    <width>800</width>
	  <height>28</height>
    <aligny>center</aligny>
    <font>Font_OSDOptions</font>
    <textcolor>d0000000</textcolor>
    <focusedcolor>FFf5f5f5</focusedcolor>
    <selectedcolor>FFDAA520</selectedcolor>
    <textoffsetx>50</textoffsetx>
    <info>ListItem.Label</info>
    <visible>Control.HasFocus(2)</visible>
  </control>
  <control type="label">
    <posx>0</posx>
    <posy>0</posy>
    <width>800</width>
	  <height>28</height>
    <aligny>center</aligny>
    <font>Font_OSDOptions</font>
    <textcolor>FFf5f5f5</textcolor>
    <selectedcolor>FFDAA520</selectedcolor>
    <textoffsetx>50</textoffsetx>
    <info>ListItem.Label</info>
    <visible>!Control.HasFocus(2)</visible>
  </control>
  </focusedlayout>
  </control>
  <!-- ScrollBar -->
  <control type="scrollbar" id="60">
    <include>ScrollBar_Vertical</include>
    <posx>215</posx>
    <posy>140</posy>
    <height>318</height>
    <onleft>2</onleft>
    <onright>2</onright>
    <ondown>60</ondown>
    <onup>60</onup>
    <visible allowhiddenfocus="true">Control.HasFocus(60)</visible>
  </control>
  <control type="label">
    <description>No Presets Label</description>
    <posx>590</posx>
    <posy>470</posy>
    <width>721</width>
    <height>40</height>
    <align>center</align>
    <aligny>center</aligny>
    <textcolor>FFf5f5f5</textcolor>
    <font>Font_OSDOptions</font>
    <label>([COLOR=$VAR[value_headercolors]]$INFO[Container(2).NumItems][/COLOR]) $LOCALIZE[31210] - $LOCALIZE[31757] ([COLOR=$VAR[value_headercolors]]$INFO[Container(2).CurrentPage]/$INFO[Container(2).NumPages][/COLOR])</label>
  </control>
  <control type="image">
    <description>front glass</description>
    <posx>222</posx>
    <posy>0</posy>
    <width>869</width>
    <height>550</height>
    <texture>dialogs_setcontent_front.png</texture>
  </control>
  <control type="image">
    <description>front glass</description>
    <posx>190</posx>
    <posy>0</posy>
    <width>869</width>
    <height>550</height>
    <texture flipx="true">dialogs_setcontent_front.png</texture>
  </control>
  </control>
	</controls>
</window>