﻿<?xml version="1.0" encoding="UTF-8" standalone="yes"?>
<addon id="repository.sportscenter.xbmc" name="sportcenter repository" version="1.0.0" provider-name="enen92">
	<extension point="xbmc.addon.repository" name="sportscenter Repository">
		<info compressed="false">http://kodisportscenter.googlecode.com/svn/trunk/addons.xml</info>
		<checksum>http://kodisportscenter.googlecode.com/svn/trunk/addons.xml.md5</checksum>
		<datadir zip="true">http://kodisportscenter.googlecode.com/svn/trunk</datadir>
	</extension>
	<extension point="xbmc.addon.metadata">
		<summary>sportscenter repository</summary>
   		<description lang="en">temporary repository for sportscenter</description>
		<disclaimer></disclaimer>
		<platform>all</platform>
	</extension>
</addon>
